"fecha","rend_pe_10a","DGS1","DGS2","DGS3","DGS5","DGS7","DGS10","DGS20","DGS30","spread_pb"
2018-01-03,5.13,1.81,1.94,2.02,2.25,2.37,2.44,2.62,2.78,269
2018-01-04,4.98,1.82,1.96,2.05,2.27,2.38,2.46,2.62,2.79,252
2018-01-05,4.92,1.8,1.96,2.06,2.29,2.4,2.47,2.64,2.81,245
2018-01-08,4.97,1.79,1.96,2.07,2.29,2.41,2.49,2.65,2.81,248
2018-01-09,5.01,1.78,1.98,2.09,2.33,2.46,2.55,2.72,2.88,246
2018-01-10,5.04,1.78,1.98,2.08,2.32,2.47,2.55,2.73,2.88,249
2018-01-11,4.94,1.77,1.98,2.09,2.32,2.46,2.54,2.72,2.91,240
2018-01-12,4.81,1.78,1.99,2.12,2.35,2.48,2.55,2.71,2.85,226
2018-01-16,4.7,1.79,2.03,2.12,2.36,2.48,2.54,2.69,2.83,216
2018-01-17,4.75,1.79,2.05,2.15,2.39,2.51,2.57,2.71,2.84,218
2018-01-18,4.72,1.79,2.05,2.17,2.43,2.55,2.62,2.77,2.9,210
2018-01-19,4.71,1.79,2.06,2.2,2.45,2.57,2.64,2.78,2.91,207
2018-01-22,4.74,1.79,2.08,2.21,2.46,2.59,2.66,2.79,2.93,208
2018-01-23,4.73,1.78,2.06,2.18,2.43,2.55,2.63,2.77,2.9,210
2018-01-24,4.72,1.79,2.08,2.2,2.43,2.57,2.65,2.8,2.93,207
2018-01-25,4.71,1.8,2.08,2.2,2.41,2.55,2.63,2.76,2.89,208
2018-01-26,4.72,1.8,2.13,2.24,2.47,2.6,2.66,2.79,2.91,206
2018-01-29,4.74,1.8,2.11,2.26,2.49,2.63,2.7,2.82,2.94,204
2018-01-30,4.72,1.88,2.13,2.27,2.51,2.65,2.73,2.86,2.98,199
2018-01-31,4.7,1.9,2.14,2.29,2.52,2.66,2.72,2.83,2.95,198
2018-02-01,4.67,1.89,2.16,2.33,2.56,2.72,2.78,2.9,3.01,189
2018-02-02,4.68,1.88,2.15,2.33,2.58,2.76,2.84,2.97,3.08,184
2018-02-05,4.7,1.85,2.08,2.25,2.5,2.68,2.77,2.92,3.04,193
2018-02-06,4.72,1.87,2.1,2.3,2.52,2.7,2.79,2.94,3.06,193
2018-02-07,4.71,1.91,2.15,2.33,2.57,2.75,2.84,3.01,3.12,187
2018-02-08,4.75,1.91,2.13,2.32,2.57,2.76,2.85,3.03,3.14,190
2018-02-09,4.82,1.89,2.05,2.26,2.52,2.72,2.83,3.02,3.14,199
2018-02-12,4.8,1.93,2.09,2.3,2.56,2.77,2.86,3.02,3.14,194
2018-02-13,4.8,1.95,2.1,2.3,2.54,2.74,2.83,2.99,3.11,197
2018-02-14,4.8,1.98,2.17,2.4,2.65,2.84,2.91,3.07,3.18,189
2018-02-15,4.81,1.99,2.19,2.4,2.65,2.83,2.9,3.04,3.15,191
2018-02-16,4.81,2,2.21,2.38,2.63,2.81,2.87,3.02,3.13,194
2018-02-20,4.85,2.01,2.25,2.4,2.65,2.81,2.88,3.04,3.15,197
2018-02-21,4.84,2.03,2.26,2.44,2.69,2.86,2.94,3.11,3.22,190
2018-02-22,4.86,2.02,2.25,2.42,2.66,2.84,2.92,3.09,3.21,194
2018-02-23,4.86,2.02,2.25,2.39,2.62,2.79,2.88,3.04,3.16,198
2018-02-26,4.87,2.03,2.22,2.37,2.6,2.77,2.86,3.03,3.15,201
2018-02-27,4.84,2.08,2.27,2.43,2.67,2.83,2.9,3.06,3.17,194
2018-02-28,4.83,2.07,2.25,2.42,2.65,2.8,2.87,3.02,3.13,196
2018-03-01,4.81,2.05,2.22,2.36,2.58,2.74,2.81,2.97,3.09,200
2018-03-02,4.8,2.06,2.25,2.4,2.63,2.79,2.86,3.02,3.14,194
2018-03-05,4.79,2.06,2.24,2.41,2.65,2.81,2.88,3.04,3.16,191
2018-03-06,4.78,2.06,2.25,2.42,2.65,2.81,2.88,3.03,3.14,190
2018-03-07,4.8,2.05,2.25,2.42,2.65,2.81,2.89,3.04,3.15,191
2018-03-08,4.8,2.05,2.25,2.42,2.63,2.79,2.86,3.01,3.13,194
2018-03-09,4.8,2.03,2.27,2.45,2.65,2.82,2.9,3.04,3.16,190
2018-03-12,4.84,2.05,2.27,2.43,2.64,2.79,2.87,3,3.13,197
2018-03-13,4.89,2.03,2.26,2.41,2.62,2.77,2.84,2.98,3.1,205
2018-03-14,4.86,2.05,2.26,2.41,2.61,2.75,2.81,2.94,3.05,205
2018-03-15,4.92,2.07,2.29,2.42,2.62,2.76,2.82,2.94,3.05,210
2018-03-16,4.98,2.08,2.31,2.44,2.65,2.78,2.85,2.96,3.08,213
2018-03-19,4.96,2.08,2.31,2.45,2.65,2.78,2.85,2.97,3.09,211
2018-03-20,4.9,2.08,2.34,2.49,2.69,2.82,2.89,3.01,3.12,201
2018-03-21,4.89,2.06,2.31,2.46,2.69,2.82,2.89,3.01,3.12,200
2018-03-22,4.79,2.05,2.29,2.43,2.63,2.76,2.83,2.94,3.06,196
2018-03-23,4.81,2.04,2.28,2.41,2.61,2.74,2.82,2.94,3.06,199
2018-03-26,4.84,2.06,2.33,2.44,2.64,2.78,2.85,2.96,3.08,199
2018-03-27,4.83,2.1,2.26,2.39,2.58,2.7,2.78,2.9,3.03,205
2018-03-28,4.81,2.12,2.28,2.41,2.59,2.72,2.77,2.89,3.01,204
2018-04-02,4.83,2.08,2.25,2.37,2.55,2.67,2.73,2.85,2.97,210
2018-04-03,4.82,2.09,2.28,2.41,2.6,2.73,2.79,2.9,3.02,203
2018-04-04,4.83,2.07,2.28,2.42,2.61,2.73,2.79,2.91,3.03,204
2018-04-05,4.82,2.07,2.3,2.45,2.64,2.76,2.83,2.95,3.07,199
2018-04-06,4.884,2.06,2.27,2.4,2.58,2.7,2.77,2.89,3.01,211.4
2018-04-09,4.91,2.08,2.29,2.43,2.6,2.72,2.78,2.89,3.02,213
2018-04-10,4.93,2.09,2.32,2.45,2.62,2.74,2.8,2.89,3.02,213
2018-04-11,4.98,2.09,2.32,2.45,2.62,2.72,2.79,2.87,2.99,219
2018-04-12,4.98,2.11,2.34,2.49,2.67,2.78,2.83,2.92,3.05,215
2018-04-16,5.01,2.12,2.39,2.52,2.69,2.78,2.83,2.91,3.03,218
2018-04-17,5.05,2.16,2.41,2.52,2.68,2.77,2.82,2.89,3,223
2018-04-18,5.15,2.17,2.42,2.57,2.73,2.83,2.87,2.95,3.06,228
2018-04-19,5.07,2.21,2.44,2.58,2.77,2.87,2.92,3.01,3.11,215
2018-04-20,5.07,2.22,2.46,2.62,2.8,2.91,2.96,3.04,3.14,211
2018-04-23,5.1,2.25,2.49,2.64,2.83,2.94,2.98,3.05,3.15,212
2018-04-24,5.17,2.25,2.48,2.63,2.83,2.95,3,3.08,3.18,217
2018-04-25,5.23,2.26,2.49,2.64,2.84,2.97,3.03,3.12,3.21,220
2018-04-26,5.23,2.25,2.49,2.63,2.82,2.95,3,3.08,3.18,223
2018-04-27,5.22,2.24,2.49,2.62,2.8,2.92,2.96,3.03,3.13,226
2018-04-30,5.2,2.24,2.49,2.62,2.79,2.91,2.95,3.01,3.11,225
2018-05-02,5.21,2.24,2.49,2.64,2.8,2.92,2.97,3.04,3.14,224
2018-05-03,5.22,2.24,2.49,2.62,2.78,2.9,2.94,3.02,3.12,228
2018-05-04,5.25,2.24,2.51,2.63,2.78,2.9,2.95,3.02,3.12,230
2018-05-07,5.29,2.25,2.49,2.64,2.78,2.9,2.95,3.02,3.12,234
2018-05-08,5.35,2.26,2.51,2.66,2.81,2.93,2.97,3.04,3.13,238
2018-05-09,5.38,2.27,2.54,2.68,2.84,2.96,3,3.07,3.16,238
2018-05-10,5.31,2.27,2.54,2.69,2.83,2.94,2.97,3.04,3.12,234
2018-05-11,5.27,2.28,2.54,2.69,2.84,2.94,2.97,3.03,3.1,230
2018-05-14,5.24,2.28,2.55,2.7,2.85,2.96,3,3.06,3.13,224
2018-05-15,5.32,2.31,2.58,2.75,2.92,3.04,3.08,3.14,3.2,224
2018-05-16,5.36,2.32,2.58,2.76,2.94,3.05,3.09,3.16,3.21,227
2018-05-17,5.51,2.32,2.57,2.75,2.94,3.07,3.11,3.19,3.25,240
2018-05-18,5.63,2.32,2.55,2.71,2.9,3.02,3.06,3.14,3.2,257
2018-05-21,5.79,2.35,2.58,2.73,2.9,3.02,3.06,3.13,3.2,273
2018-05-22,5.72,2.34,2.59,2.73,2.9,3.02,3.06,3.14,3.21,266
2018-05-23,5.67,2.29,2.53,2.67,2.83,2.95,3.01,3.09,3.17,266
2018-05-24,5.63,2.28,2.5,2.65,2.82,2.93,2.98,3.06,3.13,265
2018-05-25,5.64,2.27,2.48,2.6,2.76,2.88,2.93,3.01,3.09,271
2018-05-29,5.67,2.17,2.32,2.43,2.58,2.71,2.77,2.87,2.96,290
2018-05-30,5.65,2.23,2.42,2.53,2.67,2.79,2.84,2.93,3.01,281
2018-05-31,5.65,2.23,2.4,2.54,2.68,2.78,2.83,2.91,3,282
2018-06-01,5.69,2.28,2.47,2.61,2.74,2.85,2.89,2.96,3.04,280
2018-06-04,5.66,2.3,2.52,2.64,2.78,2.89,2.94,3,3.08,272
2018-06-05,5.64,2.32,2.49,2.62,2.76,2.87,2.92,2.99,3.07,272
2018-06-06,5.6,2.32,2.52,2.65,2.81,2.93,2.97,3.05,3.13,263
2018-06-07,5.63,2.31,2.5,2.63,2.77,2.88,2.93,3,3.08,270
2018-06-08,5.64,2.3,2.5,2.63,2.77,2.88,2.93,3,3.08,271
2018-06-11,5.62,2.32,2.52,2.66,2.8,2.91,2.96,3.02,3.1,266
2018-06-12,5.65,2.31,2.54,2.67,2.81,2.91,2.96,3.02,3.09,269
2018-06-13,5.65,2.35,2.59,2.71,2.85,2.95,2.98,3.04,3.1,267
2018-06-14,5.65,2.35,2.59,2.69,2.81,2.9,2.94,2.99,3.05,271
2018-06-15,5.72,2.35,2.55,2.68,2.81,2.89,2.93,2.98,3.05,279
2018-06-18,5.76,2.35,2.56,2.67,2.8,2.89,2.92,2.98,3.05,284
2018-06-19,5.74,2.34,2.54,2.64,2.77,2.84,2.89,2.95,3.02,285
2018-06-20,5.75,2.36,2.56,2.67,2.8,2.89,2.93,2.99,3.06,282
2018-06-21,5.71,2.34,2.56,2.65,2.77,2.86,2.9,2.97,3.04,281
2018-06-22,5.68,2.33,2.56,2.65,2.77,2.86,2.9,2.97,3.04,278
2018-06-25,5.68,2.34,2.54,2.63,2.75,2.83,2.87,2.95,3.02,281
2018-06-26,5.64,2.33,2.53,2.63,2.75,2.84,2.88,2.95,3.03,276
2018-06-27,5.58,2.33,2.52,2.59,2.71,2.79,2.83,2.9,2.97,275
2018-06-28,5.562,2.33,2.52,2.6,2.73,2.81,2.84,2.91,2.97,272.2
2018-07-02,5.58,2.34,2.57,2.65,2.75,2.83,2.87,2.92,2.99,271
2018-07-03,5.54,2.33,2.53,2.63,2.72,2.79,2.83,2.89,2.96,271
2018-07-05,5.54,2.32,2.55,2.65,2.74,2.8,2.84,2.88,2.95,270
2018-07-06,5.525,2.34,2.53,2.64,2.71,2.78,2.82,2.87,2.94,270.5
2018-07-09,5.47,2.34,2.57,2.66,2.75,2.82,2.86,2.9,2.96,261
2018-07-10,5.44,2.36,2.59,2.69,2.77,2.83,2.87,2.91,2.97,257
2018-07-11,5.47,2.36,2.58,2.67,2.74,2.82,2.85,2.89,2.95,262
2018-07-12,5.48,2.39,2.6,2.68,2.75,2.83,2.85,2.89,2.95,263
2018-07-13,5.46,2.37,2.59,2.66,2.73,2.8,2.83,2.87,2.94,263
2018-07-16,5.47,2.39,2.59,2.67,2.75,2.82,2.85,2.9,2.96,262
2018-07-17,5.47,2.39,2.62,2.69,2.76,2.83,2.86,2.91,2.97,261
2018-07-18,5.46,2.43,2.6,2.69,2.77,2.84,2.88,2.93,2.99,258
2018-07-19,5.5,2.4,2.6,2.67,2.74,2.81,2.84,2.9,2.96,266
2018-07-20,5.51,2.41,2.6,2.68,2.77,2.85,2.89,2.96,3.03,262
2018-07-23,5.51,2.42,2.64,2.72,2.83,2.92,2.96,3.04,3.1,255
2018-07-24,5.48,2.42,2.63,2.74,2.83,2.91,2.95,3.02,3.08,253
2018-07-25,5.44,2.42,2.66,2.74,2.82,2.9,2.94,3,3.06,250
2018-07-26,5.43,2.41,2.69,2.78,2.86,2.95,2.98,3.05,3.1,245
2018-07-30,5.43,2.43,2.66,2.77,2.85,2.94,2.98,3.05,3.11,245
2018-07-31,5.43,2.44,2.67,2.77,2.85,2.92,2.96,3.03,3.08,247
2018-08-01,5.42,2.45,2.67,2.78,2.87,2.96,3,3.07,3.13,242
2018-08-02,5.39,2.45,2.66,2.76,2.85,2.93,2.98,3.06,3.12,241
2018-08-03,5.35,2.43,2.63,2.74,2.82,2.91,2.95,3.03,3.09,240
2018-08-06,5.34,2.44,2.64,2.73,2.8,2.89,2.94,3.02,3.08,240
2018-08-07,5.36,2.45,2.68,2.76,2.84,2.92,2.98,3.06,3.12,238
2018-08-08,5.37,2.44,2.68,2.77,2.83,2.92,2.96,3.05,3.12,241
2018-08-09,5.38,2.44,2.64,2.74,2.8,2.89,2.93,3.01,3.08,245
2018-08-10,5.4,2.42,2.61,2.68,2.75,2.82,2.87,2.96,3.03,253
2018-08-13,5.43,2.42,2.61,2.68,2.75,2.82,2.88,2.97,3.05,255
2018-08-14,5.43,2.44,2.63,2.71,2.77,2.84,2.89,2.98,3.06,254
2018-08-15,5.48,2.45,2.61,2.68,2.73,2.81,2.86,2.95,3.03,262
2018-08-16,5.49,2.45,2.63,2.7,2.75,2.82,2.87,2.95,3.03,262
2018-08-17,5.54,2.44,2.61,2.68,2.75,2.82,2.87,2.95,3.03,267
2018-08-20,5.5,2.43,2.6,2.65,2.7,2.77,2.82,2.91,2.99,268
2018-08-21,5.47,2.45,2.61,2.67,2.73,2.8,2.85,2.93,3,262
2018-08-22,5.43,2.43,2.6,2.65,2.7,2.77,2.82,2.91,2.99,261
2018-08-23,5.44,2.43,2.61,2.66,2.72,2.78,2.82,2.9,2.97,262
2018-08-24,5.42,2.44,2.63,2.68,2.72,2.78,2.82,2.89,2.97,260
2018-08-27,5.41,2.47,2.67,2.7,2.74,2.81,2.85,2.92,3,256
2018-08-28,5.43,2.47,2.67,2.73,2.77,2.84,2.88,2.96,3.03,255
2018-08-29,5.45,2.48,2.67,2.75,2.78,2.85,2.89,2.96,3.02,256
2018-09-04,5.44,2.49,2.66,2.73,2.78,2.85,2.9,2.99,3.07,254
2018-09-05,5.42,2.49,2.66,2.72,2.77,2.85,2.9,3,3.08,252
2018-09-06,5.46,2.5,2.64,2.71,2.76,2.83,2.88,2.98,3.06,258
2018-09-07,5.48,2.53,2.71,2.78,2.82,2.89,2.94,3.03,3.11,254
2018-09-10,5.48,2.54,2.73,2.78,2.83,2.89,2.94,3.02,3.09,254
2018-09-11,5.5,2.55,2.76,2.83,2.87,2.94,2.98,3.06,3.13,252
2018-09-12,5.5,2.56,2.74,2.82,2.87,2.93,2.97,3.04,3.11,253
2018-09-13,5.5,2.55,2.76,2.83,2.87,2.93,2.97,3.04,3.11,253
2018-09-14,5.48,2.56,2.78,2.85,2.9,2.96,2.99,3.07,3.13,249
2018-09-17,5.5,2.57,2.78,2.85,2.89,2.96,2.99,3.07,3.13,251
2018-09-18,5.51,2.58,2.81,2.88,2.94,3.01,3.05,3.14,3.2,246
2018-09-19,5.51,2.58,2.81,2.89,2.96,3.04,3.08,3.16,3.23,243
2018-09-20,5.54,2.58,2.81,2.89,2.96,3.03,3.07,3.15,3.21,247
2018-09-21,5.55,2.58,2.81,2.89,2.95,3.03,3.07,3.14,3.2,248
2018-09-24,5.6,2.6,2.83,2.89,2.96,3.04,3.08,3.15,3.21,252
2018-09-25,5.62,2.59,2.83,2.91,2.99,3.06,3.1,3.17,3.23,252
2018-09-26,5.62,2.58,2.83,2.89,2.96,3.02,3.06,3.14,3.19,256
2018-09-27,5.61,2.58,2.83,2.89,2.96,3.02,3.06,3.13,3.19,255
2018-09-28,5.6,2.59,2.81,2.88,2.94,3.01,3.05,3.13,3.19,255
2018-10-01,5.58,2.6,2.82,2.9,2.96,3.04,3.09,3.18,3.24,249
2018-10-02,5.57,2.61,2.82,2.88,2.94,3.01,3.05,3.14,3.2,252
2018-10-03,5.62,2.62,2.85,2.94,3.02,3.1,3.15,3.24,3.3,247
2018-10-04,5.68,2.63,2.87,2.97,3.05,3.14,3.19,3.29,3.35,249
2018-10-05,5.68,2.64,2.88,2.99,3.07,3.18,3.23,3.34,3.4,245
2018-10-09,5.67,2.65,2.88,2.98,3.05,3.15,3.21,3.3,3.37,246
2018-10-10,5.7,2.67,2.88,2.97,3.05,3.15,3.22,3.33,3.39,248
2018-10-11,5.73,2.66,2.85,2.94,3,3.09,3.14,3.25,3.32,259
2018-10-12,5.75,2.66,2.85,2.93,3,3.09,3.15,3.25,3.32,260
2018-10-15,5.76,2.67,2.85,2.94,3.01,3.1,3.16,3.27,3.34,260
2018-10-16,5.7,2.66,2.87,2.95,3.02,3.1,3.16,3.26,3.32,254
2018-10-17,5.7,2.66,2.89,2.97,3.04,3.13,3.19,3.29,3.35,251
2018-10-18,5.74,2.67,2.87,2.95,3.03,3.11,3.17,3.28,3.36,257
2018-10-19,5.72,2.67,2.92,2.99,3.05,3.14,3.2,3.31,3.38,252
2018-10-22,5.74,2.68,2.92,2.99,3.05,3.13,3.2,3.31,3.38,254
2018-10-23,5.77,2.67,2.89,2.95,3.01,3.1,3.17,3.29,3.37,260
2018-10-24,5.8,2.64,2.84,2.89,2.94,3.02,3.1,3.24,3.33,270
2018-10-25,5.79,2.66,2.86,2.92,2.98,3.07,3.14,3.27,3.35,265
2018-10-26,5.78,2.63,2.81,2.85,2.91,3,3.08,3.23,3.32,270
2018-10-29,5.83,2.64,2.81,2.86,2.91,3,3.08,3.23,3.33,275
2018-10-30,5.9,2.66,2.84,2.9,2.94,3.03,3.12,3.26,3.36,278
2018-10-31,5.89,2.69,2.87,2.93,2.98,3.07,3.15,3.3,3.39,274
2018-11-05,5.83,2.71,2.91,2.99,3.03,3.12,3.2,3.34,3.43,263
2018-11-06,5.81,2.72,2.93,3.01,3.05,3.14,3.22,3.35,3.43,259
2018-11-07,5.78,2.74,2.96,3.03,3.07,3.15,3.22,3.35,3.43,256
2018-11-08,5.78,2.74,2.98,3.05,3.09,3.17,3.24,3.36,3.43,254
2018-11-09,5.78,2.73,2.94,3.01,3.05,3.13,3.19,3.32,3.4,259
2018-11-13,5.82,2.72,2.89,2.95,2.99,3.07,3.14,3.28,3.36,268
2018-11-14,5.8,2.71,2.86,2.92,2.95,3.04,3.12,3.26,3.35,268
2018-11-15,5.79,2.7,2.86,2.91,2.94,3.02,3.11,3.27,3.36,268
2018-11-16,5.76,2.68,2.81,2.85,2.9,2.99,3.08,3.23,3.33,268
2018-11-19,5.72,2.66,2.79,2.82,2.87,2.97,3.06,3.22,3.32,266
2018-11-20,5.72,2.67,2.79,2.83,2.88,2.97,3.06,3.22,3.31,266
2018-11-21,5.66,2.67,2.81,2.84,2.89,2.98,3.06,3.22,3.31,260
2018-11-23,5.62,2.67,2.81,2.83,2.88,2.97,3.05,3.21,3.31,257
2018-11-26,5.64,2.7,2.84,2.86,2.9,2.98,3.07,3.22,3.32,257
2018-11-27,5.63,2.7,2.83,2.86,2.89,2.98,3.06,3.22,3.32,257
2018-11-28,5.6,2.69,2.81,2.84,2.87,2.97,3.06,3.23,3.34,254
2018-11-29,5.69,2.69,2.81,2.83,2.85,2.94,3.03,3.21,3.33,266
2018-11-30,5.67,2.7,2.8,2.83,2.84,2.92,3.01,3.19,3.3,266
2018-12-03,5.67,2.72,2.83,2.84,2.83,2.9,2.98,3.15,3.27,269
2018-12-04,5.75,2.71,2.8,2.81,2.79,2.84,2.91,3.05,3.16,284
2018-12-06,5.75,2.7,2.75,2.76,2.75,2.8,2.87,3.01,3.14,288
2018-12-07,5.78,2.68,2.72,2.72,2.7,2.77,2.85,3.01,3.14,293
2018-12-10,5.84,2.69,2.72,2.73,2.71,2.77,2.85,3,3.13,299
2018-12-11,5.83,2.7,2.78,2.78,2.75,2.81,2.89,3.02,3.13,294
2018-12-12,5.823,2.7,2.77,2.78,2.77,2.84,2.91,3.04,3.15,291.3
2018-12-13,5.848,2.69,2.75,2.76,2.75,2.83,2.91,3.05,3.16,293.8
2018-12-14,5.838,2.68,2.73,2.72,2.73,2.81,2.89,3.03,3.14,294.8
2018-12-17,5.79,2.66,2.7,2.68,2.69,2.77,2.86,3,3.11,293
2018-12-18,5.76,2.64,2.65,2.64,2.65,2.74,2.82,2.96,3.07,294
2018-12-19,5.77,2.62,2.63,2.61,2.62,2.69,2.77,2.89,3,300
2018-12-20,5.71,2.64,2.67,2.65,2.65,2.72,2.79,2.92,3.02,292
2018-12-21,5.69,2.62,2.63,2.61,2.64,2.72,2.79,2.92,3.03,290
2018-12-26,5.66,2.61,2.61,2.6,2.67,2.74,2.81,2.94,3.06,285
2018-12-27,5.62,2.58,2.56,2.55,2.6,2.68,2.77,2.92,3.05,285
2018-12-28,5.65,2.57,2.52,2.5,2.56,2.63,2.72,2.89,3.04,293
2018-12-31,5.61,2.63,2.48,2.46,2.51,2.59,2.69,2.87,3.02,292
2019-01-02,5.62,2.6,2.5,2.47,2.49,2.56,2.66,2.83,2.97,296
2019-01-03,5.62,2.5,2.39,2.35,2.37,2.44,2.56,2.75,2.92,306
2019-01-04,5.61,2.57,2.5,2.47,2.49,2.56,2.67,2.83,2.98,294
2019-01-07,5.61,2.58,2.53,2.51,2.53,2.6,2.7,2.86,2.99,291
2019-01-08,5.6,2.6,2.58,2.57,2.58,2.63,2.73,2.88,3,287
2019-01-09,5.56,2.59,2.56,2.54,2.57,2.64,2.74,2.9,3.03,282
2019-01-10,5.55,2.59,2.56,2.54,2.56,2.63,2.74,2.92,3.06,281
2019-01-11,5.55,2.58,2.55,2.51,2.52,2.6,2.71,2.9,3.04,284
2019-01-14,5.57,2.57,2.53,2.51,2.53,2.6,2.71,2.91,3.06,286
2019-01-15,5.57,2.57,2.53,2.51,2.53,2.61,2.72,2.92,3.08,285
2019-01-16,5.59,2.57,2.55,2.53,2.54,2.62,2.73,2.92,3.07,286
2019-01-17,5.6,2.57,2.56,2.55,2.58,2.66,2.75,2.93,3.07,285
2019-01-18,5.57,2.6,2.62,2.6,2.62,2.7,2.79,2.95,3.09,278
2019-01-22,5.58,2.59,2.58,2.55,2.57,2.65,2.74,2.91,3.06,284
2019-01-23,5.61,2.59,2.58,2.57,2.59,2.66,2.76,2.93,3.07,285
2019-01-24,5.64,2.58,2.56,2.54,2.55,2.62,2.72,2.89,3.04,292
2019-01-25,5.6,2.6,2.6,2.58,2.59,2.66,2.76,2.92,3.06,284
2019-01-28,5.6,2.6,2.6,2.58,2.58,2.65,2.75,2.92,3.06,285
2019-01-29,5.6,2.6,2.56,2.54,2.55,2.61,2.72,2.9,3.04,288
2019-01-30,5.62,2.57,2.52,2.49,2.49,2.58,2.7,2.9,3.06,292
2019-01-31,5.48,2.55,2.45,2.43,2.43,2.51,2.63,2.83,2.99,285
2019-02-01,5.5,2.56,2.52,2.5,2.51,2.59,2.7,2.88,3.03,280
2019-02-04,5.49,2.57,2.53,2.52,2.53,2.62,2.73,2.92,3.06,276
2019-02-05,5.47,2.56,2.53,2.5,2.51,2.6,2.71,2.89,3.03,276
2019-02-06,5.47,2.56,2.52,2.5,2.5,2.59,2.7,2.88,3.03,277
2019-02-07,5.47,2.55,2.48,2.46,2.46,2.54,2.65,2.85,3,282
2019-02-08,5.47,2.54,2.45,2.43,2.44,2.53,2.63,2.82,2.97,284
2019-02-11,5.48,2.55,2.48,2.47,2.47,2.56,2.65,2.85,3,283
2019-02-12,5.51,2.55,2.5,2.48,2.49,2.58,2.68,2.87,3.02,283
2019-02-13,5.54,2.55,2.53,2.52,2.53,2.61,2.71,2.89,3.04,283
2019-02-14,5.54,2.53,2.5,2.48,2.48,2.56,2.66,2.85,3.01,288
2019-02-15,5.51,2.55,2.52,2.5,2.49,2.57,2.66,2.84,3,285
2019-02-19,5.5,2.54,2.5,2.47,2.47,2.55,2.65,2.84,2.99,285
2019-02-20,5.5,2.54,2.5,2.47,2.47,2.55,2.65,2.84,3,285
2019-02-21,5.52,2.55,2.53,2.49,2.51,2.59,2.69,2.89,3.05,283
2019-02-22,5.48,2.55,2.48,2.46,2.47,2.55,2.65,2.86,3.02,283
2019-02-25,5.48,2.56,2.51,2.48,2.48,2.57,2.67,2.87,3.03,281
2019-02-26,5.5,2.55,2.48,2.44,2.45,2.54,2.64,2.84,3.01,286
2019-02-27,5.48,2.54,2.5,2.48,2.49,2.59,2.69,2.91,3.07,279
2019-02-28,5.48,2.54,2.52,2.5,2.52,2.63,2.73,2.94,3.09,275
2019-03-01,5.49,2.55,2.55,2.54,2.56,2.67,2.76,2.97,3.13,273
2019-03-04,5.47,2.54,2.55,2.52,2.53,2.63,2.72,2.93,3.09,275
2019-03-05,5.46,2.54,2.55,2.52,2.53,2.63,2.72,2.93,3.08,274
2019-03-06,5.46,2.54,2.52,2.49,2.49,2.59,2.69,2.9,3.06,277
2019-03-07,5.43,2.52,2.47,2.44,2.44,2.54,2.64,2.86,3.03,279
2019-03-08,5.41,2.53,2.45,2.43,2.42,2.51,2.62,2.83,3,279
2019-03-11,5.39,2.53,2.47,2.45,2.44,2.53,2.64,2.86,3.03,275
2019-03-12,5.3,2.52,2.45,2.41,2.41,2.5,2.61,2.82,3,269
2019-03-13,5.29,2.53,2.45,2.41,2.42,2.51,2.61,2.82,3.02,268
2019-03-14,5.26,2.52,2.46,2.42,2.43,2.53,2.63,2.86,3.04,263
2019-03-15,5.2,2.52,2.43,2.39,2.4,2.49,2.59,2.83,3.02,261
2019-03-18,5.24,2.52,2.45,2.41,2.42,2.51,2.6,2.83,3.01,264
2019-03-19,5.25,2.5,2.46,2.42,2.42,2.51,2.61,2.84,3.02,264
2019-03-20,5.26,2.47,2.4,2.34,2.34,2.44,2.54,2.79,2.98,272
2019-03-21,5.16,2.48,2.41,2.34,2.34,2.44,2.54,2.78,2.96,262
2019-03-22,5.19,2.45,2.31,2.24,2.24,2.34,2.44,2.69,2.88,275
2019-03-25,5.18,2.41,2.26,2.19,2.21,2.32,2.43,2.68,2.87,275
2019-03-26,5.19,2.44,2.24,2.18,2.18,2.29,2.41,2.67,2.86,278
2019-03-27,5.174,2.4,2.22,2.16,2.18,2.28,2.39,2.63,2.83,278.4
2019-03-28,5.24,2.4,2.23,2.18,2.2,2.29,2.39,2.62,2.81,285
2019-03-29,5.24,2.4,2.27,2.21,2.23,2.31,2.41,2.63,2.81,283
2019-04-01,5.21,2.41,2.33,2.29,2.31,2.4,2.49,2.71,2.89,272
2019-04-02,5.21,2.41,2.3,2.26,2.28,2.38,2.48,2.7,2.88,273
2019-04-03,5.2,2.41,2.33,2.29,2.32,2.42,2.52,2.75,2.93,268
2019-04-04,5.18,2.41,2.33,2.29,2.32,2.41,2.51,2.74,2.92,267
2019-04-05,5.18,2.43,2.35,2.3,2.31,2.4,2.5,2.72,2.91,268
2019-04-08,5.17,2.43,2.36,2.31,2.33,2.42,2.52,2.74,2.93,265
2019-04-09,5.176,2.42,2.35,2.31,2.31,2.4,2.51,2.73,2.92,266.6
2019-04-10,5.177,2.41,2.31,2.27,2.28,2.37,2.48,2.71,2.9,269.7
2019-04-11,5.203,2.44,2.35,2.3,2.31,2.4,2.51,2.74,2.94,269.3
2019-04-12,5.27,2.44,2.4,2.36,2.38,2.47,2.56,2.78,2.97,271
2019-04-15,5.26,2.43,2.4,2.36,2.37,2.46,2.55,2.77,2.96,271
2019-04-16,5.29,2.45,2.41,2.38,2.41,2.5,2.6,2.81,2.99,269
2019-04-17,5.27,2.44,2.4,2.37,2.4,2.49,2.59,2.81,2.99,268
2019-04-22,5.26,2.46,2.38,2.36,2.39,2.49,2.59,2.82,2.99,267
2019-04-23,5.22,2.43,2.36,2.34,2.36,2.46,2.57,2.81,2.98,265
2019-04-24,5.26,2.42,2.32,2.28,2.32,2.41,2.53,2.76,2.94,273
2019-04-25,5.26,2.42,2.33,2.29,2.33,2.42,2.54,2.76,2.94,272
2019-04-26,5.21,2.41,2.28,2.25,2.29,2.39,2.51,2.74,2.92,270
2019-04-29,5.17,2.42,2.3,2.27,2.32,2.42,2.54,2.78,2.96,263
2019-04-30,5.14,2.39,2.27,2.24,2.28,2.39,2.51,2.75,2.93,263
2019-05-02,5.18,2.41,2.35,2.32,2.34,2.44,2.55,2.77,2.94,263
2019-05-03,5.16,2.41,2.33,2.3,2.33,2.43,2.54,2.75,2.93,262
2019-05-06,5.18,2.39,2.31,2.27,2.3,2.4,2.51,2.73,2.91,267
2019-05-07,5.21,2.37,2.28,2.24,2.25,2.35,2.45,2.68,2.86,276
2019-05-08,5.21,2.37,2.3,2.26,2.28,2.38,2.49,2.71,2.89,272
2019-05-09,5.24,2.36,2.26,2.22,2.25,2.34,2.45,2.69,2.87,279
2019-05-10,5.2,2.36,2.26,2.23,2.26,2.37,2.47,2.7,2.89,273
2019-05-13,5.23,2.32,2.18,2.15,2.18,2.28,2.4,2.65,2.83,283
2019-05-14,5.19,2.32,2.2,2.17,2.2,2.3,2.42,2.67,2.86,277
2019-05-15,5.16,2.3,2.16,2.12,2.15,2.25,2.37,2.63,2.82,279
2019-05-16,5.16,2.33,2.2,2.15,2.18,2.28,2.4,2.65,2.84,276
2019-05-17,5.15,2.33,2.2,2.15,2.17,2.27,2.39,2.63,2.82,276
2019-05-20,5.13,2.34,2.21,2.17,2.21,2.3,2.41,2.65,2.83,272
2019-05-21,5.1147,2.36,2.26,2.2,2.23,2.33,2.43,2.67,2.84,268.47
2019-05-22,5.126,2.37,2.23,2.17,2.19,2.28,2.39,2.64,2.82,273.6
2019-05-23,5.1109,2.32,2.12,2.08,2.11,2.2,2.31,2.56,2.75,280.09
2019-05-24,5.0727,2.33,2.16,2.1,2.12,2.22,2.32,2.57,2.75,275.27
2019-05-28,5.0177,2.31,2.12,2.06,2.06,2.16,2.26,2.52,2.7,275.77
2019-05-29,5.0094,2.3,2.09,2.04,2.05,2.16,2.25,2.5,2.69,275.94
2019-05-30,5.0436,2.29,2.06,2,2.03,2.12,2.22,2.46,2.65,282.36
2019-05-31,5.053,2.21,1.95,1.9,1.93,2.03,2.14,2.39,2.58,291.3
2019-06-03,5.0715,2.11,1.82,1.79,1.83,1.95,2.07,2.34,2.53,300.15
2019-06-04,5.0259,2.11,1.88,1.84,1.89,2.01,2.12,2.41,2.6,290.59
2019-06-05,5.0599,2.04,1.83,1.81,1.86,2,2.12,2.42,2.63,293.99
2019-06-06,5.0064,2.02,1.88,1.85,1.88,2.01,2.12,2.42,2.62,288.64
2019-06-07,4.9539,1.97,1.85,1.82,1.85,1.97,2.09,2.36,2.57,286.39
2019-06-10,5.0136,2.03,1.9,1.87,1.91,2.03,2.15,2.42,2.62,286.36
2019-06-11,4.944,2.05,1.93,1.87,1.92,2.03,2.15,2.42,2.62,279.4
2019-06-12,4.8562,2.02,1.88,1.83,1.88,2,2.13,2.41,2.62,272.62
2019-06-13,4.8243,2,1.83,1.78,1.84,1.96,2.1,2.39,2.61,272.43
2019-06-14,4.7111,2,1.84,1.79,1.85,1.96,2.09,2.38,2.59,262.11
2019-06-17,4.7591,2.03,1.86,1.8,1.85,1.96,2.09,2.37,2.58,266.91
2019-06-18,4.717,2.04,1.86,1.8,1.83,1.93,2.06,2.34,2.55,265.7
2019-06-19,4.7315,1.96,1.74,1.7,1.77,1.89,2.03,2.32,2.54,270.15
2019-06-20,4.5651,1.91,1.72,1.69,1.74,1.87,2.01,2.31,2.53,255.51
2019-06-21,4.6098,1.95,1.77,1.74,1.8,1.93,2.07,2.37,2.59,253.98
2019-06-24,4.6191,1.92,1.72,1.69,1.75,1.88,2.02,2.33,2.55,259.91
2019-06-25,4.6305,1.93,1.71,1.67,1.73,1.86,2,2.31,2.53,263.05
2019-06-26,4.7199,1.96,1.77,1.74,1.8,1.92,2.05,2.35,2.57,266.99
2019-06-27,4.768,1.93,1.74,1.71,1.76,1.88,2.01,2.31,2.52,275.8
2019-06-28,4.757,1.92,1.75,1.71,1.76,1.87,2,2.31,2.52,275.7
2019-07-01,4.6586,1.94,1.78,1.74,1.79,1.9,2.03,2.34,2.55,262.86
2019-07-02,4.6212,1.91,1.77,1.71,1.75,1.85,1.98,2.29,2.51,264.12
2019-07-03,4.548,1.91,1.77,1.71,1.74,1.83,1.96,2.25,2.47,258.8
2019-07-05,4.5464,1.98,1.87,1.82,1.84,1.93,2.04,2.34,2.54,250.64
2019-07-08,4.5267,1.99,1.88,1.84,1.86,1.94,2.05,2.32,2.53,247.67
2019-07-09,4.5409,2,1.92,1.88,1.88,1.96,2.07,2.34,2.54,247.09
2019-07-10,4.5391,1.93,1.82,1.79,1.82,1.93,2.07,2.36,2.57,246.91
2019-07-11,4.5631,1.97,1.85,1.84,1.88,1.99,2.13,2.42,2.65,243.31
2019-07-12,4.5381,1.96,1.84,1.81,1.86,1.98,2.12,2.42,2.64,241.81
2019-07-15,4.459,1.95,1.83,1.8,1.84,1.96,2.09,2.39,2.61,236.9
2019-07-16,4.4361,2,1.87,1.84,1.88,2,2.13,2.42,2.63,230.61
2019-07-17,4.3717,1.95,1.83,1.8,1.83,1.94,2.06,2.35,2.57,231.17
2019-07-18,4.2933,1.9,1.77,1.74,1.78,1.89,2.04,2.34,2.56,225.33
2019-07-19,4.2351,1.94,1.8,1.77,1.8,1.91,2.05,2.35,2.57,218.51
2019-07-22,4.2479,1.95,1.8,1.77,1.8,1.92,2.05,2.36,2.58,219.79
2019-07-23,4.2804,1.97,1.83,1.79,1.83,1.94,2.08,2.38,2.61,220.04
2019-07-24,4.3298,1.98,1.83,1.79,1.82,1.93,2.05,2.36,2.58,227.98
2019-07-25,4.28,1.99,1.86,1.83,1.85,1.95,2.08,2.38,2.6,220
2019-07-26,4.2772,2,1.86,1.83,1.85,1.95,2.08,2.38,2.59,219.72
2019-07-31,4.412,2,1.89,1.84,1.84,1.92,2.02,2.31,2.53,239.2
2019-08-01,4.4122,1.88,1.73,1.67,1.68,1.77,1.9,2.21,2.44,251.22
2019-08-02,4.4359,1.85,1.72,1.67,1.66,1.75,1.86,2.16,2.39,257.59
2019-08-05,4.4829,1.78,1.59,1.55,1.55,1.63,1.75,2.07,2.3,273.29
2019-08-06,4.3771,1.8,1.6,1.54,1.53,1.62,1.73,2.03,2.25,264.71
2019-08-07,4.3376,1.75,1.59,1.51,1.52,1.6,1.71,2.01,2.22,262.76
2019-08-08,4.319,1.79,1.62,1.54,1.54,1.62,1.72,2.02,2.25,259.9
2019-08-09,4.2042,1.78,1.63,1.58,1.57,1.65,1.74,2.03,2.26,246.42
2019-08-12,4.1177,1.75,1.58,1.51,1.49,1.56,1.65,1.92,2.14,246.77
2019-08-13,4.1136,1.86,1.66,1.6,1.57,1.62,1.68,1.94,2.15,243.36
2019-08-14,4.1078,1.79,1.58,1.53,1.51,1.55,1.59,1.84,2.03,251.78
2019-08-15,4.1433,1.72,1.48,1.44,1.42,1.47,1.52,1.8,1.98,262.33
2019-08-16,4.0993,1.71,1.48,1.44,1.42,1.49,1.55,1.82,2.01,254.93
2019-08-19,4.175,1.75,1.53,1.49,1.47,1.54,1.6,1.88,2.08,257.5
2019-08-20,4.172,1.72,1.5,1.44,1.42,1.49,1.55,1.84,2.04,262.2
2019-08-21,4.173,1.77,1.56,1.5,1.47,1.54,1.59,1.87,2.07,258.3
2019-08-22,4.173,1.79,1.61,1.53,1.5,1.56,1.62,1.9,2.11,255.3
2019-08-23,4.163,1.73,1.51,1.43,1.4,1.46,1.52,1.82,2.02,264.3
2019-08-26,4.199,1.75,1.54,1.47,1.43,1.49,1.54,1.84,2.04,265.9
2019-08-27,4.196,1.77,1.53,1.43,1.4,1.44,1.49,1.77,1.97,270.6
2019-08-28,4.1781,1.74,1.5,1.42,1.37,1.42,1.47,1.76,1.94,270.81
2019-09-03,4.1641,1.72,1.47,1.38,1.35,1.42,1.47,1.77,1.95,269.41
2019-09-04,4.0927,1.69,1.43,1.36,1.32,1.4,1.47,1.77,1.97,262.27
2019-09-05,4.0808,1.73,1.55,1.47,1.43,1.51,1.57,1.86,2.06,251.08
2019-09-06,4.0455,1.73,1.53,1.46,1.42,1.5,1.55,1.83,2.02,249.55
2019-09-09,4.064,1.74,1.58,1.52,1.49,1.57,1.63,1.91,2.11,243.4
2019-09-10,4.0758,1.81,1.67,1.61,1.58,1.66,1.72,2,2.19,235.58
2019-09-11,4.0462,1.79,1.68,1.62,1.6,1.68,1.75,2.02,2.22,229.62
2019-09-12,4.0534,1.82,1.72,1.67,1.65,1.72,1.79,2.06,2.22,226.34
2019-09-13,4.0914,1.88,1.79,1.76,1.75,1.83,1.9,2.17,2.37,219.14
2019-09-16,4.1539,1.86,1.74,1.71,1.69,1.77,1.84,2.11,2.31,231.39
2019-09-17,4.1607,1.87,1.72,1.68,1.66,1.75,1.81,2.08,2.27,235.07
2019-09-18,4.1786,1.87,1.77,1.72,1.68,1.76,1.8,2.06,2.25,237.86
2019-09-19,4.215,1.88,1.74,1.68,1.66,1.73,1.79,2.04,2.22,242.5
2019-09-20,4.2102,1.84,1.69,1.63,1.61,1.68,1.74,1.99,2.17,247.02
2019-09-23,4.1889,1.81,1.68,1.61,1.59,1.65,1.72,1.98,2.16,246.89
2019-09-24,4.1725,1.78,1.6,1.53,1.52,1.58,1.64,1.91,2.09,253.25
2019-09-25,4.2104,1.82,1.68,1.61,1.6,1.66,1.73,1.99,2.18,248.04
2019-09-26,4.25,1.79,1.66,1.61,1.59,1.65,1.7,1.96,2.15,255
2019-09-27,4.2955,1.74,1.63,1.58,1.56,1.62,1.69,1.95,2.13,260.55
2019-09-30,4.2467,1.75,1.63,1.56,1.55,1.62,1.68,1.94,2.12,256.67
2019-10-01,4.1848,1.73,1.56,1.51,1.51,1.59,1.65,1.93,2.11,253.48
2019-10-02,4.2168,1.67,1.48,1.43,1.43,1.53,1.6,1.9,2.09,261.68
2019-10-03,4.1607,1.58,1.39,1.34,1.34,1.45,1.54,1.85,2.04,262.07
2019-10-04,4.1236,1.58,1.4,1.35,1.34,1.43,1.52,1.81,2.01,260.36
2019-10-07,4.0653,1.64,1.46,1.41,1.38,1.47,1.56,1.85,2.05,250.53
2019-10-09,4.022,1.59,1.47,1.43,1.4,1.5,1.59,1.88,2.08,243.2
2019-10-10,3.9285,1.63,1.53,1.49,1.48,1.57,1.67,1.96,2.16,225.85
2019-10-11,4.0036,1.67,1.63,1.6,1.59,1.68,1.76,2.04,2.22,224.36
2019-10-15,4.0367,1.65,1.61,1.6,1.59,1.68,1.77,2.06,2.23,226.67
2019-10-16,3.9359,1.59,1.58,1.57,1.57,1.65,1.75,2.05,2.23,218.59
2019-10-17,3.9246,1.59,1.6,1.57,1.57,1.66,1.76,2.05,2.24,216.46
2019-10-18,3.9505,1.58,1.58,1.56,1.56,1.66,1.76,2.06,2.25,219.05
2019-10-21,4.0133,1.59,1.62,1.59,1.61,1.7,1.8,2.1,2.28,221.33
2019-10-22,4.0579,1.59,1.6,1.59,1.6,1.68,1.78,2.07,2.26,227.79
2019-10-23,4.0929,1.58,1.58,1.58,1.58,1.67,1.77,2.06,2.25,232.29
2019-10-24,4.0996,1.59,1.58,1.58,1.58,1.67,1.77,2.08,2.26,232.96
2019-10-25,4.1385,1.6,1.63,1.62,1.62,1.71,1.8,2.1,2.29,233.85
2019-10-28,4.1865,1.6,1.64,1.65,1.66,1.75,1.85,2.16,2.34,233.65
2019-10-29,4.1932,1.59,1.64,1.65,1.66,1.74,1.84,2.15,2.33,235.32
2019-10-30,4.2505,1.59,1.61,1.6,1.61,1.69,1.78,2.08,2.26,247.05
2019-11-04,4.1575,1.56,1.6,1.59,1.6,1.69,1.79,2.1,2.27,236.75
2019-11-05,4.1942,1.62,1.63,1.63,1.66,1.77,1.86,2.17,2.34,233.42
2019-11-06,4.2193,1.58,1.61,1.6,1.63,1.73,1.81,2.13,2.3,240.93
2019-11-07,4.2653,1.58,1.68,1.7,1.74,1.84,1.92,2.24,2.4,234.53
2019-11-08,4.1937,1.58,1.68,1.7,1.74,1.86,1.94,2.27,2.43,225.37
2019-11-12,4.2601,1.58,1.66,1.69,1.73,1.84,1.92,2.24,2.39,234.01
2019-11-13,4.3977,1.57,1.63,1.65,1.69,1.79,1.88,2.2,2.36,251.77
2019-11-14,4.3578,1.55,1.58,1.59,1.63,1.73,1.82,2.15,2.31,253.78
2019-11-15,4.2562,1.54,1.61,1.61,1.65,1.75,1.84,2.16,2.31,241.62
2019-11-18,4.2696,1.54,1.6,1.59,1.63,1.73,1.81,2.14,2.3,245.96
2019-11-19,4.2219,1.54,1.6,1.59,1.63,1.71,1.79,2.11,2.26,243.19
2019-11-20,4.2307,1.54,1.56,1.55,1.58,1.66,1.73,2.05,2.2,250.07
2019-11-21,4.2183,1.55,1.6,1.59,1.62,1.71,1.77,2.09,2.24,244.83
2019-11-22,4.233,1.56,1.61,1.6,1.62,1.71,1.77,2.08,2.22,246.3
2019-11-25,4.2008,1.58,1.61,1.6,1.62,1.71,1.76,2.07,2.21,244.08
2019-11-26,4.1846,1.59,1.58,1.58,1.58,1.68,1.74,2.04,2.18,244.46
2019-11-27,4.239,1.6,1.63,1.61,1.63,1.71,1.77,2.06,2.19,246.9
2019-11-29,4.2664,1.6,1.61,1.61,1.62,1.73,1.78,2.07,2.21,248.64
2019-12-02,4.2678,1.6,1.61,1.63,1.65,1.77,1.83,2.15,2.28,243.78
2019-12-03,4.2349,1.57,1.53,1.54,1.54,1.65,1.72,2.03,2.17,251.49
2019-12-04,4.2119,1.56,1.58,1.58,1.6,1.71,1.77,2.08,2.22,244.19
2019-12-05,4.2549,1.56,1.58,1.6,1.62,1.73,1.8,2.11,2.24,245.49
2019-12-06,4.2664,1.57,1.61,1.64,1.67,1.78,1.84,2.14,2.29,242.64
2019-12-09,4.2305,1.56,1.63,1.63,1.67,1.77,1.83,2.13,2.27,240.05
2019-12-10,4.1934,1.56,1.65,1.67,1.68,1.78,1.85,2.12,2.26,234.34
2019-12-11,4.1911,1.55,1.61,1.62,1.64,1.74,1.79,2.08,2.23,240.11
2019-12-12,4.2121,1.55,1.66,1.69,1.73,1.84,1.9,2.18,2.32,231.21
2019-12-13,4.1787,1.54,1.61,1.62,1.66,1.76,1.82,2.11,2.26,235.87
2019-12-16,4.149,1.54,1.65,1.67,1.72,1.82,1.89,2.17,2.3,225.9
2019-12-17,4.177,1.53,1.63,1.66,1.71,1.82,1.89,2.18,2.31,228.7
2019-12-18,4.1959,1.54,1.63,1.67,1.74,1.86,1.92,2.22,2.35,227.59
2019-12-19,4.6092,1.52,1.62,1.65,1.73,1.84,1.92,2.21,2.35,268.92
2019-12-20,4.5875,1.52,1.63,1.67,1.73,1.84,1.92,2.21,2.34,266.75
2019-12-23,4.5838,1.53,1.64,1.67,1.75,1.86,1.93,2.22,2.35,265.38
2019-12-24,4.557,1.53,1.62,1.64,1.72,1.83,1.9,2.2,2.33,265.7
2019-12-26,4.553,1.53,1.64,1.65,1.72,1.85,1.9,2.19,2.33,265.3
2019-12-27,4.5644,1.51,1.59,1.6,1.68,1.8,1.88,2.18,2.32,268.44
2019-12-30,4.6208,1.57,1.58,1.59,1.68,1.81,1.9,2.21,2.34,272.08
2019-12-31,4.6354,1.59,1.58,1.62,1.69,1.83,1.92,2.25,2.39,271.54
2020-01-02,4.5598,1.56,1.58,1.59,1.67,1.79,1.88,2.19,2.33,267.98
2020-01-03,4.5722,1.55,1.53,1.54,1.59,1.71,1.8,2.11,2.26,277.22
2020-01-06,4.5512,1.54,1.54,1.56,1.61,1.72,1.81,2.13,2.28,274.12
2020-01-07,4.5319,1.53,1.54,1.55,1.62,1.74,1.83,2.16,2.31,270.19
2020-01-08,4.5657,1.55,1.58,1.61,1.67,1.78,1.87,2.21,2.35,269.57
2020-01-09,4.5686,1.54,1.58,1.59,1.65,1.77,1.85,2.17,2.38,271.86
2020-01-10,4.5471,1.53,1.56,1.59,1.63,1.74,1.83,2.14,2.28,271.71
2020-01-13,4.5552,1.53,1.58,1.6,1.65,1.76,1.85,2.16,2.3,270.52
2020-01-14,4.5688,1.53,1.58,1.59,1.63,1.74,1.82,2.12,2.27,274.88
2020-01-15,4.5623,1.54,1.56,1.56,1.6,1.71,1.79,2.09,2.23,277.23
2020-01-16,4.5617,1.54,1.58,1.58,1.63,1.73,1.81,2.11,2.26,275.17
2020-01-17,4.5307,1.56,1.58,1.56,1.63,1.74,1.84,2.16,2.29,269.07
2020-01-21,4.4729,1.54,1.53,1.53,1.57,1.69,1.78,2.1,2.23,269.29
2020-01-22,4.4761,1.55,1.53,1.52,1.57,1.68,1.77,2.07,2.22,270.61
2020-01-23,4.4761,1.55,1.51,1.51,1.55,1.65,1.74,2.03,2.18,273.61
2020-01-24,4.4677,1.55,1.49,1.48,1.51,1.61,1.7,2,2.14,276.77
2020-01-27,4.4756,1.53,1.44,1.41,1.44,1.52,1.61,1.91,2.05,286.56
2020-01-28,4.3942,1.53,1.45,1.45,1.47,1.56,1.65,1.95,2.1,274.42
2020-01-29,4.3668,1.51,1.42,1.39,1.41,1.51,1.6,1.89,2.05,276.68
2020-01-30,4.372,1.48,1.41,1.37,1.39,1.49,1.57,1.88,2.04,280.2
2020-01-31,4.3601,1.45,1.33,1.3,1.32,1.42,1.51,1.83,1.99,285.01
2020-02-03,4.3029,1.46,1.36,1.34,1.35,1.45,1.54,1.84,2.01,276.29
2020-02-04,4.3029,1.48,1.41,1.4,1.42,1.52,1.61,1.91,2.08,269.29
2020-02-05,4.2764,1.49,1.44,1.43,1.46,1.57,1.66,1.97,2.14,261.64
2020-02-06,4.3124,1.51,1.44,1.43,1.45,1.56,1.65,1.94,2.11,266.24
2020-02-07,4.3027,1.49,1.41,1.39,1.41,1.51,1.59,1.89,2.05,271.27
2020-02-10,4.2845,1.45,1.37,1.36,1.38,1.47,1.56,1.87,2.03,272.45
2020-02-11,4.2873,1.48,1.41,1.39,1.4,1.5,1.59,1.89,2.05,269.73
2020-02-12,4.2873,1.49,1.44,1.42,1.45,1.55,1.62,1.93,2.09,266.73
2020-02-13,4.2893,1.48,1.44,1.42,1.43,1.53,1.61,1.91,2.07,267.93
2020-02-14,4.2721,1.49,1.42,1.4,1.42,1.51,1.59,1.89,2.04,268.21
2020-02-18,4.1816,1.47,1.41,1.37,1.39,1.48,1.55,1.85,2,263.16
2020-02-19,4.1899,1.47,1.42,1.39,1.41,1.5,1.56,1.86,2.01,262.99
2020-02-20,4.2072,1.46,1.39,1.35,1.37,1.45,1.52,1.81,1.97,268.72
2020-02-21,4.2072,1.43,1.34,1.3,1.3,1.39,1.46,1.75,1.9,274.72
2020-02-24,4.1439,1.35,1.26,1.21,1.21,1.3,1.38,1.68,1.84,276.39
2020-02-25,4.1468,1.3,1.2,1.16,1.16,1.25,1.33,1.63,1.8,281.68
2020-02-26,4.1927,1.26,1.16,1.14,1.14,1.25,1.33,1.64,1.81,286.27
2020-02-27,4.2349,1.18,1.11,1.08,1.11,1.22,1.3,1.61,1.79,293.49
2020-02-28,4.5157,0.97,0.86,0.85,0.89,1.03,1.13,1.46,1.65,338.57
2020-03-02,4.2837,0.89,0.84,0.85,0.88,1.01,1.1,1.46,1.66,318.37
2020-03-03,4.1779,0.73,0.71,0.72,0.77,0.91,1.02,1.44,1.64,315.79
2020-03-04,4.0525,0.59,0.67,0.68,0.75,0.9,1.02,1.45,1.67,303.25
2020-03-05,4.0494,0.48,0.59,0.61,0.67,0.81,0.92,1.34,1.56,312.94
2020-03-06,4.0952,0.39,0.49,0.53,0.58,0.69,0.74,1.09,1.25,335.52
2020-03-09,4.2179,0.31,0.38,0.4,0.46,0.56,0.54,0.87,0.99,367.79
2020-03-10,4.3264,0.43,0.5,0.58,0.63,0.73,0.76,1.16,1.28,356.64
2020-03-11,4.5106,0.4,0.5,0.58,0.66,0.78,0.82,1.13,1.3,369.06
2020-03-12,5.214,0.39,0.5,0.58,0.66,0.82,0.88,1.27,1.49,433.4
2020-03-13,5.2181,0.38,0.49,0.58,0.7,0.89,0.94,1.31,1.56,427.81
2020-03-16,6,0.29,0.36,0.43,0.49,0.67,0.73,1.1,1.34,527
2020-03-17,5.872,0.3,0.47,0.54,0.66,0.91,1.02,1.45,1.63,485.2
2020-03-18,6.5,0.21,0.54,0.66,0.79,1.08,1.18,1.6,1.77,532
2020-03-19,6.1,0.2,0.44,0.53,0.66,1,1.12,1.56,1.78,498
2020-03-20,5.9,0.15,0.37,0.41,0.52,0.82,0.92,1.35,1.55,498
2020-03-23,6.1,0.17,0.28,0.31,0.38,0.63,0.76,1.12,1.33,534
2020-03-24,6,0.25,0.38,0.44,0.52,0.75,0.84,1.19,1.39,516
2020-03-25,5.1,0.19,0.34,0.41,0.56,0.77,0.88,1.23,1.45,422
2020-03-26,4.8,0.13,0.3,0.36,0.51,0.72,0.83,1.2,1.42,397
2020-03-27,4.95,0.11,0.25,0.3,0.41,0.6,0.72,1.09,1.29,423
2020-03-30,5.202,0.14,0.23,0.29,0.39,0.57,0.7,1.1,1.31,450.2
2020-03-31,5.25,0.17,0.23,0.29,0.37,0.55,0.7,1.15,1.35,455
2020-04-01,5.7,0.16,0.23,0.28,0.37,0.51,0.62,1.04,1.27,508
2020-04-02,5.81,0.14,0.23,0.29,0.39,0.53,0.63,1.04,1.26,518
2020-04-03,5.9,0.15,0.23,0.3,0.39,0.52,0.62,1.05,1.24,528
2020-04-06,5.95,0.2,0.27,0.35,0.44,0.58,0.67,1.08,1.27,528
2020-04-07,5.55,0.2,0.28,0.36,0.48,0.64,0.75,1.13,1.32,480
2020-04-08,5.43,0.23,0.27,0.34,0.47,0.65,0.77,1.18,1.37,466
2020-04-13,4.9,0.27,0.25,0.31,0.44,0.63,0.76,1.19,1.39,414
2020-04-14,4.52,0.25,0.23,0.29,0.42,0.61,0.76,1.19,1.41,376
2020-04-15,4.75,0.19,0.2,0.24,0.34,0.49,0.63,1.06,1.27,412
2020-04-16,4.7,0.17,0.2,0.25,0.35,0.5,0.61,1.01,1.21,409
2020-04-17,4.65,0.16,0.2,0.26,0.36,0.53,0.65,1.08,1.27,400
2020-04-20,4.64,0.15,0.2,0.26,0.35,0.51,0.63,1.04,1.23,401
2020-04-21,4.75,0.17,0.2,0.24,0.34,0.48,0.58,0.98,1.17,417
2020-04-22,4.72,0.16,0.22,0.26,0.37,0.52,0.63,1.03,1.22,409
2020-04-23,4.7,0.17,0.22,0.26,0.37,0.51,0.61,0.99,1.18,409
2020-04-24,4.72,0.18,0.22,0.26,0.36,0.51,0.6,0.98,1.17,412
2020-04-27,4.76,0.17,0.24,0.29,0.41,0.56,0.67,1.06,1.25,409
2020-04-28,4.82,0.16,0.2,0.26,0.37,0.52,0.62,1,1.2,420
2020-04-29,4.74,0.18,0.2,0.24,0.36,0.52,0.63,1.02,1.24,411
2020-04-30,4.8,0.16,0.2,0.24,0.36,0.53,0.64,1.05,1.28,416
2020-05-04,4.9,0.16,0.19,0.24,0.36,0.52,0.64,1.05,1.29,426
2020-05-05,4.73,0.16,0.19,0.24,0.36,0.53,0.66,1.07,1.32,407
2020-05-06,4.77,0.16,0.17,0.24,0.37,0.57,0.72,1.16,1.41,405
2020-05-07,4.7,0.15,0.13,0.19,0.29,0.49,0.63,1.05,1.31,407
2020-05-08,4.44,0.15,0.16,0.21,0.33,0.53,0.69,1.12,1.39,375
2020-05-11,4.39,0.16,0.17,0.24,0.36,0.56,0.73,1.16,1.43,366
2020-05-12,4.38,0.16,0.17,0.22,0.34,0.53,0.69,1.11,1.38,369
2020-05-13,4.4,0.15,0.16,0.2,0.31,0.5,0.64,1.07,1.35,376
2020-05-14,4.41,0.15,0.16,0.2,0.31,0.48,0.63,1.03,1.3,378
2020-05-15,4.4,0.15,0.16,0.19,0.31,0.49,0.64,1.05,1.32,376
2020-05-18,4.38,0.17,0.18,0.24,0.38,0.57,0.73,1.17,1.44,365
2020-05-19,4.4,0.16,0.17,0.22,0.35,0.54,0.7,1.15,1.43,370
2020-05-20,4.36,0.16,0.16,0.21,0.34,0.53,0.68,1.19,1.4,368
2020-05-21,4.27,0.16,0.17,0.21,0.35,0.53,0.68,1.16,1.4,359
2020-05-22,4.3,0.17,0.17,0.21,0.34,0.51,0.66,1.12,1.37,364
2020-05-26,4.24,0.17,0.18,0.22,0.35,0.53,0.69,1.19,1.43,355
2020-05-27,4.3,0.18,0.19,0.22,0.34,0.52,0.68,1.19,1.44,362
2020-05-28,4.27,0.17,0.17,0.22,0.34,0.54,0.7,1.23,1.47,357
2020-05-29,4.31,0.17,0.16,0.19,0.3,0.5,0.65,1.18,1.41,366
2020-06-01,4.36,0.17,0.14,0.2,0.31,0.5,0.66,1.22,1.46,370
2020-06-02,4.35,0.17,0.17,0.2,0.32,0.52,0.68,1.24,1.48,367
2020-06-03,4.33,0.17,0.19,0.26,0.38,0.59,0.77,1.32,1.56,356
2020-06-04,4.41,0.17,0.19,0.26,0.4,0.63,0.82,1.38,1.61,359
2020-06-05,4.4,0.18,0.22,0.29,0.47,0.71,0.91,1.46,1.68,349
2020-06-08,4.4,0.19,0.22,0.29,0.45,0.69,0.88,1.43,1.65,352
2020-06-09,4.43,0.19,0.2,0.25,0.4,0.65,0.84,1.37,1.59,359
2020-06-10,4.37,0.18,0.17,0.22,0.33,0.56,0.75,1.31,1.53,362
2020-06-11,4.4,0.19,0.19,0.22,0.32,0.51,0.66,1.19,1.41,374
2020-06-12,4.42,0.18,0.19,0.22,0.33,0.54,0.71,1.24,1.45,371
2020-06-15,4.41,0.17,0.19,0.22,0.33,0.54,0.71,1.24,1.45,370
2020-06-16,4.39,0.18,0.21,0.23,0.34,0.56,0.75,1.31,1.54,364
2020-06-17,4.42,0.19,0.19,0.23,0.34,0.55,0.74,1.3,1.52,368
2020-06-18,4.38,0.19,0.19,0.22,0.34,0.54,0.71,1.24,1.47,367
2020-06-19,4.36,0.18,0.19,0.22,0.33,0.53,0.7,1.23,1.47,366
2020-06-22,4.37,0.17,0.19,0.22,0.34,0.54,0.71,1.23,1.46,366
2020-06-23,4.38,0.18,0.18,0.22,0.33,0.54,0.72,1.25,1.49,366
2020-06-24,4.38,0.17,0.19,0.21,0.33,0.52,0.69,1.21,1.44,369
2020-06-25,4.38,0.17,0.17,0.21,0.32,0.53,0.68,1.2,1.43,370
2020-06-26,4.41,0.17,0.17,0.19,0.3,0.49,0.64,1.15,1.37,377
2020-06-30,4.44,0.16,0.16,0.18,0.29,0.49,0.66,1.18,1.41,378
2020-07-01,4.44,0.16,0.17,0.19,0.31,0.52,0.69,1.2,1.43,375
2020-07-02,4.47,0.16,0.16,0.19,0.29,0.5,0.68,1.2,1.43,379
2020-07-06,4.5,0.16,0.16,0.19,0.31,0.51,0.69,1.21,1.45,381
2020-07-07,4.45,0.15,0.16,0.19,0.29,0.48,0.65,1.15,1.38,380
2020-07-08,4.38,0.15,0.16,0.19,0.3,0.49,0.67,1.16,1.39,371
2020-07-09,4.34,0.15,0.16,0.18,0.28,0.46,0.62,1.09,1.32,372
2020-07-10,4.36,0.15,0.16,0.19,0.3,0.49,0.65,1.12,1.33,371
2020-07-13,4.34,0.16,0.16,0.19,0.3,0.48,0.64,1.11,1.33,370
2020-07-14,4.37,0.17,0.14,0.19,0.28,0.47,0.63,1.09,1.3,374
2020-07-15,4.3,0.15,0.16,0.18,0.28,0.47,0.64,1.11,1.33,366
2020-07-16,4.24,0.14,0.16,0.17,0.28,0.46,0.62,1.09,1.31,362
2020-07-17,4.14,0.14,0.14,0.18,0.29,0.47,0.64,1.11,1.33,350
2020-07-20,4.14,0.14,0.16,0.18,0.29,0.47,0.62,1.1,1.32,352
2020-07-21,4.16,0.15,0.14,0.17,0.27,0.45,0.61,1.09,1.31,355
2020-07-22,4.16,0.14,0.14,0.17,0.27,0.45,0.6,1.08,1.29,356
2020-07-23,4.11,0.14,0.16,0.16,0.27,0.44,0.59,1.03,1.24,352
2020-07-24,4.04,0.16,0.14,0.17,0.27,0.44,0.59,1.03,1.23,345
2020-07-27,4.01,0.14,0.15,0.18,0.3,0.46,0.62,1.05,1.25,339
2020-07-29,3.97,0.13,0.12,0.15,0.25,0.43,0.58,1.03,1.24,339
2020-07-30,3.95,0.11,0.11,0.14,0.23,0.4,0.55,0.98,1.2,340
2020-07-31,3.93,0.11,0.11,0.11,0.21,0.39,0.55,0.98,1.2,338
2020-08-03,3.92,0.12,0.11,0.13,0.22,0.4,0.56,1.01,1.23,336
2020-08-04,3.92,0.14,0.11,0.1,0.19,0.36,0.52,0.96,1.19,340
2020-08-05,3.92,0.12,0.11,0.13,0.22,0.39,0.55,1,1.22,337
2020-08-06,4.05,0.14,0.11,0.13,0.21,0.39,0.55,0.98,1.2,350
2020-08-07,4.16,0.14,0.13,0.14,0.23,0.41,0.57,1.01,1.23,359
2020-08-10,4.18,0.13,0.14,0.15,0.24,0.42,0.59,1.04,1.25,359
2020-08-11,4.1,0.15,0.16,0.18,0.27,0.46,0.64,1.1,1.32,346
2020-08-12,4.08,0.13,0.16,0.19,0.3,0.5,0.69,1.15,1.37,339
2020-08-13,4.08,0.14,0.16,0.19,0.32,0.52,0.71,1.2,1.42,337
2020-08-14,4.08,0.13,0.14,0.18,0.29,0.51,0.71,1.21,1.45,337
2020-08-17,4.08,0.13,0.14,0.18,0.29,0.49,0.69,1.19,1.43,339
2020-08-18,4.08,0.13,0.14,0.17,0.27,0.47,0.67,1.16,1.4,341
2020-08-19,4.08,0.13,0.14,0.17,0.29,0.48,0.68,1.2,1.42,340
2020-08-20,4.09,0.12,0.13,0.15,0.26,0.46,0.65,1.15,1.38,344
2020-08-21,4.12,0.13,0.16,0.16,0.27,0.46,0.64,1.13,1.35,348
2020-08-24,4.11,0.14,0.14,0.18,0.28,0.47,0.65,1.14,1.35,346
2020-08-25,4.14,0.13,0.15,0.18,0.3,0.49,0.69,1.18,1.39,345
2020-08-26,4.11,0.12,0.16,0.18,0.28,0.5,0.69,1.2,1.41,342
2020-08-27,4.09,0.13,0.16,0.19,0.31,0.53,0.74,1.28,1.5,335
2020-08-28,4.03,0.12,0.14,0.16,0.28,0.51,0.74,1.29,1.52,329
2020-08-31,3.99,0.12,0.14,0.15,0.28,0.5,0.72,1.26,1.49,327
2020-09-01,4.02,0.12,0.13,0.14,0.26,0.46,0.68,1.2,1.43,334
2020-09-02,4.07,0.13,0.14,0.16,0.26,0.45,0.66,1.16,1.38,341
2020-09-03,4.12,0.12,0.13,0.15,0.24,0.43,0.63,1.13,1.34,349
2020-09-04,4.17,0.13,0.14,0.18,0.3,0.5,0.72,1.25,1.46,345
2020-09-08,4.13,0.15,0.14,0.17,0.28,0.47,0.69,1.22,1.43,344
2020-09-09,4.05,0.14,0.14,0.17,0.28,0.48,0.71,1.25,1.45,334
2020-09-10,4.12,0.15,0.14,0.17,0.26,0.46,0.68,1.22,1.43,344
2020-09-11,4.2,0.13,0.13,0.16,0.26,0.45,0.67,1.21,1.42,353
2020-09-14,4.17,0.14,0.14,0.16,0.27,0.46,0.68,1.21,1.42,349
2020-09-15,4.16,0.13,0.14,0.16,0.27,0.46,0.68,1.21,1.43,348
2020-09-16,4.19,0.12,0.14,0.16,0.28,0.47,0.69,1.23,1.45,350
2020-09-17,4.16,0.12,0.13,0.16,0.28,0.47,0.69,1.22,1.43,347
2020-09-18,4.16,0.13,0.14,0.16,0.29,0.48,0.7,1.24,1.45,346
2020-09-21,4.2,0.12,0.14,0.16,0.27,0.46,0.68,1.22,1.43,352
2020-09-22,4.28,0.12,0.13,0.15,0.27,0.46,0.68,1.21,1.42,360
2020-09-23,4.34,0.13,0.14,0.15,0.28,0.46,0.68,1.21,1.42,366
2020-09-24,4.3,0.12,0.14,0.16,0.27,0.46,0.67,1.19,1.4,363
2020-09-25,4.23,0.12,0.12,0.15,0.26,0.45,0.66,1.19,1.4,357
2020-09-28,4.27,0.12,0.14,0.16,0.26,0.46,0.67,1.2,1.42,360
2020-09-29,4.24,0.12,0.11,0.13,0.24,0.44,0.66,1.19,1.41,358
2020-09-30,4.33,0.12,0.13,0.16,0.28,0.47,0.69,1.23,1.46,364
2020-10-01,4.3,0.12,0.14,0.16,0.27,0.46,0.68,1.23,1.45,362
2020-10-02,4.32,0.12,0.13,0.16,0.28,0.48,0.7,1.25,1.48,362
2020-10-05,4.27,0.12,0.14,0.19,0.33,0.55,0.78,1.34,1.57,349
2020-10-06,4.25,0.14,0.14,0.17,0.32,0.53,0.76,1.33,1.56,349
2020-10-07,4.22,0.13,0.16,0.21,0.35,0.56,0.81,1.37,1.6,341
2020-10-08,4.1,0.13,0.13,0.18,0.33,0.54,0.78,1.34,1.57,332
2020-10-09,4.04,0.15,0.16,0.2,0.34,0.55,0.79,1.34,1.58,325
2020-10-13,4.15,0.13,0.16,0.18,0.31,0.52,0.74,1.29,1.52,341
2020-10-14,4.12,0.13,0.14,0.18,0.3,0.51,0.73,1.28,1.5,339
2020-10-15,4.15,0.12,0.14,0.18,0.32,0.52,0.74,1.29,1.52,341
2020-10-16,4.17,0.12,0.14,0.18,0.32,0.53,0.76,1.3,1.52,341
2020-10-19,4.19,0.13,0.16,0.19,0.34,0.54,0.78,1.32,1.55,341
2020-10-20,4.27,0.13,0.14,0.19,0.34,0.57,0.81,1.37,1.6,346
2020-10-21,4.34,0.13,0.14,0.2,0.36,0.58,0.83,1.4,1.62,351
2020-10-22,4.3,0.13,0.16,0.21,0.38,0.62,0.87,1.43,1.67,343
2020-10-23,4.21,0.12,0.18,0.21,0.37,0.61,0.85,1.41,1.64,336
2020-10-26,4.21,0.12,0.16,0.18,0.35,0.58,0.81,1.37,1.59,340
2020-10-27,4.17,0.12,0.16,0.19,0.34,0.56,0.79,1.34,1.57,338
2020-10-28,4.24,0.12,0.16,0.19,0.34,0.56,0.79,1.34,1.56,345
2020-10-29,4.2,0.12,0.16,0.2,0.38,0.61,0.85,1.39,1.62,335
2020-10-30,4.22,0.13,0.14,0.19,0.38,0.64,0.88,1.43,1.65,334
2020-11-02,4.17,0.13,0.16,0.2,0.38,0.63,0.87,1.41,1.63,330
2020-11-03,4.05,0.14,0.17,0.21,0.39,0.65,0.9,1.44,1.66,315
2020-11-04,4,0.12,0.14,0.18,0.33,0.55,0.78,1.33,1.55,322
2020-11-05,3.85,0.12,0.14,0.18,0.33,0.56,0.79,1.32,1.54,306
2020-11-06,3.94,0.12,0.16,0.21,0.36,0.59,0.83,1.37,1.6,311
2020-11-09,3.94,0.12,0.17,0.25,0.44,0.7,0.96,1.51,1.73,298
2020-11-10,4,0.12,0.19,0.26,0.46,0.72,0.98,1.53,1.75,302
2020-11-12,4.09,0.13,0.17,0.23,0.4,0.64,0.88,1.42,1.64,321
2020-11-13,4.16,0.12,0.17,0.23,0.41,0.65,0.89,1.43,1.65,327
2020-11-16,4.24,0.12,0.19,0.24,0.41,0.66,0.91,1.44,1.66,333
2020-11-17,4.07,0.12,0.18,0.22,0.39,0.63,0.87,1.4,1.62,320
2020-11-18,4.0537,0.11,0.16,0.22,0.4,0.64,0.88,1.42,1.62,317.37
2020-11-19,4.0657,0.11,0.18,0.22,0.39,0.63,0.86,1.38,1.58,320.57
2020-11-20,4.02,0.11,0.16,0.21,0.38,0.62,0.83,1.33,1.53,319
2020-11-23,4,0.1,0.16,0.22,0.39,0.64,0.86,1.36,1.56,314
2020-11-24,3.9501,0.11,0.16,0.22,0.39,0.65,0.88,1.4,1.6,307.01
2020-11-25,3.9356,0.11,0.17,0.21,0.39,0.65,0.88,1.41,1.62,305.56
2020-11-27,3.9,0.11,0.16,0.2,0.37,0.61,0.84,1.36,1.57,306
2020-11-30,3.9078,0.11,0.16,0.19,0.36,0.62,0.84,1.37,1.58,306.78
2020-12-01,3.9227,0.12,0.17,0.22,0.42,0.68,0.92,1.46,1.66,300.27
2020-12-02,3.9028,0.11,0.16,0.22,0.42,0.69,0.95,1.5,1.7,295.28
2020-12-03,3.87,0.1,0.16,0.21,0.4,0.67,0.92,1.46,1.67,295
2020-12-04,3.81,0.11,0.16,0.21,0.42,0.7,0.97,1.53,1.73,284
2020-12-07,3.763,0.1,0.14,0.2,0.4,0.67,0.94,1.49,1.69,282.3
2020-12-09,3.72,0.1,0.16,0.21,0.41,0.68,0.95,1.48,1.69,277
2020-12-10,3.69,0.1,0.14,0.2,0.39,0.65,0.92,1.44,1.65,277
2020-12-11,3.67,0.1,0.11,0.18,0.37,0.63,0.9,1.42,1.63,277
2020-12-14,3.66,0.1,0.13,0.17,0.37,0.63,0.9,1.43,1.63,276
2020-12-15,3.57,0.09,0.11,0.18,0.37,0.64,0.92,1.45,1.65,265
2020-12-16,3.56,0.09,0.13,0.18,0.37,0.64,0.92,1.46,1.66,264
2020-12-17,3.52,0.09,0.13,0.19,0.38,0.66,0.94,1.47,1.68,258
2020-12-18,3.5,0.09,0.13,0.19,0.39,0.67,0.95,1.49,1.7,255
2020-12-21,3.51,0.09,0.13,0.18,0.39,0.66,0.95,1.48,1.68,256
2020-12-22,3.55,0.09,0.13,0.17,0.37,0.64,0.93,1.45,1.65,262
2020-12-23,3.51,0.09,0.13,0.18,0.38,0.67,0.96,1.49,1.7,255
2020-12-24,3.512,0.1,0.13,0.17,0.37,0.66,0.94,1.46,1.66,257.2
2020-12-28,3.514,0.11,0.13,0.17,0.38,0.65,0.94,1.46,1.67,257.4
2020-12-29,3.511,0.11,0.12,0.17,0.37,0.66,0.94,1.47,1.67,257.1
2020-12-30,3.52,0.12,0.12,0.17,0.37,0.66,0.93,1.46,1.66,259
2020-12-31,3.5,0.1,0.13,0.17,0.36,0.65,0.93,1.45,1.65,257
2021-01-04,3.49,0.1,0.11,0.16,0.36,0.64,0.93,1.46,1.66,256
2021-01-05,3.51,0.1,0.13,0.17,0.38,0.66,0.96,1.49,1.7,255
2021-01-06,3.61,0.11,0.14,0.2,0.43,0.74,1.04,1.6,1.81,257
2021-01-07,3.64,0.11,0.14,0.22,0.46,0.78,1.08,1.64,1.85,256
2021-01-08,3.65,0.1,0.14,0.24,0.49,0.81,1.13,1.67,1.87,252
2021-01-11,3.7,0.1,0.14,0.22,0.5,0.84,1.15,1.68,1.88,255
2021-01-12,3.62,0.11,0.14,0.23,0.5,0.83,1.15,1.68,1.88,247
2021-01-13,3.58,0.12,0.14,0.22,0.48,0.8,1.1,1.63,1.82,248
2021-01-14,3.59,0.1,0.16,0.23,0.49,0.82,1.15,1.69,1.88,244
2021-01-15,3.62,0.1,0.13,0.2,0.46,0.78,1.11,1.66,1.85,251
2021-01-19,3.66,0.1,0.14,0.21,0.45,0.78,1.1,1.65,1.84,256
2021-01-20,3.67,0.1,0.13,0.19,0.45,0.78,1.1,1.65,1.84,257
2021-01-21,3.68,0.1,0.13,0.19,0.45,0.79,1.12,1.68,1.87,256
2021-01-22,3.72,0.1,0.13,0.19,0.44,0.77,1.1,1.66,1.85,262
2021-01-25,3.73,0.1,0.13,0.17,0.42,0.73,1.05,1.61,1.8,268
2021-01-26,3.78,0.09,0.11,0.18,0.42,0.74,1.05,1.61,1.8,273
2021-01-27,3.88,0.09,0.12,0.18,0.41,0.72,1.04,1.6,1.79,284
2021-01-28,3.73,0.08,0.12,0.18,0.42,0.75,1.07,1.63,1.81,266
2021-01-29,3.66,0.1,0.11,0.19,0.45,0.79,1.11,1.68,1.87,255
2021-02-01,3.71,0.08,0.11,0.17,0.42,0.76,1.09,1.66,1.84,262
2021-02-02,3.74,0.08,0.11,0.18,0.45,0.79,1.12,1.69,1.87,262
2021-02-03,3.77,0.08,0.11,0.19,0.46,0.81,1.15,1.73,1.92,262
2021-02-04,3.78,0.07,0.11,0.18,0.46,0.81,1.15,1.75,1.93,263
2021-02-05,3.77,0.06,0.09,0.19,0.47,0.83,1.19,1.79,1.97,258
2021-02-08,3.77,0.07,0.11,0.2,0.48,0.83,1.19,1.78,1.96,258
2021-02-09,3.76,0.07,0.11,0.19,0.48,0.83,1.18,1.78,1.95,258
2021-02-10,3.73,0.07,0.11,0.19,0.46,0.8,1.15,1.75,1.92,258
2021-02-11,3.75,0.07,0.11,0.19,0.46,0.81,1.16,1.77,1.94,259
2021-02-12,3.77,0.06,0.11,0.2,0.5,0.85,1.2,1.83,2.01,257
2021-02-16,3.87,0.08,0.13,0.23,0.57,0.94,1.3,1.92,2.08,257
2021-02-17,3.89,0.07,0.11,0.21,0.57,0.94,1.29,1.92,2.06,260
2021-02-18,3.99,0.06,0.11,0.21,0.56,0.94,1.29,1.91,2.08,270
2021-02-19,4.11,0.07,0.11,0.22,0.59,0.98,1.34,1.98,2.14,277
2021-02-22,4.21,0.06,0.11,0.22,0.61,1,1.37,2.02,2.19,284
2021-02-23,4.15,0.08,0.11,0.22,0.59,1,1.37,2.03,2.21,278
2021-02-24,4.15,0.08,0.12,0.24,0.62,1.02,1.38,2.07,2.24,277
2021-02-25,4.29,0.09,0.17,0.34,0.81,1.23,1.54,2.25,2.33,275
2021-02-26,4.23,0.08,0.14,0.3,0.75,1.15,1.44,2.08,2.17,279
2021-03-01,4.27,0.08,0.13,0.27,0.71,1.12,1.45,2.11,2.23,282
2021-03-02,4.42,0.08,0.13,0.26,0.67,1.08,1.42,2.09,2.21,300
2021-03-03,4.57,0.08,0.14,0.29,0.73,1.14,1.47,2.12,2.25,310
2021-03-04,4.75,0.08,0.14,0.32,0.77,1.21,1.54,2.18,2.3,321
2021-03-05,4.76,0.08,0.14,0.32,0.79,1.23,1.56,2.18,2.28,320
2021-03-08,4.9,0.09,0.17,0.34,0.86,1.28,1.59,2.2,2.31,331
2021-03-09,4.79,0.1,0.17,0.35,0.83,1.23,1.55,2.16,2.26,324
2021-03-10,4.7,0.08,0.16,0.32,0.8,1.2,1.53,2.15,2.24,317
2021-03-11,4.56,0.08,0.14,0.31,0.78,1.2,1.54,2.18,2.29,302
2021-03-12,4.7,0.09,0.14,0.34,0.85,1.3,1.64,2.31,2.4,306
2021-03-15,4.68,0.08,0.14,0.33,0.84,1.28,1.62,2.27,2.37,306
2021-03-16,4.7,0.07,0.15,0.33,0.83,1.28,1.62,2.3,2.38,308
2021-03-17,4.68,0.07,0.13,0.29,0.8,1.27,1.63,2.32,2.42,305
2021-03-18,4.66,0.08,0.16,0.33,0.86,1.35,1.71,2.36,2.45,295
2021-03-19,4.6,0.07,0.16,0.33,0.9,1.38,1.74,2.36,2.45,286
2021-03-22,4.54,0.06,0.15,0.32,0.87,1.34,1.69,2.29,2.38,285
2021-03-23,4.62,0.08,0.15,0.31,0.83,1.29,1.63,2.24,2.34,299
2021-03-24,4.68,0.07,0.14,0.31,0.83,1.27,1.62,2.21,2.31,306
2021-03-25,4.71,0.07,0.14,0.3,0.82,1.29,1.63,2.24,2.34,308
2021-03-26,4.73,0.06,0.14,0.31,0.85,1.32,1.67,2.27,2.37,306
2021-03-29,4.8,0.06,0.14,0.32,0.89,1.37,1.73,2.32,2.43,307
2021-03-30,4.99,0.06,0.16,0.33,0.9,1.39,1.73,2.29,2.38,326
2021-03-31,4.97,0.07,0.16,0.35,0.92,1.4,1.74,2.31,2.41,323
2021-04-05,4.91,0.06,0.17,0.37,0.94,1.4,1.73,2.28,2.36,318
2021-04-06,4.79,0.06,0.16,0.35,0.88,1.34,1.67,2.24,2.32,312
2021-04-07,4.78,0.06,0.16,0.34,0.87,1.34,1.68,2.26,2.35,310
2021-04-08,4.74,0.05,0.14,0.33,0.85,1.3,1.64,2.22,2.32,310
2021-04-09,4.81,0.06,0.16,0.35,0.87,1.33,1.67,2.23,2.34,314
2021-04-12,4.8,0.06,0.18,0.38,0.89,1.35,1.69,2.24,2.34,311
2021-04-13,4.78,0.06,0.16,0.35,0.85,1.29,1.64,2.21,2.32,314
2021-04-14,4.88,0.06,0.16,0.35,0.87,1.31,1.64,2.22,2.32,324
2021-04-15,4.87,0.06,0.16,0.32,0.81,1.24,1.56,2.13,2.23,331
2021-04-16,4.89,0.06,0.16,0.34,0.84,1.26,1.59,2.15,2.26,330
2021-04-19,5.02,0.08,0.16,0.34,0.85,1.28,1.61,2.18,2.29,341
2021-04-20,5.06,0.07,0.15,0.31,0.81,1.25,1.58,2.16,2.27,348
2021-04-21,5.16,0.07,0.15,0.32,0.81,1.24,1.57,2.16,2.26,359
2021-04-22,5.36,0.06,0.16,0.32,0.81,1.24,1.57,2.13,2.24,379
2021-04-23,5.42,0.07,0.16,0.34,0.83,1.26,1.58,2.14,2.25,384
2021-04-26,5.65,0.06,0.18,0.35,0.85,1.27,1.58,2.13,2.24,407
2021-04-27,5.61,0.06,0.17,0.36,0.88,1.32,1.63,2.18,2.29,398
2021-04-28,5.47,0.05,0.17,0.35,0.86,1.31,1.63,2.19,2.29,384
2021-04-29,5.4,0.05,0.16,0.35,0.86,1.32,1.65,2.2,2.31,375
2021-04-30,5.4,0.05,0.16,0.35,0.86,1.32,1.65,2.19,2.3,375
2021-05-03,5.43,0.06,0.16,0.33,0.84,1.29,1.63,2.18,2.3,380
2021-05-04,5.39,0.06,0.16,0.33,0.82,1.28,1.61,2.16,2.27,378
2021-05-05,5.31,0.06,0.16,0.32,0.8,1.25,1.59,2.14,2.25,372
2021-05-06,5.12,0.05,0.16,0.32,0.81,1.25,1.58,2.14,2.24,354
2021-05-07,5.05,0.05,0.14,0.29,0.77,1.24,1.6,2.17,2.28,345
2021-05-10,4.88,0.05,0.16,0.32,0.8,1.27,1.63,2.2,2.32,325
2021-05-11,4.89,0.05,0.16,0.31,0.8,1.28,1.64,2.23,2.35,325
2021-05-12,4.92,0.05,0.16,0.35,0.87,1.34,1.69,2.29,2.4,323
2021-05-13,4.79,0.05,0.16,0.33,0.84,1.31,1.66,2.28,2.39,313
2021-05-14,4.8,0.06,0.16,0.33,0.82,1.29,1.63,2.25,2.35,317
2021-05-17,4.89,0.06,0.16,0.34,0.84,1.3,1.64,2.27,2.36,325
2021-05-18,4.95,0.06,0.16,0.34,0.83,1.29,1.64,2.27,2.37,331
2021-05-19,4.99,0.05,0.16,0.35,0.87,1.34,1.68,2.3,2.38,331
2021-05-20,4.97,0.05,0.15,0.34,0.83,1.29,1.63,2.25,2.34,334
2021-05-21,4.85,0.04,0.17,0.34,0.84,1.29,1.63,2.24,2.33,322
2021-05-24,4.98,0.04,0.15,0.32,0.82,1.28,1.61,2.22,2.31,337
2021-05-25,4.98,0.04,0.15,0.3,0.79,1.23,1.56,2.16,2.26,342
2021-05-26,5.08,0.04,0.14,0.31,0.8,1.24,1.58,2.17,2.27,350
2021-05-27,4.93,0.04,0.14,0.31,0.81,1.28,1.61,2.2,2.29,332
2021-05-28,4.82,0.05,0.14,0.3,0.79,1.24,1.58,2.18,2.26,324
2021-06-01,4.85,0.04,0.16,0.31,0.81,1.28,1.62,2.22,2.3,323
2021-06-02,4.89,0.05,0.13,0.3,0.8,1.26,1.59,2.21,2.28,330
2021-06-03,4.84,0.04,0.16,0.34,0.84,1.3,1.63,2.22,2.3,321
2021-06-04,4.68,0.05,0.14,0.32,0.78,1.23,1.56,2.16,2.24,312
2021-06-07,5,0.05,0.16,0.33,0.79,1.24,1.57,2.17,2.25,343
2021-06-08,4.92,0.05,0.14,0.32,0.77,1.2,1.53,2.13,2.21,339
2021-06-09,5.15,0.05,0.16,0.31,0.75,1.17,1.5,2.1,2.17,365
2021-06-10,5.08,0.05,0.14,0.3,0.73,1.14,1.45,2.07,2.15,363
2021-06-11,5.15,0.05,0.16,0.31,0.76,1.16,1.47,2.08,2.15,368
2021-06-14,5.3,0.05,0.16,0.33,0.8,1.2,1.51,2.12,2.19,379
2021-06-15,5.4,0.08,0.16,0.34,0.79,1.21,1.51,2.12,2.2,389
2021-06-16,5.41,0.08,0.21,0.41,0.89,1.29,1.57,2.13,2.2,384
2021-06-17,5.423,0.08,0.23,0.43,0.9,1.27,1.52,2.05,2.11,390.3
2021-06-18,5.55,0.09,0.26,0.47,0.89,1.22,1.45,1.97,2.01,410
2021-06-21,5.765,0.09,0.27,0.48,0.9,1.25,1.5,2.05,2.11,426.5
2021-06-22,5.68,0.09,0.25,0.44,0.87,1.23,1.48,2.03,2.1,420
2021-06-23,5.72,0.08,0.26,0.47,0.9,1.25,1.5,2.04,2.11,422
2021-06-24,5.64,0.08,0.26,0.48,0.9,1.26,1.49,2.03,2.1,415
2021-06-25,5.57,0.09,0.28,0.48,0.92,1.29,1.54,2.09,2.16,403
2021-06-28,5.35,0.08,0.25,0.47,0.9,1.25,1.49,2.04,2.1,386
2021-06-30,5.37,0.07,0.25,0.46,0.87,1.21,1.45,2,2.06,392
2021-07-01,5.41,0.09,0.25,0.47,0.89,1.24,1.48,2.01,2.07,393
2021-07-02,5.5,0.08,0.24,0.45,0.86,1.19,1.44,1.98,2.05,406
2021-07-06,5.62,0.07,0.22,0.42,0.81,1.13,1.37,1.92,2,425
2021-07-07,5.8,0.08,0.22,0.41,0.79,1.09,1.33,1.87,1.94,447
2021-07-08,5.75,0.07,0.19,0.37,0.74,1.06,1.3,1.84,1.91,445
2021-07-09,5.85,0.08,0.23,0.41,0.79,1.12,1.37,1.91,1.99,448
2021-07-13,5.85,0.08,0.26,0.47,0.85,1.16,1.42,1.96,2.04,443
2021-07-14,5.75,0.08,0.23,0.44,0.8,1.11,1.37,1.91,1.98,438
2021-07-15,5.67,0.07,0.23,0.43,0.78,1.07,1.31,1.85,1.92,436
2021-07-16,5.56,0.08,0.25,0.43,0.79,1.08,1.31,1.86,1.93,425
2021-07-19,5.65,0.07,0.21,0.38,0.7,0.97,1.19,1.74,1.81,446
2021-07-20,5.62,0.08,0.2,0.37,0.69,0.98,1.23,1.79,1.88,439
2021-07-21,5.55,0.07,0.22,0.39,0.74,1.05,1.3,1.87,1.94,425
2021-07-22,5.41,0.07,0.2,0.37,0.71,1.02,1.27,1.82,1.9,414
2021-07-23,5.46,0.07,0.22,0.38,0.72,1.04,1.3,1.85,1.92,416
2021-07-26,5.38,0.08,0.22,0.38,0.73,1.04,1.29,1.85,1.93,409
2021-07-27,5.47,0.07,0.2,0.37,0.71,1.01,1.25,1.81,1.89,422
2021-07-30,6.45,0.07,0.19,0.35,0.69,1,1.24,1.81,1.89,521
2021-08-02,6.05,0.07,0.17,0.33,0.66,0.96,1.2,1.77,1.86,485
2021-08-03,5.87,0.07,0.17,0.33,0.65,0.95,1.19,1.76,1.85,468
2021-08-04,6.04,0.07,0.17,0.34,0.67,0.96,1.19,1.74,1.83,485
2021-08-05,6.09,0.08,0.21,0.38,0.72,1.01,1.23,1.77,1.86,486
2021-08-06,6.34,0.09,0.21,0.42,0.77,1.07,1.31,1.85,1.94,503
2021-08-09,6.45,0.08,0.23,0.43,0.79,1.09,1.33,1.87,1.96,512
2021-08-10,6.36,0.08,0.24,0.47,0.82,1.12,1.36,1.9,1.99,500
2021-08-11,6.4,0.08,0.23,0.45,0.81,1.11,1.35,1.9,1.99,505
2021-08-12,6.5,0.09,0.23,0.46,0.83,1.13,1.36,1.92,2.03,514
2021-08-13,6.38,0.08,0.23,0.44,0.79,1.08,1.29,1.85,1.94,509
2021-08-16,6.45,0.08,0.21,0.42,0.75,1.04,1.26,1.82,1.92,519
2021-08-17,6.49,0.07,0.23,0.43,0.77,1.05,1.26,1.82,1.92,523
2021-08-18,6.48,0.07,0.23,0.43,0.79,1.06,1.27,1.84,1.91,521
2021-08-19,6.66,0.06,0.22,0.44,0.78,1.04,1.24,1.8,1.88,542
2021-08-20,6.8,0.06,0.23,0.44,0.8,1.06,1.26,1.79,1.87,554
2021-08-23,6.69,0.07,0.23,0.43,0.78,1.05,1.25,1.79,1.87,544
2021-08-24,6.44,0.06,0.24,0.44,0.8,1.08,1.29,1.83,1.91,515
2021-08-25,6.49,0.07,0.23,0.47,0.84,1.13,1.35,1.88,1.96,514
2021-08-26,6.3,0.07,0.25,0.46,0.84,1.13,1.34,1.87,1.94,496
2021-08-27,6.09,0.07,0.22,0.41,0.79,1.09,1.31,1.84,1.91,478
2021-08-31,6.09,0.07,0.2,0.4,0.77,1.08,1.3,1.85,1.92,479
2021-09-01,6.15,0.07,0.2,0.42,0.78,1.08,1.31,1.84,1.92,484
2021-09-02,6.26,0.07,0.2,0.42,0.78,1.07,1.29,1.83,1.9,497
2021-09-03,6.25,0.08,0.21,0.42,0.78,1.09,1.33,1.87,1.94,492
2021-09-07,6.3,0.08,0.22,0.45,0.82,1.14,1.38,1.91,1.99,492
2021-09-08,6.4,0.08,0.22,0.43,0.81,1.11,1.35,1.88,1.95,505
2021-09-09,6.4,0.07,0.23,0.43,0.79,1.08,1.3,1.83,1.9,510
2021-09-10,6.46,0.08,0.23,0.45,0.82,1.12,1.35,1.86,1.94,511
2021-09-13,6.43,0.07,0.21,0.44,0.81,1.11,1.33,1.83,1.91,510
2021-09-14,6.37,0.07,0.21,0.43,0.79,1.07,1.28,1.78,1.85,509
2021-09-15,6.43,0.07,0.21,0.43,0.81,1.1,1.31,1.8,1.87,512
2021-09-16,6.4,0.07,0.23,0.46,0.84,1.13,1.34,1.83,1.88,506
2021-09-17,6.36,0.07,0.23,0.47,0.88,1.17,1.37,1.85,1.91,499
2021-09-20,6.3,0.07,0.23,0.45,0.83,1.12,1.31,1.79,1.85,499
2021-09-21,6.27,0.07,0.22,0.46,0.84,1.13,1.33,1.81,1.86,494
2021-09-22,6.27,0.08,0.25,0.48,0.86,1.13,1.32,1.78,1.84,495
2021-09-23,6.27,0.08,0.27,0.53,0.94,1.22,1.41,1.87,1.92,486
2021-09-24,6.3,0.08,0.29,0.55,0.97,1.27,1.47,1.94,1.99,483
2021-09-27,6.38,0.09,0.31,0.56,0.98,1.3,1.48,1.95,1.99,490
2021-09-28,6.41,0.09,0.31,0.55,1.02,1.34,1.54,2.02,2.07,487
2021-09-29,6.43,0.09,0.3,0.55,1.01,1.34,1.55,2.04,2.09,488
2021-09-30,6.44,0.09,0.28,0.53,0.98,1.32,1.52,2.02,2.08,492
2021-10-01,6.37,0.09,0.27,0.49,0.93,1.26,1.48,1.99,2.04,489
2021-10-04,6.33,0.09,0.27,0.52,0.95,1.27,1.49,1.99,2.05,484
2021-10-05,6.18,0.09,0.28,0.54,0.98,1.32,1.54,2.04,2.1,464
2021-10-06,6.14,0.1,0.3,0.55,0.99,1.32,1.53,2.02,2.08,461
2021-10-07,5.92,0.1,0.32,0.57,1.02,1.36,1.58,2.08,2.13,434
2021-10-12,5.76,0.1,0.35,0.64,1.08,1.39,1.59,2.05,2.1,417
2021-10-13,5.78,0.11,0.37,0.66,1.09,1.38,1.56,2,2.05,422
2021-10-14,5.71,0.1,0.36,0.62,1.05,1.34,1.52,1.97,2.02,419
2021-10-15,5.83,0.12,0.41,0.7,1.13,1.42,1.59,2.02,2.05,424
2021-10-18,5.95,0.11,0.44,0.72,1.16,1.43,1.59,1.99,2.01,436
2021-10-19,5.9,0.11,0.41,0.71,1.17,1.47,1.65,2.07,2.09,425
2021-10-20,5.92,0.1,0.4,0.7,1.16,1.46,1.65,2.09,2.12,427
2021-10-21,5.94,0.12,0.45,0.78,1.23,1.52,1.68,2.1,2.13,426
2021-10-22,5.88,0.13,0.48,0.79,1.22,1.49,1.66,2.06,2.08,422
2021-10-25,5.88,0.14,0.47,0.76,1.19,1.47,1.64,2.07,2.09,424
2021-10-26,5.95,0.14,0.47,0.77,1.2,1.46,1.63,2.03,2.05,432
2021-10-27,5.95,0.12,0.5,0.77,1.16,1.41,1.54,1.93,1.95,441
2021-10-28,5.83,0.15,0.5,0.77,1.18,1.44,1.57,1.98,1.96,426
2021-10-29,5.82,0.15,0.48,0.75,1.18,1.44,1.55,1.98,1.93,427
2021-11-02,5.82,0.15,0.46,0.73,1.15,1.42,1.56,1.97,1.96,426
2021-11-03,5.9,0.17,0.47,0.77,1.19,1.46,1.6,2.01,2,430
2021-11-04,5.84,0.14,0.41,0.69,1.1,1.37,1.53,1.96,1.96,431
2021-11-05,5.73,0.14,0.39,0.66,1.04,1.3,1.45,1.88,1.87,428
2021-11-08,5.74,0.16,0.45,0.75,1.13,1.38,1.51,1.91,1.89,423
2021-11-09,5.8,0.14,0.41,0.71,1.08,1.32,1.46,1.86,1.83,434
2021-11-10,5.87,0.17,0.51,0.83,1.23,1.45,1.56,1.96,1.92,431
2021-11-12,5.85,0.17,0.53,0.85,1.24,1.47,1.58,1.99,1.95,427
2021-11-15,5.8,0.18,0.53,0.87,1.26,1.51,1.63,2.05,2.01,417
2021-11-16,5.87,0.17,0.54,0.87,1.27,1.52,1.63,2.06,2.02,424
2021-11-17,5.83,0.18,0.52,0.85,1.24,1.49,1.6,2.04,2,423
2021-11-18,5.87,0.18,0.52,0.84,1.22,1.47,1.59,2.01,1.97,428
2021-11-19,5.86,0.18,0.52,0.86,1.22,1.45,1.54,1.95,1.91,432
2021-11-22,5.9,0.2,0.63,0.95,1.33,1.55,1.63,2.03,1.98,427
2021-11-23,5.97,0.21,0.6,0.95,1.33,1.58,1.67,2.08,2.02,430
2021-11-24,5.97,0.24,0.64,0.97,1.34,1.58,1.64,2.03,1.96,433
2021-11-26,5.88,0.2,0.5,0.81,1.16,1.4,1.48,1.89,1.83,440
2021-11-29,5.92,0.21,0.51,0.83,1.18,1.42,1.52,1.93,1.87,440
2021-11-30,5.95,0.24,0.52,0.81,1.14,1.36,1.43,1.85,1.78,452
2021-12-01,5.98,0.25,0.56,0.85,1.15,1.35,1.43,1.84,1.77,455
2021-12-02,5.98,0.27,0.63,0.9,1.21,1.38,1.44,1.87,1.76,454
2021-12-03,5.98,0.26,0.6,0.86,1.13,1.29,1.35,1.77,1.69,463
2021-12-06,5.96,0.28,0.65,0.91,1.21,1.38,1.43,1.84,1.75,453
2021-12-07,5.91,0.31,0.7,0.99,1.26,1.43,1.48,1.88,1.8,443
2021-12-09,5.93,0.28,0.7,0.99,1.26,1.42,1.49,1.91,1.87,444
2021-12-10,5.89,0.27,0.67,0.98,1.25,1.42,1.48,1.91,1.88,441
2021-12-13,5.88,0.27,0.66,0.95,1.21,1.37,1.42,1.86,1.81,446
2021-12-14,5.89,0.26,0.67,0.98,1.23,1.39,1.44,1.87,1.82,445
2021-12-15,5.91,0.29,0.69,1,1.26,1.42,1.47,1.91,1.86,444
2021-12-16,5.9,0.26,0.64,0.92,1.19,1.36,1.44,1.91,1.87,446
2021-12-17,5.92,0.27,0.66,0.93,1.18,1.34,1.41,1.87,1.82,451
2021-12-20,5.95,0.27,0.65,0.91,1.17,1.34,1.43,1.9,1.85,452
2021-12-21,6,0.29,0.7,0.96,1.24,1.4,1.48,1.92,1.89,452
2021-12-22,5.97,0.28,0.68,0.96,1.23,1.39,1.46,1.89,1.86,451
2021-12-23,5.94,0.31,0.71,0.97,1.25,1.42,1.5,1.94,1.91,444
2021-12-27,5.89,0.33,0.76,0.98,1.26,1.41,1.48,1.92,1.88,441
2021-12-28,5.86,0.39,0.74,0.99,1.27,1.41,1.49,1.94,1.9,437
2021-12-29,5.9,0.38,0.75,0.99,1.29,1.47,1.55,2,1.96,435
2021-12-30,5.934,0.38,0.73,0.98,1.27,1.44,1.52,1.97,1.93,441.4
2021-12-31,5.87,0.39,0.73,0.97,1.26,1.44,1.52,1.94,1.9,435
2022-01-03,5.944,0.4,0.78,1.04,1.37,1.55,1.63,2.05,2.01,431.4
2022-01-04,5.96,0.38,0.77,1.02,1.37,1.57,1.66,2.1,2.07,430
2022-01-05,6,0.41,0.83,1.1,1.43,1.62,1.71,2.12,2.09,429
2022-01-06,6.02,0.45,0.88,1.15,1.47,1.66,1.73,2.12,2.09,429
2022-01-07,6.05,0.43,0.87,1.17,1.5,1.69,1.76,2.15,2.11,429
2022-01-10,6.12,0.46,0.92,1.21,1.53,1.71,1.78,2.15,2.11,434
2022-01-11,6.05,0.46,0.9,1.22,1.51,1.69,1.75,2.13,2.08,430
2022-01-12,6.04,0.48,0.92,1.21,1.5,1.67,1.74,2.13,2.08,430
2022-01-13,6.07,0.47,0.91,1.18,1.47,1.64,1.7,2.1,2.05,437
2022-01-14,6.12,0.51,0.99,1.26,1.55,1.72,1.78,2.18,2.12,434
2022-01-18,6.192,0.58,1.06,1.35,1.65,1.82,1.87,2.24,2.18,432.2
2022-01-19,6.16,0.57,1.04,1.33,1.62,1.78,1.83,2.2,2.14,433
2022-01-20,6.09,0.6,1.08,1.34,1.62,1.77,1.83,2.19,2.14,426
2022-01-21,6.04,0.58,1.01,1.28,1.54,1.7,1.75,2.13,2.07,429
2022-01-24,6.08,0.58,0.99,1.25,1.53,1.69,1.75,2.15,2.1,433
2022-01-25,6.08,0.65,1.02,1.28,1.56,1.73,1.78,2.18,2.12,430
2022-01-26,6.08,0.7,1.13,1.39,1.66,1.81,1.85,2.22,2.16,423
2022-01-27,6.1,0.75,1.18,1.43,1.66,1.78,1.81,2.17,2.09,429
2022-01-28,6.11,0.75,1.15,1.38,1.61,1.74,1.78,2.14,2.07,433
2022-01-31,6.13,0.78,1.18,1.39,1.62,1.75,1.79,2.17,2.11,434
2022-02-01,6.15,0.78,1.18,1.39,1.63,1.76,1.81,2.19,2.12,434
2022-02-02,6.08,0.76,1.16,1.38,1.6,1.74,1.78,2.17,2.11,430
2022-02-03,6.08,0.78,1.19,1.42,1.66,1.78,1.82,2.2,2.14,426
2022-02-04,6.1,0.89,1.31,1.55,1.78,1.9,1.93,2.29,2.23,417
2022-02-07,6.12,0.88,1.3,1.54,1.76,1.88,1.92,2.28,2.22,420
2022-02-08,6.07,0.91,1.35,1.59,1.81,1.93,1.96,2.31,2.25,411
2022-02-09,6.04,0.91,1.36,1.61,1.82,1.92,1.94,2.31,2.25,410
2022-02-10,6.1,1.14,1.61,1.82,1.96,2.03,2.03,2.37,2.3,407
2022-02-11,6.08,1.07,1.5,1.71,1.84,1.92,1.92,2.3,2.24,416
2022-02-14,6.08,1.13,1.58,1.8,1.9,1.98,1.98,2.35,2.29,410
2022-02-15,6.1,1.11,1.58,1.8,1.94,2.03,2.05,2.42,2.37,405
2022-02-16,6.06,1.09,1.52,1.75,1.9,2,2.03,2.39,2.34,403
2022-02-17,6,1.05,1.49,1.7,1.85,1.94,1.97,2.35,2.31,403
2022-02-18,6.03,1.03,1.47,1.68,1.82,1.9,1.92,2.3,2.24,411
2022-02-22,6,1.17,1.56,1.74,1.85,1.93,1.94,2.31,2.24,406
2022-02-23,6,1.16,1.58,1.78,1.89,1.98,1.99,2.36,2.29,401
2022-02-24,6.04,1.08,1.54,1.73,1.84,1.94,1.96,2.36,2.28,408
2022-02-25,6.07,1.13,1.55,1.76,1.86,1.96,1.97,2.37,2.29,410
2022-02-28,6.17,1.01,1.44,1.62,1.71,1.81,1.83,2.25,2.17,434
2022-03-01,6.22,0.91,1.31,1.47,1.56,1.67,1.72,2.19,2.11,450
2022-03-02,6.26,1.06,1.5,1.67,1.74,1.83,1.86,2.32,2.24,440
2022-03-03,6.33,1.08,1.53,1.69,1.74,1.82,1.86,2.32,2.24,447
2022-03-04,6.45,1.05,1.5,1.62,1.65,1.7,1.74,2.23,2.16,471
2022-03-07,6.64,1.07,1.55,1.68,1.71,1.77,1.78,2.29,2.19,486
2022-03-08,6.67,1.12,1.63,1.78,1.8,1.85,1.86,2.34,2.24,481
2022-03-09,6.65,1.15,1.68,1.83,1.87,1.92,1.94,2.38,2.29,471
2022-03-10,6.72,1.19,1.72,1.88,1.92,1.98,1.98,2.45,2.38,474
2022-03-11,6.65,1.22,1.75,1.91,1.96,2.01,2,2.45,2.36,465
2022-03-14,6.72,1.28,1.87,2.04,2.1,2.16,2.14,2.56,2.47,458
2022-03-15,6.67,1.28,1.85,2.04,2.1,2.16,2.15,2.57,2.49,452
2022-03-16,6.63,1.35,1.95,2.14,2.18,2.22,2.19,2.56,2.46,444
2022-03-17,6.56,1.3,1.94,2.14,2.17,2.22,2.2,2.6,2.5,436
2022-03-18,6.52,1.29,1.97,2.15,2.14,2.17,2.14,2.53,2.42,438
2022-03-21,6.57,1.4,2.14,2.34,2.33,2.36,2.32,2.67,2.55,425
2022-03-22,6.61,1.59,2.18,2.38,2.39,2.42,2.38,2.71,2.6,423
2022-03-23,6.61,1.52,2.13,2.32,2.34,2.37,2.32,2.65,2.52,429
2022-03-24,6.75,1.55,2.13,2.35,2.37,2.39,2.34,2.63,2.51,441
2022-03-25,6.9,1.67,2.3,2.51,2.55,2.56,2.48,2.74,2.6,442
2022-03-28,6.81,1.69,2.35,2.55,2.54,2.55,2.46,2.72,2.57,435
2022-03-29,6.65,1.67,2.35,2.54,2.49,2.5,2.41,2.68,2.53,424
2022-03-30,6.61,1.64,2.31,2.49,2.44,2.43,2.35,2.63,2.48,426
2022-03-31,6.55,1.63,2.28,2.45,2.42,2.4,2.32,2.59,2.44,423
2022-04-01,6.72,1.72,2.44,2.61,2.55,2.5,2.39,2.6,2.44,433
2022-04-04,6.79,1.72,2.43,2.61,2.56,2.52,2.42,2.64,2.48,437
2022-04-05,6.86,1.77,2.51,2.69,2.69,2.65,2.54,2.74,2.57,432
2022-04-06,6.94,1.79,2.5,2.67,2.7,2.69,2.61,2.81,2.63,433
2022-04-07,6.93,1.78,2.47,2.66,2.7,2.73,2.66,2.87,2.69,427
2022-04-08,6.98,1.81,2.53,2.73,2.76,2.79,2.72,2.94,2.76,426
2022-04-11,7.08,1.85,2.5,2.73,2.79,2.84,2.79,3.02,2.84,429
2022-04-12,7.2,1.77,2.39,2.58,2.66,2.73,2.72,2.99,2.82,448
2022-04-13,7.29,1.78,2.37,2.57,2.66,2.71,2.7,2.97,2.81,459
2022-04-18,7.39,1.84,2.46,2.68,2.79,2.85,2.85,3.12,2.95,454
2022-04-19,7.48,1.94,2.61,2.81,2.91,2.95,2.93,3.19,3.01,455
2022-04-20,7.56,1.93,2.6,2.79,2.87,2.88,2.85,3.08,2.9,471
2022-04-21,7.67,2.01,2.68,2.87,2.96,2.96,2.9,3.12,2.94,477
2022-04-22,7.75,2.06,2.72,2.88,2.94,2.95,2.9,3.14,2.95,485
2022-04-25,8,2.03,2.63,2.79,2.84,2.85,2.81,3.06,2.88,519
2022-04-26,8.06,1.99,2.54,2.72,2.79,2.8,2.77,3.03,2.86,529
2022-04-27,7.8,1.97,2.58,2.75,2.81,2.84,2.82,3.08,2.91,498
2022-04-28,7.72,2.04,2.63,2.8,2.86,2.88,2.85,3.1,2.92,487
2022-04-29,7.87,2.1,2.7,2.87,2.92,2.94,2.89,3.14,2.96,498
2022-05-02,8,2.1,2.73,2.93,3.01,3.04,2.99,3.26,3.07,501
2022-05-03,7.94,2.16,2.78,2.95,3.01,3.03,2.97,3.21,3.03,497
2022-05-04,7.94,2.07,2.66,2.85,2.93,2.97,2.93,3.21,3.01,501
2022-05-05,8.16,2.08,2.71,2.91,3.01,3.07,3.05,3.35,3.15,511
2022-05-06,8.41,2.08,2.72,2.94,3.06,3.13,3.12,3.43,3.23,529
2022-05-09,8.4,1.99,2.61,2.81,2.95,3.04,3.05,3.38,3.19,535
2022-05-10,8.24,2.01,2.62,2.81,2.91,2.99,2.99,3.31,3.12,525
2022-05-11,8.16,1.99,2.66,2.81,2.89,2.94,2.91,3.25,3.05,525
2022-05-12,8.06,1.96,2.56,2.73,2.81,2.86,2.84,3.22,3,522
2022-05-13,8,2.04,2.61,2.79,2.89,2.95,2.93,3.32,3.1,507
2022-05-16,7.91,2.07,2.58,2.75,2.83,2.89,2.88,3.3,3.09,503
2022-05-17,7.99,2.16,2.71,2.89,2.96,3,2.98,3.36,3.17,501
2022-05-18,8,2.16,2.68,2.84,2.89,2.91,2.89,3.24,3.07,511
2022-05-19,7.93,2.11,2.63,2.78,2.84,2.87,2.84,3.24,3.05,509
2022-05-20,7.88,2.07,2.6,2.73,2.8,2.82,2.78,3.17,2.99,510
2022-05-23,7.86,2.09,2.65,2.8,2.88,2.9,2.86,3.26,3.08,500
2022-05-24,7.73,2.02,2.5,2.66,2.76,2.8,2.76,3.16,2.98,497
2022-05-25,7.58,2.01,2.48,2.63,2.71,2.76,2.75,3.14,2.97,483
2022-05-26,7.5,1.99,2.46,2.63,2.7,2.75,2.75,3.18,2.99,475
2022-05-27,7.48,2.01,2.47,2.64,2.71,2.76,2.74,3.16,2.97,474
2022-05-31,7.64,2.08,2.53,2.71,2.81,2.87,2.85,3.28,3.07,479
2022-06-01,7.63,2.16,2.66,2.84,2.94,2.98,2.94,3.31,3.09,469
2022-06-02,7.7,2.15,2.65,2.83,2.92,2.95,2.92,3.3,3.09,478
2022-06-03,7.73,2.18,2.66,2.87,2.95,2.99,2.96,3.33,3.11,477
2022-06-06,7.85,2.23,2.73,2.94,3.03,3.07,3.04,3.41,3.19,481
2022-06-07,7.77,2.26,2.75,2.91,2.99,3.02,2.98,3.35,3.13,479
2022-06-08,7.83,2.29,2.78,2.94,3.03,3.06,3.03,3.4,3.18,480
2022-06-09,7.85,2.35,2.83,2.99,3.07,3.08,3.04,3.4,3.18,481
2022-06-10,7.92,2.58,3.06,3.21,3.25,3.24,3.15,3.45,3.2,477
2022-06-13,8.08,2.89,3.4,3.56,3.56,3.53,3.43,3.68,3.42,465
2022-06-14,8.12,3.15,3.45,3.6,3.61,3.6,3.49,3.72,3.45,463
2022-06-15,8.05,2.93,3.2,3.35,3.38,3.39,3.33,3.64,3.39,472
2022-06-16,7.92,2.88,3.14,3.33,3.35,3.36,3.28,3.59,3.35,464
2022-06-17,7.88,2.86,3.17,3.35,3.34,3.34,3.25,3.55,3.3,463
2022-06-21,7.85,2.92,3.21,3.35,3.38,3.39,3.31,3.63,3.39,454
2022-06-22,7.88,2.79,3.06,3.2,3.22,3.24,3.16,3.49,3.25,472
2022-06-23,7.78,2.78,3.01,3.12,3.14,3.16,3.09,3.45,3.21,469
2022-06-24,7.83,2.83,3.04,3.13,3.18,3.19,3.13,3.51,3.26,470
2022-06-27,7.85,2.89,3.08,3.21,3.24,3.27,3.2,3.56,3.31,465
2022-06-28,7.84,2.88,3.1,3.21,3.25,3.27,3.2,3.55,3.3,464
2022-06-30,7.858,2.8,2.92,2.99,3.01,3.04,2.98,3.38,3.14,487.8
2022-07-01,7.82,2.79,2.84,2.85,2.88,2.92,2.88,3.35,3.11,494
2022-07-05,7.8,2.77,2.82,2.82,2.82,2.87,2.82,3.31,3.05,498
2022-07-06,7.7,2.82,2.97,2.99,2.96,2.99,2.93,3.42,3.14,477
2022-07-07,7.92,2.87,3.03,3.05,3.05,3.07,3.01,3.45,3.2,491
2022-07-08,8.1,2.96,3.12,3.14,3.13,3.16,3.09,3.53,3.27,501
2022-07-11,8.18,2.97,3.07,3.09,3.05,3.06,2.99,3.43,3.18,519
2022-07-12,8.42,3.07,3.03,3.07,3.01,3.01,2.96,3.37,3.13,546
2022-07-13,8.39,3.21,3.13,3.14,3.02,3,2.91,3.35,3.08,548
2022-07-14,8.45,3.16,3.15,3.16,3.06,3.05,2.96,3.36,3.11,549
2022-07-15,8.44,3.12,3.13,3.14,3.05,3.03,2.93,3.34,3.1,551
2022-07-18,8.49,3.13,3.15,3.15,3.06,3.05,2.96,3.39,3.14,553
2022-07-19,8.57,3.18,3.23,3.22,3.14,3.11,3.01,3.42,3.17,556
2022-07-20,8.55,3.18,3.25,3.25,3.18,3.15,3.04,3.43,3.17,551
2022-07-21,8.49,3.11,3.1,3.07,3,2.99,2.91,3.33,3.08,558
2022-07-22,8.34,3.01,2.98,2.93,2.87,2.85,2.77,3.23,3,557
2022-07-25,8.19,3.07,3,2.98,2.89,2.89,2.81,3.28,3.04,538
2022-07-26,8.19,3.06,3.02,3.01,2.89,2.88,2.81,3.27,3.03,538
2022-07-27,8.24,3,2.96,2.93,2.82,2.83,2.78,3.26,3.03,546
2022-08-01,8,2.98,2.9,2.82,2.66,2.64,2.6,3.12,2.92,540
2022-08-02,8,3.09,3.06,3.02,2.85,2.82,2.75,3.22,3,525
2022-08-03,8.01,3.14,3.1,3.04,2.86,2.81,2.73,3.17,2.96,528
2022-08-04,7.89,3.11,3.03,2.95,2.76,2.73,2.68,3.15,2.97,521
2022-08-05,7.98,3.29,3.24,3.18,2.97,2.91,2.83,3.27,3.06,515
2022-08-08,7.9,3.3,3.21,3.14,2.91,2.85,2.77,3.22,3,513
2022-08-09,7.91,3.33,3.28,3.2,2.97,2.89,2.8,3.24,3.01,511
2022-08-10,7.83,3.26,3.23,3.13,2.93,2.86,2.78,3.27,3.04,505
2022-08-11,7.86,3.25,3.23,3.16,2.98,2.94,2.87,3.38,3.15,499
2022-08-12,7.82,3.26,3.25,3.18,2.97,2.92,2.84,3.34,3.12,498
2022-08-15,7.74,3.23,3.2,3.14,2.91,2.86,2.79,3.31,3.1,495
2022-08-16,7.75,3.26,3.25,3.19,2.95,2.9,2.82,3.31,3.11,493
2022-08-17,7.8,3.27,3.28,3.27,3.04,2.99,2.89,3.37,3.15,491
2022-08-18,7.79,3.24,3.22,3.23,3.02,2.97,2.88,3.35,3.14,491
2022-08-19,7.87,3.26,3.25,3.28,3.11,3.06,2.98,3.44,3.22,489
2022-08-22,7.98,3.32,3.32,3.36,3.17,3.12,3.03,3.48,3.24,495
2022-08-23,7.98,3.29,3.29,3.35,3.18,3.14,3.05,3.49,3.26,493
2022-08-24,8.01,3.35,3.36,3.4,3.2,3.2,3.11,3.55,3.32,490
2022-08-25,7.94,3.33,3.35,3.37,3.15,3.11,3.03,3.47,3.25,491
2022-08-26,7.96,3.36,3.37,3.4,3.2,3.14,3.04,3.44,3.21,492
2022-08-29,7.99,3.43,3.42,3.45,3.27,3.21,3.12,3.5,3.25,487
2022-08-31,7.982,3.5,3.45,3.46,3.3,3.25,3.15,3.53,3.27,483.2
2022-09-01,8.16,3.51,3.51,3.54,3.39,3.36,3.26,3.64,3.37,490
2022-09-02,8.13,3.47,3.4,3.44,3.3,3.29,3.2,3.61,3.35,493
2022-09-06,8.28,3.61,3.5,3.55,3.43,3.41,3.33,3.74,3.49,495
2022-09-07,8.27,3.6,3.45,3.5,3.37,3.35,3.27,3.67,3.42,500
2022-09-08,8.26,3.6,3.48,3.54,3.39,3.37,3.29,3.69,3.45,497
2022-09-09,8.15,3.67,3.56,3.61,3.45,3.42,3.33,3.71,3.47,482
2022-09-12,8.08,3.7,3.58,3.6,3.47,3.45,3.37,3.76,3.53,471
2022-09-13,8.12,3.92,3.75,3.75,3.58,3.53,3.42,3.75,3.51,470
2022-09-14,8.17,3.95,3.78,3.79,3.6,3.52,3.41,3.73,3.47,476
2022-09-15,8.19,4,3.87,3.85,3.66,3.59,3.45,3.75,3.48,474
2022-09-16,8.19,3.96,3.85,3.81,3.62,3.56,3.45,3.79,3.52,474
2022-09-19,8.19,4.05,3.95,3.9,3.69,3.62,3.49,3.77,3.52,470
2022-09-20,8.28,4.03,3.96,3.94,3.75,3.69,3.57,3.83,3.59,471
2022-09-21,8.24,4.08,4.02,3.98,3.74,3.65,3.51,3.73,3.5,473
2022-09-22,8.28,4.08,4.11,4.12,3.91,3.84,3.7,3.9,3.65,458
2022-09-23,8.35,4.15,4.2,4.21,3.96,3.85,3.69,3.87,3.61,466
2022-09-26,8.48,4.17,4.27,4.37,4.15,4.06,3.88,4.01,3.72,460
2022-09-27,8.55,4.16,4.3,4.39,4.21,4.14,3.97,4.15,3.87,458
2022-09-28,8.64,3.99,4.07,4.12,3.92,3.83,3.72,3.98,3.7,492
2022-09-29,8.76,3.98,4.16,4.19,3.98,3.89,3.76,4,3.71,500
2022-09-30,8.8,4.05,4.22,4.25,4.06,3.97,3.83,4.08,3.79,497
2022-10-03,8.7,4.01,4.12,4.12,3.9,3.79,3.67,4,3.73,503
2022-10-04,8.68,4.15,4.1,4.08,3.84,3.73,3.62,3.95,3.7,506
2022-10-06,8.68,4.19,4.23,4.24,4.05,3.95,3.83,4.08,3.81,485
2022-10-07,8.62,4.24,4.3,4.33,4.14,4.03,3.89,4.13,3.86,473
2022-10-11,8.7,4.28,4.3,4.31,4.14,4.06,3.93,4.19,3.92,477
2022-10-12,8.77,4.28,4.28,4.29,4.12,4.03,3.91,4.18,3.9,486
2022-10-13,8.76,4.46,4.47,4.44,4.21,4.11,3.97,4.25,3.97,479
2022-10-14,8.77,4.5,4.48,4.47,4.25,4.15,4,4.26,3.99,477
2022-10-17,8.69,4.5,4.45,4.45,4.24,4.15,4.02,4.29,4.04,467
2022-10-18,8.61,4.5,4.43,4.43,4.21,4.12,4.01,4.27,4.04,460
2022-10-19,8.65,4.6,4.55,4.56,4.35,4.26,4.14,4.38,4.15,451
2022-10-20,8.67,4.66,4.62,4.66,4.45,4.36,4.24,4.47,4.24,443
2022-10-21,8.64,4.58,4.49,4.52,4.34,4.28,4.21,4.54,4.33,443
2022-10-24,8.68,4.61,4.5,4.52,4.36,4.31,4.25,4.59,4.4,443
2022-10-25,8.62,4.6,4.42,4.45,4.25,4.17,4.1,4.45,4.26,452
2022-10-26,8.55,4.54,4.39,4.41,4.2,4.12,4.04,4.38,4.19,451
2022-10-27,8.49,4.5,4.3,4.29,4.09,4.01,3.96,4.32,4.12,453
2022-10-28,8.51,4.55,4.41,4.38,4.19,4.1,4.02,4.38,4.15,449
2022-10-31,8.41,4.66,4.51,4.45,4.27,4.18,4.1,4.44,4.22,431
2022-11-02,8.23,4.76,4.61,4.54,4.3,4.2,4.1,4.41,4.15,413
2022-11-03,8.24,4.78,4.71,4.63,4.36,4.26,4.14,4.42,4.18,410
2022-11-04,8.13,4.76,4.66,4.58,4.33,4.26,4.17,4.49,4.27,396
2022-11-07,7.94,4.8,4.72,4.63,4.39,4.31,4.22,4.55,4.34,372
2022-11-08,7.74,4.77,4.67,4.55,4.31,4.22,4.14,4.47,4.28,360
2022-11-09,7.71,4.75,4.61,4.49,4.27,4.2,4.12,4.5,4.31,359
2022-11-10,7.53,4.59,4.34,4.17,3.95,3.89,3.82,4.24,4.03,371
2022-11-14,7.73,4.63,4.4,4.24,4,3.95,3.88,4.28,4.07,385
2022-11-15,7.87,4.6,4.37,4.17,3.93,3.88,3.8,4.2,3.98,407
2022-11-16,7.94,4.62,4.35,4.13,3.83,3.77,3.67,4.03,3.85,427
2022-11-17,8,4.68,4.43,4.22,3.93,3.87,3.77,4.1,3.89,423
2022-11-18,8.03,4.74,4.51,4.28,3.99,3.92,3.82,4.13,3.92,421
2022-11-21,7.95,4.75,4.48,4.32,3.97,3.94,3.83,4.14,3.91,412
2022-11-22,7.88,4.79,4.47,4.27,3.93,3.86,3.76,4.05,3.83,412
2022-11-23,7.89,4.75,4.46,4.23,3.88,3.81,3.71,3.97,3.74,418
2022-11-25,7.8,4.76,4.42,4.2,3.85,3.78,3.68,3.97,3.74,412
2022-11-28,7.77,4.76,4.46,4.22,3.88,3.8,3.69,3.97,3.74,408
2022-11-29,7.73,4.78,4.48,4.24,3.92,3.85,3.75,4.02,3.81,398
2022-11-30,7.63,4.74,4.38,4.13,3.82,3.76,3.68,4,3.8,395
2022-12-01,7.6,4.66,4.25,3.98,3.68,3.62,3.53,3.85,3.64,407
2022-12-02,7.64,4.69,4.28,3.99,3.67,3.61,3.51,3.79,3.56,413
2022-12-05,7.66,4.77,4.41,4.13,3.8,3.72,3.6,3.84,3.62,406
2022-12-06,7.6,4.73,4.34,4.07,3.73,3.64,3.51,3.77,3.52,409
2022-12-07,7.8,4.67,4.26,3.97,3.62,3.54,3.42,3.66,3.42,438
2022-12-13,7.72,4.64,4.22,3.96,3.66,3.6,3.51,3.74,3.53,421
2022-12-14,7.79,4.64,4.23,3.94,3.64,3.59,3.49,3.74,3.52,430
2022-12-15,7.82,4.65,4.23,3.96,3.62,3.56,3.44,3.69,3.48,438
2022-12-16,7.96,4.61,4.17,3.91,3.61,3.58,3.48,3.73,3.53,448
2022-12-19,8.07,4.64,4.25,3.99,3.7,3.67,3.57,3.82,3.62,450
2022-12-20,8.06,4.64,4.25,4.03,3.79,3.78,3.69,3.94,3.74,437
2022-12-21,8,4.6,4.21,4,3.78,3.77,3.68,3.93,3.74,432
2022-12-22,7.97,4.64,4.24,4.02,3.79,3.77,3.67,3.91,3.73,430
2022-12-23,7.97,4.66,4.31,4.09,3.86,3.83,3.75,3.99,3.82,422
2022-12-27,7.93,4.75,4.32,4.17,3.94,3.93,3.84,4.1,3.93,409
2022-12-28,7.97,4.71,4.31,4.18,3.97,3.97,3.88,4.13,3.98,409
2022-12-29,7.98,4.71,4.34,4.16,3.94,3.91,3.83,4.09,3.92,415
2022-12-30,7.98,4.73,4.41,4.22,3.99,3.96,3.88,4.14,3.97,410
2023-01-03,8.01,4.72,4.4,4.18,3.94,3.89,3.79,4.06,3.88,422
2023-01-04,8,4.71,4.36,4.11,3.85,3.79,3.69,3.97,3.81,431
2023-01-05,7.99,4.78,4.45,4.18,3.9,3.82,3.71,3.96,3.78,428
2023-01-06,7.91,4.71,4.24,3.96,3.69,3.63,3.55,3.84,3.67,436
2023-01-09,7.67,4.69,4.19,3.93,3.66,3.6,3.53,3.83,3.66,414
2023-01-10,7.78,4.74,4.24,3.94,3.72,3.67,3.61,3.91,3.74,417
2023-01-11,7.78,4.73,4.2,3.9,3.66,3.61,3.54,3.84,3.67,424
2023-01-12,7.77,4.66,4.12,3.79,3.53,3.48,3.43,3.73,3.56,434
2023-01-13,7.94,4.69,4.22,3.88,3.6,3.55,3.49,3.79,3.61,445
2023-01-17,8.04,4.67,4.18,3.86,3.6,3.57,3.53,3.81,3.64,451
2023-01-18,8,4.63,4.06,3.72,3.43,3.4,3.37,3.65,3.54,463
2023-01-19,8.03,4.65,4.09,3.76,3.48,3.43,3.39,3.69,3.57,464
2023-01-20,7.98,4.68,4.14,3.83,3.56,3.51,3.48,3.77,3.66,450
2023-01-23,7.96,4.7,4.21,3.88,3.61,3.56,3.52,3.8,3.69,444
2023-01-24,8.09,4.7,4.12,3.86,3.58,3.52,3.46,3.73,3.62,463
2023-01-30,8.05,4.71,4.25,3.96,3.68,3.62,3.55,3.79,3.66,450
2023-01-31,8.09,4.68,4.21,3.9,3.63,3.59,3.52,3.78,3.65,457
2023-02-01,7.95,4.66,4.09,3.75,3.48,3.43,3.39,3.67,3.55,456
2023-02-02,7.8,4.64,4.09,3.75,3.49,3.44,3.4,3.67,3.55,440
2023-02-03,7.8,4.79,4.3,3.96,3.67,3.61,3.53,3.77,3.63,427
2023-02-06,7.84,4.85,4.44,4.1,3.81,3.73,3.63,3.82,3.67,421
2023-02-07,7.84,4.88,4.47,4.11,3.85,3.78,3.67,3.87,3.72,417
2023-02-08,7.88,4.87,4.45,4.08,3.82,3.75,3.63,3.86,3.7,425
2023-02-09,7.87,4.88,4.48,4.15,3.87,3.79,3.67,3.9,3.75,420
2023-02-10,7.766,4.89,4.5,4.19,3.93,3.86,3.74,3.96,3.83,402.6
2023-02-15,7.88,4.96,4.62,4.35,4.04,3.94,3.81,3.97,3.85,407
2023-02-16,7.94,4.99,4.62,4.35,4.06,3.98,3.86,4.05,3.92,408
2023-02-17,7.86,5,4.6,4.33,4.03,3.95,3.82,4.01,3.88,404
2023-02-21,7.88,5.07,4.67,4.44,4.16,4.08,3.95,4.12,3.98,393
2023-02-22,7.83,5.07,4.66,4.43,4.13,4.07,3.93,4.09,3.94,390
2023-02-23,7.86,5.03,4.66,4.4,4.09,4.02,3.88,4.04,3.88,398
2023-02-24,8.07,5.05,4.78,4.52,4.19,4.1,3.95,4.11,3.93,412
2023-02-27,7.99,5.03,4.78,4.49,4.17,4.08,3.92,4.11,3.93,407
2023-02-28,8,5.02,4.81,4.51,4.18,4.07,3.92,4.1,3.93,408
2023-03-01,7.96,5.06,4.89,4.61,4.27,4.17,4.01,4.17,3.97,395
2023-03-02,8.07,5.04,4.89,4.63,4.32,4.24,4.08,4.24,4.03,399
2023-03-03,8.07,5.03,4.86,4.6,4.26,4.15,3.97,4.12,3.9,410
2023-03-06,8.07,5.05,4.89,4.61,4.27,4.16,3.98,4.14,3.92,409
2023-03-07,8.05,5.22,5,4.66,4.31,4.17,3.97,4.11,3.88,408
2023-03-08,8.054,5.25,5.05,4.71,4.34,4.19,3.98,4.11,3.88,407.4
2023-03-09,8,5.18,4.9,4.56,4.22,4.1,3.93,4.09,3.88,407
2023-03-10,7.87,4.9,4.6,4.31,3.96,3.86,3.7,3.9,3.7,417
2023-03-13,7.77,4.3,4.03,3.88,3.68,3.65,3.55,3.85,3.7,422
2023-03-14,7.78,4.45,4.2,4.05,3.78,3.74,3.64,3.91,3.77,414
2023-03-15,7.62,4.19,3.93,3.83,3.59,3.57,3.51,3.82,3.7,411
2023-03-16,7.7,4.49,4.14,3.99,3.72,3.67,3.56,3.87,3.71,414
2023-03-17,7.57,4.26,3.81,3.68,3.44,3.45,3.39,3.76,3.6,418
2023-03-20,7.55,4.34,3.92,3.77,3.56,3.55,3.47,3.83,3.65,408
2023-03-21,7.57,4.68,4.17,3.98,3.73,3.68,3.59,3.9,3.73,398
2023-03-22,7.55,4.56,3.96,3.76,3.54,3.53,3.48,3.83,3.68,407
2023-03-23,7.42,4.38,3.76,3.57,3.39,3.39,3.38,3.78,3.66,404
2023-03-24,7.42,4.32,3.76,3.58,3.41,3.4,3.38,3.77,3.64,404
2023-03-27,7.47,4.51,3.94,3.79,3.59,3.57,3.53,3.9,3.77,394
2023-03-28,7.47,4.55,4.02,3.84,3.63,3.6,3.55,3.9,3.77,392
2023-03-29,7.48,4.59,4.08,3.87,3.67,3.62,3.57,3.91,3.78,391
2023-03-30,7.46,4.63,4.1,3.87,3.66,3.61,3.55,3.88,3.74,391
2023-03-31,7.51,4.64,4.06,3.81,3.6,3.55,3.48,3.81,3.67,403
2023-04-03,7.53,4.6,3.97,3.73,3.52,3.48,3.43,3.78,3.64,410
2023-04-04,7.48,4.5,3.84,3.6,3.39,3.38,3.35,3.72,3.6,413
2023-04-05,7.45,4.43,3.79,3.55,3.36,3.34,3.3,3.67,3.56,415
2023-04-10,7.5,4.65,4,3.75,3.52,3.47,3.41,3.74,3.62,409
2023-04-11,7.51,4.67,4.03,3.76,3.54,3.48,3.43,3.75,3.62,408
2023-04-12,7.48,4.64,3.95,3.68,3.46,3.43,3.41,3.75,3.64,407
2023-04-13,7.48,4.66,3.96,3.7,3.51,3.48,3.45,3.8,3.69,403
2023-04-14,7.52,4.77,4.08,3.83,3.6,3.56,3.52,3.85,3.74,400
2023-04-17,7.57,4.8,4.18,3.92,3.69,3.64,3.6,3.92,3.81,397
2023-04-24,7.45,4.76,4.12,3.84,3.6,3.56,3.52,3.85,3.73,393
2023-04-25,7.41,4.6,3.86,3.62,3.43,3.42,3.4,3.77,3.65,401
2023-04-26,7.43,4.64,3.9,3.65,3.46,3.45,3.43,3.81,3.7,400
2023-04-27,7.49,4.78,4.07,3.82,3.6,3.57,3.53,3.88,3.76,396
2023-04-28,7.49,4.8,4.04,3.75,3.51,3.49,3.44,3.8,3.67,405
2023-05-02,7.51,4.74,3.97,3.67,3.46,3.44,3.44,3.82,3.72,407
2023-05-03,7.44,4.7,3.89,3.58,3.37,3.37,3.38,3.79,3.7,406
2023-05-04,7.43,4.59,3.75,3.47,3.29,3.32,3.37,3.8,3.73,406
2023-05-05,7.33,4.73,3.92,3.63,3.41,3.41,3.44,3.85,3.76,389
2023-05-08,7.26,4.79,4,3.7,3.49,3.5,3.52,3.92,3.84,374
2023-05-09,7.19,4.81,4.01,3.67,3.51,3.51,3.53,3.94,3.85,366
2023-05-10,7.14,4.7,3.9,3.55,3.37,3.4,3.43,3.88,3.8,371
2023-05-11,7.19,4.7,3.89,3.56,3.36,3.37,3.39,3.82,3.73,380
2023-05-12,7.19,4.75,3.98,3.65,3.45,3.45,3.46,3.87,3.78,373
2023-05-15,7.11,4.73,3.99,3.67,3.46,3.48,3.5,3.92,3.84,361
2023-05-16,7.24,4.88,4.06,3.74,3.52,3.53,3.54,3.96,3.87,370
2023-05-17,7.27,4.92,4.12,3.8,3.58,3.58,3.57,3.96,3.88,370
2023-05-18,7.31,5.02,4.24,3.94,3.69,3.67,3.65,4.02,3.91,366
2023-05-19,7.41,5.02,4.28,3.98,3.76,3.74,3.7,4.07,3.95,371
2023-05-22,7.44,5.07,4.29,3.98,3.77,3.74,3.72,4.09,3.97,372
2023-05-23,7.35,5.06,4.26,3.99,3.76,3.73,3.7,4.08,3.96,365
2023-05-24,7.33,5.12,4.31,4.04,3.75,3.76,3.73,4.1,3.97,360
2023-05-25,7.29,5.24,4.5,4.21,3.9,3.86,3.83,4.16,4.01,346
2023-05-26,7.21,5.25,4.54,4.23,3.92,3.86,3.8,4.13,3.96,341
2023-05-30,7.15,5.22,4.46,4.1,3.81,3.75,3.69,4.06,3.9,346
2023-05-31,7.05,5.18,4.4,4.04,3.74,3.69,3.64,4.01,3.85,341
2023-06-01,7.23,5.11,4.33,3.98,3.7,3.66,3.61,3.98,3.84,362
2023-06-02,7.27,5.22,4.5,4.13,3.84,3.78,3.69,4.03,3.88,358
2023-06-05,7.29,5.17,4.46,4.1,3.82,3.77,3.69,4.03,3.89,360
2023-06-06,7.29,5.2,4.51,4.15,3.85,3.78,3.7,4.02,3.87,359
2023-06-07,7.31,5.16,4.56,4.21,3.93,3.88,3.79,4.12,3.95,352
2023-06-08,7.22,5.12,4.52,4.17,3.87,3.8,3.73,4.05,3.89,349
2023-06-09,7.16,5.17,4.59,4.23,3.92,3.84,3.75,4.05,3.89,341
2023-06-12,7.13,5.18,4.55,4.16,3.89,3.82,3.73,4.04,3.87,340
2023-06-13,7.13,5.26,4.67,4.3,4.01,3.94,3.84,4.12,3.94,329
2023-06-14,7.09,5.27,4.74,4.37,4.06,3.95,3.83,4.09,3.9,326
2023-06-15,7.08,5.21,4.62,4.23,3.91,3.82,3.72,4.02,3.85,336
2023-06-16,7.02,5.24,4.7,4.32,3.99,3.88,3.77,4.05,3.86,325
2023-06-20,6.93,5.24,4.68,4.29,3.96,3.85,3.74,4.01,3.83,319
2023-06-21,6.92,5.25,4.68,4.29,3.95,3.84,3.72,3.99,3.81,320
2023-06-22,6.96,5.29,4.77,4.37,4.03,3.92,3.8,4.06,3.88,316
2023-06-23,6.95,5.25,4.71,4.32,3.99,3.88,3.74,4.01,3.82,321
2023-06-26,6.95,5.27,4.65,4.3,3.96,3.85,3.72,4.01,3.83,323
2023-06-27,6.94,5.33,4.74,4.38,4.02,3.9,3.77,4.03,3.84,317
2023-06-28,6.88,5.32,4.71,4.32,3.97,3.83,3.71,4,3.81,317
2023-06-30,6.85,5.4,4.87,4.49,4.13,3.97,3.81,4.06,3.85,304
2023-07-03,6.66,5.43,4.94,4.56,4.19,4.03,3.86,4.08,3.87,280
2023-07-05,6.66,5.4,4.94,4.59,4.25,4.11,3.95,4.17,3.95,271
2023-07-06,6.79,5.44,4.99,4.68,4.37,4.22,4.05,4.23,4.01,274
2023-07-07,6.78,5.41,4.94,4.64,4.35,4.23,4.06,4.27,4.05,272
2023-07-10,6.8,5.38,4.85,4.54,4.25,4.14,4.01,4.24,4.05,279
2023-07-13,6.67,5.27,4.59,4.21,3.93,3.85,3.76,4.07,3.9,291
2023-07-14,6.73,5.34,4.74,4.35,4.04,3.94,3.83,4.11,3.93,290
2023-07-17,6.78,5.33,4.74,4.34,4.02,3.91,3.81,4.1,3.94,297
2023-07-18,6.79,5.32,4.74,4.35,4,3.9,3.8,4.08,3.91,299
2023-07-19,6.76,5.32,4.74,4.34,3.98,3.87,3.75,4.01,3.84,301
2023-07-20,6.79,5.35,4.8,4.43,4.08,3.98,3.85,4.1,3.91,294
2023-07-21,6.83,5.35,4.82,4.44,4.09,3.97,3.84,4.1,3.91,299
2023-07-24,6.83,5.38,4.81,4.48,4.13,4,3.86,4.11,3.92,297
2023-07-25,6.78,5.38,4.85,4.53,4.15,4.05,3.91,4.14,3.95,287
2023-07-26,6.76,5.37,4.82,4.47,4.09,3.99,3.86,4.12,3.94,290
2023-07-27,6.81,5.4,4.91,4.58,4.24,4.13,4.01,4.26,4.06,280
2023-07-31,6.72,5.37,4.88,4.51,4.18,4.08,3.97,4.22,4.02,275
2023-08-01,6.74,5.38,4.92,4.57,4.24,4.15,4.05,4.3,4.11,269
2023-08-02,6.82,5.36,4.88,4.54,4.24,4.17,4.08,4.35,4.17,274
2023-08-03,6.94,5.37,4.9,4.58,4.3,4.26,4.2,4.49,4.32,274
2023-08-04,6.89,5.33,4.78,4.45,4.15,4.1,4.05,4.36,4.21,284
2023-08-07,6.88,5.3,4.76,4.44,4.16,4.13,4.09,4.42,4.27,279
2023-08-08,6.81,5.35,4.74,4.36,4.1,4.06,4.02,4.35,4.2,279
2023-08-09,6.76,5.35,4.79,4.41,4.12,4.07,4,4.33,4.18,276
2023-08-10,6.68,5.33,4.82,4.47,4.21,4.17,4.09,4.41,4.24,259
2023-08-11,6.68,5.36,4.89,4.56,4.31,4.26,4.16,4.45,4.27,252
2023-08-14,6.74,5.37,4.96,4.64,4.36,4.29,4.19,4.46,4.29,255
2023-08-15,6.77,5.36,4.92,4.64,4.36,4.31,4.21,4.49,4.32,256
2023-08-16,6.8,5.37,4.97,4.68,4.42,4.37,4.28,4.55,4.38,252
2023-08-17,6.9,5.36,4.94,4.67,4.42,4.38,4.3,4.58,4.41,260
2023-08-18,6.98,5.35,4.92,4.63,4.38,4.34,4.26,4.55,4.38,272
2023-08-21,7.08,5.37,4.97,4.7,4.46,4.42,4.34,4.64,4.45,274
2023-08-22,7.07,5.39,5.02,4.75,4.49,4.44,4.34,4.61,4.42,273
2023-08-23,6.96,5.35,4.95,4.64,4.36,4.3,4.19,4.46,4.27,277
2023-08-24,6.91,5.39,4.98,4.69,4.39,4.34,4.23,4.49,4.3,268
2023-08-25,6.9,5.44,5.03,4.72,4.44,4.37,4.25,4.5,4.3,265
2023-08-28,6.84,5.44,4.98,4.69,4.38,4.32,4.2,4.48,4.29,264
2023-08-29,6.74,5.37,4.87,4.56,4.26,4.21,4.12,4.42,4.23,262
2023-08-31,6.68,5.37,4.85,4.54,4.23,4.19,4.09,4.39,4.2,259
2023-09-01,6.79,5.36,4.87,4.57,4.29,4.27,4.18,4.48,4.29,261
2023-09-05,6.88,5.42,4.94,4.65,4.37,4.35,4.27,4.56,4.38,261
2023-09-06,6.98,5.44,5.01,4.73,4.44,4.39,4.3,4.56,4.37,268
2023-09-07,6.93,5.4,4.94,4.66,4.38,4.35,4.27,4.55,4.36,266
2023-09-08,6.85,5.42,4.98,4.68,4.39,4.35,4.26,4.52,4.33,259
2023-09-11,6.83,5.4,4.97,4.64,4.4,4.37,4.29,4.56,4.37,254
2023-09-12,6.83,5.42,4.98,4.66,4.41,4.36,4.27,4.54,4.35,256
2023-09-13,6.83,5.42,4.96,4.64,4.39,4.34,4.25,4.52,4.34,258
2023-09-14,6.81,5.42,5,4.68,4.42,4.38,4.29,4.57,4.39,252
2023-09-15,6.75,5.43,5.02,4.72,4.45,4.41,4.33,4.59,4.42,242
2023-09-18,6.79,5.44,5.05,4.74,4.46,4.41,4.32,4.57,4.4,247
2023-09-19,6.91,5.45,5.08,4.79,4.51,4.47,4.37,4.6,4.43,254
2023-09-20,6.88,5.47,5.12,4.82,4.52,4.46,4.35,4.57,4.4,253
2023-09-21,7.02,5.46,5.12,4.85,4.61,4.57,4.49,4.74,4.56,253
2023-09-22,6.97,5.46,5.1,4.8,4.57,4.53,4.44,4.7,4.53,253
2023-09-25,7.15,5.45,5.09,4.83,4.62,4.61,4.55,4.84,4.67,260
2023-09-26,7.22,5.45,5.04,4.84,4.62,4.62,4.56,4.86,4.7,266
2023-09-27,7.45,5.49,5.1,4.89,4.67,4.69,4.61,4.91,4.73,284
2023-09-28,7.37,5.46,5.04,4.83,4.62,4.63,4.59,4.9,4.71,278
2023-09-29,7.23,5.46,5.03,4.8,4.6,4.61,4.59,4.92,4.73,264
2023-10-02,7.34,5.49,5.12,4.88,4.72,4.73,4.69,5,4.81,265
2023-10-03,7.48,5.49,5.15,4.95,4.8,4.84,4.81,5.13,4.95,267
2023-10-04,7.5,5.42,5.05,4.85,4.72,4.75,4.73,5.05,4.87,277
2023-10-05,7.57,5.39,5.03,4.82,4.68,4.73,4.72,5.06,4.89,285
2023-10-06,7.56,5.43,5.08,4.87,4.75,4.79,4.78,5.13,4.95,278
2023-10-10,7.48,5.37,4.96,4.74,4.62,4.66,4.66,5.03,4.85,282
2023-10-11,7.53,5.38,4.99,4.73,4.59,4.61,4.58,4.92,4.73,295
2023-10-12,7.65,5.43,5.06,4.82,4.69,4.73,4.7,5.05,4.86,295
2023-10-13,7.68,5.41,5.04,4.8,4.65,4.66,4.63,4.97,4.78,305
2023-10-16,7.72,5.42,5.09,4.87,4.72,4.74,4.71,5.06,4.87,301
2023-10-17,7.69,5.48,5.19,5.01,4.86,4.88,4.83,5.14,4.94,286
2023-10-18,7.72,5.47,5.19,5.03,4.92,4.95,4.91,5.2,5,281
2023-10-19,7.75,5.44,5.14,5.01,4.95,5,4.98,5.3,5.11,277
2023-10-20,7.76,5.41,5.07,4.93,4.86,4.93,4.93,5.27,5.09,283
2023-10-23,7.73,5.42,5.05,4.89,4.81,4.87,4.86,5.19,5.01,287
2023-10-24,7.66,5.41,5.02,4.91,4.82,4.86,4.83,5.15,4.96,283
2023-10-25,7.71,5.43,5.08,4.98,4.89,4.98,4.95,5.27,5.09,276
2023-10-26,7.68,5.39,5.02,4.89,4.79,4.86,4.86,5.19,5.01,282
2023-10-27,7.69,5.39,4.99,4.84,4.76,4.83,4.84,5.19,5.03,285
2023-10-30,7.66,5.41,5.03,4.87,4.8,4.88,4.88,5.21,5.04,278
2023-10-31,7.66,5.44,5.07,4.9,4.82,4.89,4.88,5.21,5.04,278
2023-11-02,7.32,5.38,4.98,4.78,4.65,4.68,4.67,4.99,4.82,265
2023-11-03,7.29,5.29,4.83,4.62,4.49,4.55,4.57,4.93,4.77,272
2023-11-06,7.25,5.33,4.93,4.72,4.6,4.66,4.67,5,4.84,258
2023-11-07,7.23,5.33,4.91,4.64,4.53,4.58,4.58,4.91,4.75,265
2023-11-08,7.14,5.34,4.93,4.65,4.51,4.54,4.49,4.82,4.64,265
2023-11-09,7.16,5.39,5.03,4.77,4.65,4.68,4.62,4.97,4.77,254
2023-11-10,7.18,5.38,5.04,4.8,4.65,4.68,4.61,4.93,4.73,257
2023-11-13,7.2,5.37,5.02,4.8,4.66,4.69,4.63,4.95,4.75,257
2023-11-14,7.08,5.24,4.8,4.56,4.42,4.45,4.44,4.8,4.61,264
2023-11-15,7.13,5.27,4.9,4.68,4.52,4.56,4.53,4.87,4.68,260
2023-11-16,7.11,5.23,4.83,4.59,4.43,4.47,4.45,4.82,4.63,266
2023-11-17,7.12,5.24,4.88,4.64,4.45,4.47,4.44,4.8,4.59,268
2023-11-20,7.08,5.25,4.89,4.62,4.44,4.46,4.42,4.74,4.57,266
2023-11-21,7.06,5.24,4.86,4.6,4.41,4.44,4.41,4.75,4.57,265
2023-11-22,7.09,5.26,4.89,4.62,4.44,4.46,4.42,4.73,4.55,267
2023-11-24,7.18,5.27,4.92,4.67,4.49,4.51,4.47,4.79,4.6,271
2023-11-27,7.22,5.24,4.84,4.6,4.38,4.43,4.39,4.72,4.53,283
2023-11-28,7.24,5.21,4.73,4.49,4.29,4.36,4.34,4.7,4.52,290
2023-11-29,7.18,5.12,4.64,4.4,4.22,4.28,4.27,4.62,4.44,291
2023-11-30,7.2,5.16,4.73,4.48,4.31,4.38,4.37,4.72,4.54,283
2023-12-01,7.1,5.05,4.56,4.31,4.14,4.22,4.22,4.58,4.4,288
2023-12-04,7.1,5.1,4.64,4.4,4.23,4.3,4.28,4.61,4.43,282
2023-12-05,7.04,5.06,4.57,4.33,4.14,4.2,4.18,4.48,4.3,286
2023-12-06,6.88,5.07,4.6,4.33,4.12,4.16,4.12,4.4,4.22,276
2023-12-07,6.92,5.05,4.58,4.31,4.11,4.16,4.14,4.42,4.25,278
2023-12-11,7.061,5.14,4.71,4.42,4.25,4.27,4.23,4.51,4.32,283.1
2023-12-12,7.08,5.14,4.73,4.42,4.23,4.24,4.2,4.48,4.3,288
2023-12-13,6.97,4.94,4.46,4.18,4,4.04,4.04,4.36,4.19,293
2023-12-14,6.75,4.9,4.37,4.09,3.9,3.93,3.92,4.21,4.03,283
2023-12-15,6.77,4.95,4.44,4.13,3.91,3.94,3.91,4.19,4,286
2023-12-18,6.8,4.95,4.43,4.15,3.94,3.97,3.95,4.23,4.05,285
2023-12-19,6.82,4.93,4.41,4.15,3.94,3.96,3.93,4.23,4.03,289
2023-12-20,6.79,4.88,4.34,4.06,3.86,3.88,3.86,4.17,3.98,293
2023-12-21,6.8,4.84,4.33,4.06,3.87,3.91,3.89,4.19,4.03,291
2023-12-22,6.8,4.82,4.31,4.04,3.87,3.92,3.9,4.21,4.05,290
2023-12-26,6.79,4.83,4.26,4.05,3.89,3.91,3.89,4.2,4.04,290
2023-12-27,6.68,4.79,4.2,3.97,3.78,3.81,3.79,4.1,3.95,289
2023-12-28,6.66,4.82,4.26,4.02,3.83,3.84,3.84,4.14,3.98,282
2023-12-29,6.69,4.79,4.23,4.01,3.84,3.88,3.88,4.2,4.03,281
2024-01-03,6.78,4.81,4.33,4.07,3.9,3.92,3.91,4.21,4.05,287
2024-01-04,6.84,4.85,4.38,4.14,3.97,3.99,3.99,4.3,4.13,285
2024-01-05,6.85,4.84,4.4,4.17,4.02,4.04,4.05,4.37,4.21,280
2024-01-08,6.82,4.82,4.36,4.11,3.97,3.99,4.01,4.33,4.17,281
2024-01-09,6.79,4.82,4.36,4.09,3.97,4,4.02,4.33,4.18,277
2024-01-10,6.72,4.82,4.37,4.1,3.99,4.01,4.04,4.35,4.2,268
2024-01-11,6.63,4.75,4.26,4.02,3.9,3.95,3.98,4.32,4.18,265
2024-01-12,6.55,4.65,4.14,3.92,3.84,3.91,3.96,4.32,4.2,259
2024-01-16,6.59,4.7,4.22,4.02,3.95,4.01,4.07,4.43,4.3,252
2024-01-17,6.67,4.8,4.34,4.12,4.02,4.07,4.1,4.42,4.31,257
2024-01-18,6.69,4.8,4.34,4.13,4.04,4.1,4.14,4.48,4.37,255
2024-01-19,6.66,4.84,4.39,4.18,4.08,4.12,4.15,4.47,4.36,251
2024-01-22,6.61,4.83,4.37,4.14,4.03,4.07,4.11,4.44,4.32,250
2024-01-23,6.63,4.81,4.31,4.16,4.06,4.11,4.14,4.48,4.38,249
2024-01-24,6.65,4.83,4.34,4.19,4.06,4.14,4.18,4.52,4.41,247
2024-01-25,6.64,4.76,4.28,4.12,4.01,4.07,4.14,4.49,4.38,250
2024-01-26,6.68,4.78,4.34,4.15,4.04,4.1,4.15,4.49,4.38,253
2024-01-29,6.66,4.76,4.29,4.1,3.97,4.02,4.08,4.42,4.31,258
2024-01-30,6.65,4.8,4.36,4.14,4,4.03,4.06,4.4,4.28,259
2024-01-31,6.6,4.73,4.27,4.05,3.91,3.95,3.99,4.34,4.22,261
2024-02-01,6.53,4.68,4.2,3.96,3.8,3.83,3.87,4.21,4.1,266
2024-02-02,6.7,4.81,4.36,4.14,3.99,4.02,4.03,4.33,4.22,267
2024-02-05,6.93,4.87,4.46,4.27,4.13,4.16,4.17,4.46,4.35,276
2024-02-06,6.74,4.82,4.39,4.14,4.03,4.07,4.09,4.39,4.29,265
2024-02-07,6.7,4.83,4.41,4.16,4.06,4.09,4.09,4.41,4.31,261
2024-02-08,6.73,4.83,4.46,4.22,4.12,4.15,4.15,4.47,4.36,258
2024-02-09,6.71,4.86,4.48,4.25,4.14,4.17,4.17,4.48,4.37,254
2024-02-12,6.71,4.87,4.46,4.25,4.13,4.16,4.17,4.48,4.37,254
2024-02-13,6.77,4.99,4.64,4.44,4.31,4.33,4.31,4.59,4.46,246
2024-02-14,6.74,4.94,4.56,4.38,4.25,4.27,4.27,4.57,4.45,247
2024-02-15,6.7,4.93,4.56,4.36,4.22,4.25,4.24,4.54,4.42,246
2024-02-16,6.7,4.98,4.64,4.43,4.29,4.31,4.3,4.58,4.45,240
2024-02-20,6.71,4.97,4.59,4.38,4.25,4.28,4.27,4.56,4.44,244
2024-02-21,6.74,4.98,4.64,4.43,4.3,4.33,4.32,4.59,4.49,242
2024-02-22,6.76,5.02,4.69,4.49,4.33,4.35,4.33,4.58,4.47,243
2024-02-23,6.81,5,4.67,4.45,4.28,4.28,4.26,4.51,4.37,255
2024-02-26,6.89,5.03,4.69,4.48,4.29,4.32,4.28,4.53,4.4,261
2024-02-27,6.86,5.03,4.7,4.5,4.32,4.34,4.31,4.57,4.44,255
2024-02-28,6.84,5,4.64,4.44,4.26,4.28,4.27,4.53,4.4,257
2024-02-29,6.86,5.01,4.64,4.43,4.26,4.28,4.25,4.51,4.38,261
2024-03-01,6.83,4.94,4.54,4.32,4.17,4.2,4.19,4.46,4.33,264
2024-03-04,6.88,4.98,4.61,4.39,4.21,4.23,4.22,4.48,4.36,266
2024-03-05,6.9,4.94,4.54,4.32,4.13,4.15,4.13,4.39,4.27,277
2024-03-06,6.95,4.95,4.55,4.32,4.12,4.12,4.11,4.36,4.24,284
2024-03-07,6.94,4.93,4.5,4.28,4.07,4.09,4.09,4.35,4.25,285
2024-03-08,6.97,4.92,4.48,4.25,4.06,4.08,4.09,4.36,4.26,288
2024-03-11,7.02,4.95,4.51,4.26,4.08,4.09,4.1,4.36,4.26,292
2024-03-12,7.04,5,4.58,4.33,4.15,4.16,4.16,4.42,4.31,288
2024-03-13,6.99,5.01,4.61,4.37,4.19,4.2,4.19,4.45,4.35,280
2024-03-14,7.02,5.04,4.68,4.46,4.29,4.3,4.29,4.54,4.44,273
2024-03-15,6.96,5.05,4.72,4.51,4.33,4.33,4.31,4.55,4.43,265
2024-03-18,6.99,5.06,4.73,4.52,4.36,4.35,4.34,4.57,4.46,265
2024-03-19,6.98,5.06,4.68,4.47,4.31,4.31,4.3,4.54,4.44,268
2024-03-20,7.02,5.01,4.59,4.41,4.25,4.28,4.27,4.53,4.45,275
2024-03-21,7,5.01,4.62,4.42,4.26,4.28,4.27,4.53,4.44,273
2024-03-22,6.94,4.98,4.59,4.36,4.2,4.22,4.22,4.47,4.39,272
2024-03-25,7.01,5,4.54,4.39,4.23,4.25,4.25,4.51,4.42,276
2024-03-26,7.33,5,4.56,4.38,4.22,4.23,4.24,4.49,4.4,309
2024-03-27,7.34,4.99,4.54,4.36,4.18,4.18,4.2,4.45,4.36,314
2024-04-01,7.54,5.06,4.72,4.51,4.34,4.33,4.33,4.58,4.47,321
2024-04-02,7.49,5.05,4.7,4.51,4.35,4.37,4.36,4.61,4.51,313
2024-04-03,7.2,5.03,4.68,4.48,4.34,4.36,4.36,4.61,4.51,284
2024-04-04,7.16,5,4.65,4.46,4.3,4.31,4.31,4.57,4.47,285
2024-04-05,7.22,5.05,4.73,4.54,4.38,4.39,4.39,4.65,4.54,283
2024-04-08,7.25,5.07,4.78,4.6,4.43,4.43,4.42,4.65,4.55,283
2024-04-09,7.28,5.03,4.74,4.52,4.37,4.38,4.36,4.6,4.5,292
2024-04-10,7.38,5.19,4.97,4.77,4.61,4.59,4.55,4.76,4.64,283
2024-04-11,7.45,5.17,4.93,4.77,4.61,4.6,4.56,4.77,4.65,289
2024-04-12,7.35,5.13,4.88,4.7,4.54,4.53,4.5,4.73,4.61,285
2024-04-15,7.46,5.16,4.93,4.78,4.65,4.65,4.63,4.85,4.74,283
2024-04-16,7.6,5.18,4.97,4.83,4.69,4.69,4.67,4.88,4.77,293
2024-04-17,7.58,5.16,4.93,4.77,4.62,4.61,4.59,4.81,4.71,299
2024-04-18,7.59,5.18,4.98,4.83,4.68,4.67,4.64,4.85,4.74,295
2024-04-19,7.5,5.17,4.97,4.81,4.66,4.65,4.62,4.83,4.72,288
2024-04-22,7.34,5.16,4.97,4.81,4.66,4.65,4.62,4.84,4.72,272
2024-04-23,7.3,5.14,4.86,4.76,4.63,4.62,4.61,4.84,4.73,269
2024-04-24,7.34,5.17,4.89,4.78,4.64,4.66,4.65,4.88,4.78,269
2024-04-25,7.36,5.21,4.96,4.85,4.7,4.71,4.7,4.93,4.82,266
2024-04-26,7.37,5.21,4.96,4.84,4.68,4.68,4.67,4.89,4.78,270
2024-04-29,7.355,5.2,4.97,4.8,4.65,4.64,4.63,4.86,4.75,272.5
2024-04-30,7.29,5.25,5.04,4.87,4.72,4.71,4.69,4.9,4.79,260
2024-05-02,7.22,5.16,4.87,4.71,4.57,4.57,4.58,4.82,4.72,264
2024-05-03,7.1,5.12,4.81,4.63,4.48,4.49,4.5,4.75,4.66,260
2024-05-06,7.1,5.12,4.82,4.64,4.48,4.48,4.49,4.73,4.64,261
2024-05-07,7.05,5.13,4.82,4.6,4.48,4.47,4.47,4.7,4.61,258
2024-05-08,7.13,5.13,4.84,4.63,4.5,4.49,4.48,4.73,4.64,265
2024-05-09,7.13,5.12,4.8,4.6,4.47,4.46,4.45,4.7,4.6,268
2024-05-10,7.12,5.17,4.87,4.65,4.52,4.51,4.5,4.74,4.64,262
2024-05-13,7.09,5.16,4.85,4.66,4.5,4.49,4.48,4.72,4.63,261
2024-05-14,7.113,5.16,4.81,4.62,4.46,4.45,4.45,4.69,4.59,266.3
2024-05-15,7.06,5.1,4.73,4.51,4.35,4.35,4.36,4.61,4.52,270
2024-05-16,7.06,5.13,4.78,4.58,4.4,4.39,4.38,4.62,4.52,268
2024-05-17,7.06,5.14,4.83,4.6,4.44,4.43,4.42,4.66,4.56,264
2024-05-20,7.066,5.15,4.82,4.62,4.46,4.44,4.44,4.68,4.58,262.6
2024-05-21,7.05,5.14,4.82,4.61,4.43,4.42,4.41,4.65,4.55,264
2024-05-22,7.09,5.16,4.86,4.64,4.47,4.44,4.43,4.63,4.55,266
2024-05-23,7.12,5.2,4.91,4.71,4.52,4.5,4.47,4.67,4.58,265
2024-05-24,7.09,5.21,4.93,4.71,4.53,4.49,4.46,4.65,4.57,263
2024-05-28,7.11,5.21,4.94,4.75,4.56,4.56,4.54,4.74,4.66,257
2024-05-29,7.11,5.22,4.96,4.79,4.63,4.63,4.61,4.82,4.74,250
2024-05-30,7.13,5.19,4.92,4.74,4.57,4.57,4.55,4.76,4.69,258
2024-05-31,7.06,5.18,4.89,4.69,4.52,4.52,4.51,4.73,4.65,255
2024-06-03,7,5.14,4.82,4.62,4.42,4.41,4.41,4.63,4.55,259
2024-06-04,7,5.11,4.77,4.55,4.35,4.33,4.33,4.56,4.48,267
2024-06-05,7.01,5.08,4.72,4.5,4.31,4.29,4.29,4.52,4.44,272
2024-06-06,6.99,5.08,4.72,4.49,4.29,4.28,4.28,4.51,4.43,271
2024-06-10,7.06,5.16,4.87,4.62,4.48,4.47,4.47,4.68,4.59,259
2024-06-11,7.06,5.17,4.81,4.57,4.41,4.4,4.39,4.62,4.53,267
2024-06-12,7.04,5.13,4.75,4.48,4.32,4.31,4.31,4.56,4.47,273
2024-06-13,7.04,5.07,4.68,4.42,4.24,4.23,4.24,4.5,4.4,280
2024-06-14,7.06,5.07,4.67,4.41,4.22,4.2,4.2,4.46,4.34,286
2024-06-17,7.09,5.11,4.75,4.5,4.3,4.28,4.28,4.52,4.4,281
2024-06-18,7.17,5.09,4.69,4.43,4.24,4.22,4.22,4.47,4.36,295
2024-06-20,7.18,5.1,4.7,4.45,4.26,4.25,4.25,4.49,4.39,293
2024-06-21,7.17,5.1,4.7,4.45,4.26,4.25,4.25,4.49,4.39,292
2024-06-24,7.16,5.1,4.71,4.46,4.27,4.25,4.25,4.48,4.38,291
2024-06-25,7.15,5.1,4.65,4.45,4.25,4.23,4.23,4.46,4.36,292
2024-06-26,7.16,5.13,4.71,4.53,4.32,4.32,4.32,4.55,4.45,284
2024-06-27,7.09,5.1,4.7,4.49,4.29,4.27,4.29,4.53,4.43,280
2024-06-28,7.06,5.09,4.71,4.52,4.33,4.33,4.36,4.61,4.51,270
2024-07-01,7.1,5.1,4.77,4.58,4.44,4.45,4.48,4.76,4.64,262
2024-07-02,7.11,5.07,4.74,4.54,4.39,4.4,4.43,4.71,4.6,268
2024-07-03,7.07,5.04,4.71,4.48,4.33,4.33,4.36,4.64,4.53,271
2024-07-05,7.03,4.98,4.6,4.39,4.22,4.23,4.28,4.57,4.47,275
2024-07-08,7.04,4.99,4.62,4.4,4.23,4.23,4.28,4.57,4.46,276
2024-07-09,7.05,5.02,4.62,4.37,4.24,4.25,4.3,4.59,4.49,275
2024-07-10,6.98,5.01,4.62,4.38,4.24,4.24,4.28,4.58,4.47,270
2024-07-11,6.9,4.91,4.5,4.26,4.13,4.15,4.2,4.51,4.41,270
2024-07-12,6.86,4.87,4.45,4.22,4.1,4.13,4.18,4.5,4.39,268
2024-07-15,6.89,4.85,4.44,4.23,4.13,4.16,4.23,4.56,4.46,266
2024-07-16,6.89,4.85,4.43,4.21,4.09,4.11,4.17,4.48,4.38,272
2024-07-17,6.88,4.85,4.42,4.19,4.07,4.09,4.16,4.46,4.37,272
2024-07-18,6.91,4.86,4.46,4.24,4.11,4.14,4.2,4.51,4.41,271
2024-07-19,6.96,4.87,4.49,4.28,4.16,4.18,4.25,4.55,4.45,271
2024-07-22,6.95,4.88,4.5,4.29,4.17,4.2,4.26,4.57,4.48,269
2024-07-24,6.98,4.82,4.37,4.24,4.12,4.2,4.28,4.62,4.54,270
2024-07-25,6.96,4.83,4.41,4.26,4.13,4.18,4.27,4.59,4.5,269
2024-07-30,6.93,4.78,4.35,4.16,4.03,4.06,4.15,4.5,4.4,278
2024-07-31,6.9,4.73,4.29,4.1,3.97,4,4.09,4.44,4.35,281
2024-08-01,6.79,4.62,4.16,3.96,3.84,3.89,3.99,4.35,4.27,280
2024-08-02,6.69,4.33,3.88,3.7,3.62,3.68,3.8,4.19,4.11,289
2024-08-05,6.73,4.34,3.89,3.71,3.62,3.66,3.78,4.16,4.06,295
2024-08-07,6.7,4.45,4,3.81,3.79,3.85,3.96,4.35,4.26,274
2024-08-08,6.62,4.48,4.04,3.86,3.83,3.89,3.99,4.38,4.28,263
2024-08-09,6.55,4.5,4.05,3.86,3.8,3.85,3.94,4.33,4.23,261
2024-08-16,6.55,4.49,4.06,3.87,3.77,3.81,3.89,4.26,4.15,266
2024-08-19,6.53,4.48,4.06,3.86,3.75,3.78,3.86,4.23,4.11,267
2024-08-20,6.53,4.43,3.99,3.8,3.7,3.73,3.82,4.19,4.07,271
2024-08-21,6.55,4.36,3.92,3.74,3.64,3.69,3.79,4.15,4.06,276
2024-08-22,6.59,4.43,3.99,3.82,3.72,3.77,3.86,4.21,4.13,273
2024-08-23,6.53,4.36,3.9,3.73,3.65,3.71,3.81,4.18,4.1,272
2024-08-26,6.54,4.38,3.91,3.74,3.66,3.72,3.82,4.19,4.11,272
2024-08-27,6.56,4.34,3.83,3.72,3.66,3.73,3.83,4.21,4.13,273
2024-08-28,6.55,4.36,3.83,3.72,3.63,3.74,3.84,4.22,4.13,271
2024-08-29,6.54,4.38,3.87,3.76,3.66,3.76,3.87,4.24,4.15,267
2024-09-03,6.55,4.35,3.88,3.73,3.65,3.73,3.84,4.21,4.13,271
2024-09-04,6.53,4.23,3.76,3.63,3.56,3.65,3.77,4.14,4.06,276
2024-09-05,6.52,4.21,3.75,3.61,3.54,3.63,3.73,4.11,4.02,279
2024-09-06,6.48,4.1,3.66,3.54,3.5,3.6,3.72,4.1,4.03,276
2024-09-09,6.43,4.12,3.68,3.54,3.49,3.58,3.7,4.08,4,273
2024-09-10,6.44,4.07,3.59,3.42,3.43,3.53,3.65,4.04,3.97,279
2024-09-11,6.4,4.12,3.62,3.45,3.45,3.54,3.65,4.03,3.96,275
2024-09-12,6.42,4.09,3.64,3.47,3.47,3.57,3.68,4.07,4,274
2024-09-13,6.39,4,3.57,3.42,3.43,3.53,3.66,4.05,3.98,273
2024-09-16,6.33,3.96,3.56,3.42,3.41,3.51,3.63,4.01,3.94,270
2024-09-17,6.29,3.99,3.59,3.45,3.44,3.53,3.65,4.02,3.96,264
2024-09-18,6.25,3.95,3.61,3.49,3.47,3.58,3.7,4.08,4.03,255
2024-09-19,6.22,3.93,3.59,3.47,3.49,3.6,3.73,4.11,4.06,249
2024-09-20,6.229,3.92,3.55,3.46,3.48,3.59,3.73,4.1,4.07,249.9
2024-09-23,6.25,3.91,3.57,3.47,3.51,3.62,3.75,4.12,4.09,250
2024-09-24,6.28,3.88,3.49,3.44,3.47,3.6,3.74,4.13,4.09,254
2024-09-25,6.29,3.89,3.53,3.49,3.52,3.65,3.79,4.18,4.14,250
2024-09-26,6.29,3.96,3.6,3.54,3.55,3.65,3.79,4.17,4.12,250
2024-09-27,6.24,3.9,3.55,3.49,3.5,3.6,3.75,4.15,4.1,249
2024-09-30,6.22,3.98,3.66,3.58,3.58,3.67,3.81,4.19,4.14,241
2024-10-01,6.22,3.96,3.61,3.52,3.51,3.6,3.74,4.14,4.08,248
2024-10-02,6.28,3.97,3.63,3.54,3.55,3.65,3.79,4.19,4.14,249
2024-10-03,6.39,4.02,3.7,3.62,3.62,3.71,3.85,4.24,4.18,254
2024-10-04,6.43,4.2,3.93,3.84,3.81,3.88,3.98,4.33,4.26,245
2024-10-07,6.5,4.24,3.99,3.89,3.86,3.92,4.03,4.37,4.3,247
2024-10-09,6.53,4.24,3.99,3.89,3.91,3.97,4.06,4.41,4.34,247
2024-10-10,6.51,4.22,3.98,3.88,3.91,3.99,4.09,4.44,4.38,242
2024-10-11,6.43,4.18,3.95,3.85,3.88,3.97,4.08,4.44,4.39,235
2024-10-15,6.36,4.18,3.95,3.86,3.86,3.93,4.03,4.37,4.32,233
2024-10-16,6.37,4.17,3.93,3.84,3.84,3.92,4.02,4.36,4.3,235
2024-10-17,6.43,4.21,3.96,3.89,3.9,3.99,4.09,4.44,4.39,234
2024-10-18,6.44,4.19,3.95,3.86,3.88,3.97,4.08,4.44,4.38,236
2024-10-21,6.59,4.24,4.02,3.95,3.98,4.07,4.19,4.54,4.49,240
2024-10-22,6.64,4.24,4.03,3.98,4,4.1,4.2,4.55,4.49,244
2024-10-23,6.67,4.27,4.07,4.03,4.05,4.14,4.24,4.58,4.51,243
2024-10-24,6.61,4.25,4.07,4.02,4.03,4.12,4.21,4.54,4.47,240
2024-10-25,6.63,4.29,4.11,4.05,4.07,4.15,4.25,4.58,4.51,238
2024-10-28,6.6643,4.28,4.12,4.09,4.11,4.19,4.28,4.61,4.53,238.43
2024-10-29,6.77,4.29,4.11,4.08,4.11,4.18,4.28,4.61,4.52,249
2024-10-30,6.8,4.28,4.15,4.14,4.14,4.2,4.29,4.6,4.49,251
2024-10-31,6.82,4.27,4.16,4.12,4.15,4.21,4.28,4.58,4.47,254
2024-11-04,6.74,4.25,4.17,4.1,4.17,4.24,4.31,4.6,4.5,243
2024-11-05,6.75,4.27,4.19,4.11,4.16,4.22,4.26,4.55,4.44,249
2024-11-06,6.78,4.31,4.27,4.2,4.27,4.37,4.42,4.71,4.6,236
2024-11-07,6.68,4.28,4.21,4.13,4.17,4.25,4.31,4.62,4.52,237
2024-11-08,6.62,4.32,4.26,4.18,4.2,4.25,4.3,4.58,4.47,232
2024-11-12,6.7,4.38,4.34,4.29,4.32,4.38,4.43,4.7,4.58,227
2024-11-13,6.69,4.31,4.27,4.25,4.3,4.38,4.44,4.73,4.63,225
2024-11-14,6.67,4.36,4.34,4.3,4.32,4.38,4.43,4.69,4.58,224
2024-11-15,6.7,4.34,4.31,4.27,4.3,4.36,4.43,4.7,4.6,227
2024-11-18,6.7,4.33,4.29,4.25,4.28,4.35,4.42,4.7,4.61,228
2024-11-19,6.73,4.34,4.27,4.24,4.25,4.32,4.39,4.66,4.57,234
2024-11-20,6.75,4.37,4.31,4.26,4.28,4.34,4.41,4.66,4.59,234
2024-11-21,6.72,4.39,4.34,4.3,4.3,4.36,4.43,4.68,4.61,229
2024-11-22,6.69,4.42,4.37,4.32,4.3,4.35,4.41,4.67,4.6,228
2024-11-25,6.57,4.37,4.21,4.21,4.17,4.21,4.27,4.53,4.45,230
2024-11-26,6.59,4.37,4.21,4.21,4.17,4.24,4.3,4.56,4.48,229
2024-11-27,6.54,4.34,4.19,4.17,4.11,4.17,4.25,4.52,4.44,229
2024-11-29,6.56,4.3,4.13,4.1,4.05,4.1,4.18,4.45,4.36,238
2024-12-02,6.57,4.3,4.17,4.11,4.08,4.13,4.19,4.46,4.36,238
2024-12-03,6.56,4.27,4.17,4.13,4.11,4.17,4.23,4.5,4.4,233
2024-12-04,6.53,4.23,4.13,4.09,4.07,4.13,4.19,4.45,4.35,234
2024-12-05,6.54,4.23,4.15,4.1,4.07,4.12,4.17,4.43,4.33,237
2024-12-06,6.54,4.19,4.1,4.05,4.03,4.09,4.15,4.42,4.34,239
2024-12-09,6.55,4.2,4.13,4.09,4.07,4.13,4.2,4.47,4.39,235
2024-12-10,6.55,4.22,4.15,4.08,4.09,4.15,4.22,4.49,4.41,233
2024-12-11,6.53,4.21,4.15,4.09,4.13,4.2,4.26,4.55,4.48,227
2024-12-12,6.57,4.22,4.18,4.14,4.18,4.25,4.32,4.62,4.55,225
2024-12-13,6.6,4.24,4.25,4.21,4.25,4.33,4.4,4.69,4.61,220
2024-12-16,6.618,4.24,4.25,4.22,4.25,4.32,4.39,4.68,4.6,222.8
2024-12-17,6.63,4.25,4.25,4.22,4.26,4.33,4.4,4.68,4.59,223
2024-12-18,6.67,4.3,4.35,4.35,4.4,4.45,4.5,4.74,4.65,217
2024-12-19,6.77,4.28,4.32,4.35,4.43,4.51,4.57,4.82,4.74,220
2024-12-23,6.74,4.26,4.3,4.36,4.44,4.52,4.59,4.85,4.78,215
2024-12-24,6.73,4.24,4.29,4.36,4.43,4.52,4.59,4.84,4.76,214
2024-12-26,6.71,4.23,4.3,4.35,4.42,4.49,4.58,4.83,4.76,213
2024-12-27,6.68,4.2,4.31,4.36,4.45,4.53,4.62,4.89,4.82,206
2024-12-30,6.62,4.17,4.24,4.29,4.37,4.46,4.55,4.84,4.77,207
2025-01-02,6.65,4.17,4.25,4.29,4.38,4.47,4.57,4.86,4.79,208
2025-01-03,6.69,4.18,4.28,4.32,4.41,4.51,4.6,4.88,4.82,209
2025-01-06,6.71,4.17,4.28,4.3,4.42,4.52,4.62,4.91,4.85,209
2025-01-07,6.69,4.19,4.3,4.33,4.46,4.57,4.67,4.97,4.91,202
2025-01-08,6.69,4.19,4.28,4.31,4.45,4.56,4.67,4.97,4.91,202
2025-01-09,6.69,4.16,4.27,4.31,4.46,4.57,4.68,4.98,4.92,201
2025-01-10,6.69,4.25,4.4,4.46,4.59,4.7,4.77,5.04,4.96,192
2025-01-13,6.7,4.24,4.4,4.49,4.61,4.71,4.79,5.05,4.97,191
2025-01-14,6.76,4.22,4.37,4.46,4.59,4.7,4.78,5.06,4.98,198
2025-01-15,6.63,4.19,4.27,4.34,4.45,4.55,4.66,4.95,4.88,197
2025-01-16,6.63,4.18,4.23,4.29,4.39,4.5,4.61,4.91,4.84,202
2025-01-17,6.63,4.21,4.27,4.33,4.42,4.52,4.61,4.91,4.84,202
2025-01-21,6.67,4.21,4.29,4.33,4.4,4.49,4.57,4.87,4.8,210
2025-01-22,6.72,4.2,4.29,4.34,4.43,4.51,4.6,4.89,4.82,212
2025-01-23,6.76,4.18,4.29,4.35,4.45,4.55,4.65,4.92,4.87,211
2025-01-24,6.73,4.17,4.27,4.33,4.43,4.53,4.63,4.91,4.85,210
2025-01-27,6.73,4.13,4.17,4.24,4.32,4.43,4.53,4.82,4.76,220
2025-01-28,6.71,4.14,4.19,4.25,4.33,4.43,4.55,4.84,4.78,216
2025-01-29,6.69,4.17,4.21,4.27,4.35,4.44,4.55,4.85,4.79,214
2025-01-30,6.66,4.16,4.18,4.24,4.31,4.41,4.52,4.81,4.76,214
2025-01-31,6.7,4.17,4.22,4.27,4.36,4.47,4.58,4.88,4.83,212
2025-02-03,6.67,4.2,4.26,4.28,4.35,4.45,4.54,4.82,4.77,213
2025-02-04,6.63,4.18,4.21,4.25,4.31,4.42,4.52,4.81,4.75,211
2025-02-05,6.6,4.17,4.17,4.19,4.24,4.33,4.43,4.69,4.64,217
2025-02-06,6.52,4.19,4.21,4.23,4.28,4.36,4.45,4.7,4.65,207
2025-02-07,6.46,4.25,4.29,4.31,4.34,4.42,4.49,4.75,4.69,197
2025-02-10,6.42,4.24,4.28,4.3,4.34,4.42,4.51,4.76,4.71,191
2025-02-11,6.47,4.25,4.29,4.28,4.37,4.45,4.54,4.8,4.75,193
2025-02-12,6.53,4.3,4.36,4.37,4.48,4.56,4.62,4.9,4.83,191
2025-02-13,6.49,4.27,4.31,4.31,4.39,4.46,4.52,4.79,4.72,197
2025-02-14,6.46,4.23,4.26,4.26,4.33,4.41,4.47,4.75,4.69,199
2025-02-18,6.48,4.24,4.29,4.33,4.4,4.48,4.55,4.83,4.77,193
2025-02-19,6.49,4.22,4.28,4.3,4.37,4.46,4.53,4.79,4.76,196
2025-02-20,6.47,4.2,4.28,4.27,4.34,4.43,4.5,4.77,4.74,197
2025-02-21,6.43,4.15,4.19,4.19,4.26,4.35,4.42,4.69,4.67,201
2025-02-24,6.42,4.15,4.13,4.17,4.23,4.32,4.4,4.69,4.66,202
2025-02-25,6.36,4.12,4.07,4.08,4.12,4.21,4.3,4.59,4.55,206
2025-02-26,6.33,4.12,4.05,4.04,4.06,4.16,4.25,4.55,4.51,208
2025-02-27,6.34,4.13,4.07,4.05,4.09,4.19,4.29,4.59,4.56,205
2025-02-28,6.42,4.08,3.99,3.99,4.03,4.14,4.24,4.55,4.51,218
2025-03-03,6.44,4.06,3.96,3.93,3.97,4.06,4.16,4.49,4.45,228
2025-03-04,6.44,4.04,3.96,3.94,4.01,4.11,4.22,4.56,4.53,222
2025-03-05,6.47,4.06,3.99,4.01,4.08,4.18,4.28,4.61,4.57,219
2025-03-06,6.45,4.02,3.96,3.98,4.06,4.18,4.29,4.63,4.58,216
2025-03-07,6.46,4.05,3.99,4.01,4.09,4.21,4.32,4.66,4.62,214
2025-03-10,6.48,3.98,3.89,3.91,3.98,4.1,4.22,4.58,4.54,226
2025-03-11,6.48,4.03,3.94,3.92,4.03,4.16,4.28,4.63,4.59,220
2025-03-12,6.47,4.07,4.01,3.98,4.09,4.2,4.32,4.67,4.63,215
2025-03-13,6.45,4.03,3.94,3.93,4.02,4.15,4.27,4.63,4.59,218
2025-03-14,6.42,4.09,4.02,4,4.09,4.2,4.31,4.65,4.62,211
2025-03-17,6.36,4.11,4.06,4.03,4.11,4.21,4.31,4.64,4.6,205
2025-03-18,6.39,4.13,4.04,4.01,4.07,4.18,4.29,4.61,4.58,210
2025-03-19,6.39,4.1,3.99,3.95,4.03,4.14,4.25,4.58,4.56,214
2025-03-20,6.42,4.06,3.95,3.93,4.01,4.12,4.24,4.57,4.55,218
2025-03-21,6.42,4.04,3.94,3.92,4,4.12,4.25,4.6,4.59,217
2025-03-24,6.48,4.11,4.04,4.01,4.09,4.22,4.34,4.68,4.66,214
2025-03-25,6.51,4.09,3.96,3.98,4.07,4.19,4.31,4.67,4.65,220
2025-03-26,6.58,4.1,3.98,4.01,4.08,4.22,4.35,4.71,4.69,223
2025-03-27,6.68,4.1,3.97,4,4.09,4.23,4.38,4.75,4.73,230
2025-03-28,6.71,4.04,3.89,3.91,3.98,4.11,4.27,4.65,4.64,244
2025-03-31,6.69,4.03,3.89,3.89,3.96,4.09,4.23,4.62,4.59,246
2025-04-01,6.69,4.01,3.87,3.85,3.91,4.03,4.17,4.56,4.52,252
2025-04-02,6.61,4.04,3.91,3.89,3.95,4.07,4.2,4.58,4.54,241
2025-04-03,6.43,3.92,3.71,3.68,3.75,3.88,4.06,4.51,4.49,237
2025-04-04,6.39,3.86,3.68,3.66,3.72,3.84,4.01,4.44,4.41,238
2025-04-07,6.55,3.86,3.73,3.72,3.82,3.97,4.15,4.61,4.58,240
2025-04-08,6.61,3.83,3.71,3.71,3.88,4.05,4.26,4.76,4.71,235
2025-04-09,6.59,4.03,3.91,3.91,4.06,4.2,4.34,4.78,4.72,225
2025-04-10,6.67,3.97,3.84,3.85,4.04,4.21,4.4,4.9,4.86,227
2025-04-11,6.63,4.04,3.96,3.98,4.15,4.32,4.48,4.91,4.85,215
2025-04-14,6.63,3.99,3.84,3.87,4.02,4.2,4.38,4.84,4.8,225
2025-04-15,6.64,3.99,3.84,3.85,3.98,4.15,4.35,4.82,4.79,229
2025-04-16,6.63,3.96,3.77,3.77,3.91,4.08,4.29,4.77,4.74,234
2025-04-21,6.67,3.95,3.75,3.77,3.97,4.19,4.42,4.94,4.91,225
2025-04-22,6.71,3.98,3.76,3.82,3.98,4.19,4.41,4.9,4.88,230
2025-04-23,6.66,4.01,3.81,3.87,4,4.2,4.4,4.86,4.83,226
2025-04-24,6.63,3.97,3.77,3.8,3.91,4.11,4.32,4.79,4.77,231
2025-04-25,6.63,3.95,3.74,3.76,3.88,4.06,4.29,4.75,4.74,234
2025-04-28,6.63,3.92,3.67,3.67,3.81,4.01,4.23,4.71,4.69,240
2025-04-29,6.53,3.89,3.65,3.65,3.77,3.96,4.19,4.66,4.64,234
2025-04-30,6.55,3.85,3.6,3.58,3.72,3.93,4.17,4.68,4.66,238
2025-05-02,6.57,4,3.83,3.82,3.92,4.11,4.33,4.81,4.79,224
2025-05-05,6.6,4.02,3.83,3.78,3.95,4.14,4.36,4.84,4.83,224
2025-05-06,6.59,3.98,3.78,3.73,3.9,4.1,4.3,4.82,4.81,229
2025-05-07,6.53,4,3.78,3.72,3.87,4.06,4.26,4.78,4.77,227
2025-05-08,6.54,4.05,3.9,3.85,4,4.18,4.37,4.86,4.83,217
2025-05-09,6.4,4.05,3.88,3.85,4,4.18,4.37,4.86,4.83,203
2025-05-12,6.39,4.11,3.98,3.97,4.09,4.27,4.45,4.92,4.89,194
2025-05-13,6.37,4.11,4.02,4,4.12,4.3,4.49,4.97,4.94,188
2025-05-14,6.42,4.14,4.05,4.05,4.17,4.35,4.53,5,4.97,189
2025-05-15,6.37,4.1,3.96,3.95,4.07,4.25,4.45,4.93,4.91,192
2025-05-16,6.41,4.13,3.98,3.95,4.06,4.24,4.43,4.92,4.89,198
2025-05-19,6.43,4.12,3.97,3.95,4.07,4.26,4.46,4.95,4.92,197
2025-05-20,6.48,4.12,3.97,3.95,4.07,4.27,4.48,4.99,4.96,200
2025-05-21,6.54,4.13,4,4,4.15,4.37,4.58,5.08,5.08,196
2025-05-22,6.57,4.13,4,3.99,4.11,4.32,4.54,5.05,5.05,203
2025-05-23,6.58,4.15,4,3.96,4.08,4.29,4.51,5.03,5.04,207
2025-05-27,6.48,4.14,3.92,3.93,4.04,4.22,4.43,4.95,4.94,205
2025-05-28,6.46,4.16,3.96,3.95,4.05,4.27,4.47,4.99,4.97,199
2025-05-29,6.45,4.13,3.92,3.91,4,4.2,4.43,4.94,4.92,202
2025-05-30,6.5,4.11,3.89,3.87,3.96,4.18,4.41,4.93,4.92,209
2025-06-02,6.51,4.12,3.94,3.91,4.01,4.22,4.46,5,4.99,205
2025-06-03,6.52,4.12,3.96,3.93,4.04,4.23,4.46,5,4.98,206
2025-06-04,6.45,4.06,3.87,3.84,3.93,4.14,4.37,4.9,4.89,208
2025-06-05,6.59,4.08,3.92,3.9,3.99,4.18,4.4,4.9,4.88,219
2025-06-06,6.63,4.14,4.04,4.02,4.13,4.31,4.51,4.99,4.97,212
2025-06-09,6.61,4.13,4.01,3.99,4.09,4.28,4.49,4.98,4.95,212
2025-06-10,6.58,4.12,4.01,3.95,4.08,4.27,4.47,4.96,4.93,211
2025-06-11,6.49,4.08,3.94,3.89,4.02,4.21,4.41,4.93,4.91,208
2025-06-12,6.35,4.06,3.9,3.85,3.97,4.15,4.36,4.86,4.84,199
2025-06-13,6.4,4.09,3.96,3.9,4.02,4.2,4.41,4.93,4.9,199
2025-06-16,6.39,4.1,3.97,3.93,4.04,4.23,4.46,4.97,4.96,193
2025-06-17,6.4,4.1,3.94,3.9,3.99,4.17,4.39,4.89,4.88,201
2025-06-18,6.39,4.1,3.94,3.89,3.98,4.17,4.38,4.89,4.88,201
2025-06-20,6.37,4.07,3.9,3.86,3.96,4.16,4.38,4.9,4.89,199
2025-06-23,6.37,4,3.84,3.8,3.91,4.1,4.34,4.87,4.87,203
2025-06-24,6.31,3.99,3.75,3.75,3.86,4.06,4.3,4.83,4.83,201
2025-06-25,6.26,3.99,3.74,3.74,3.83,4.05,4.29,4.83,4.83,197
2025-06-26,6.23,3.96,3.7,3.68,3.79,4,4.26,4.81,4.81,197
2025-06-27,6.24,3.97,3.73,3.72,3.83,4.03,4.29,4.85,4.85,195
2025-06-30,6.17,3.96,3.72,3.68,3.79,3.98,4.24,4.79,4.78,193
2025-07-01,6.13,3.98,3.78,3.75,3.84,4.03,4.26,4.79,4.78,187
2025-07-02,6.1,3.99,3.78,3.77,3.87,4.06,4.3,4.84,4.82,180
2025-07-03,6.11,4.07,3.88,3.84,3.94,4.12,4.35,4.87,4.86,176
2025-07-07,6.14,4.08,3.9,3.85,3.96,4.16,4.4,4.93,4.92,174
2025-07-08,6.14,4.11,3.9,3.86,3.99,4.18,4.42,4.95,4.94,172
2025-07-09,6.13,4.07,3.86,3.8,3.92,4.11,4.34,4.87,4.87,179
2025-07-10,6.15,4.07,3.86,3.82,3.93,4.12,4.35,4.87,4.86,180
2025-07-11,6.17,4.09,3.9,3.86,3.99,4.19,4.43,4.96,4.96,174
2025-07-14,6.18,4.08,3.9,3.86,3.98,4.19,4.43,4.97,4.97,175
2025-07-15,6.23,4.12,3.95,3.93,4.05,4.26,4.5,5.02,5.01,173
2025-07-16,6.27,4.08,3.88,3.86,3.99,4.21,4.46,5.01,5.01,181
2025-07-17,6.279,4.1,3.91,3.89,4.01,4.22,4.47,5.01,5.01,180.9
2025-07-18,6.3,4.08,3.88,3.84,3.96,4.18,4.44,4.99,5,186
2025-07-21,6.27,4.06,3.85,3.81,3.91,4.13,4.38,4.93,4.94,189
2025-07-22,6.24,4.05,3.83,3.77,3.88,4.09,4.35,4.9,4.9,189
2025-07-24,6.21,4.1,3.91,3.87,3.98,4.18,4.43,4.95,4.96,178
2025-07-25,6.18,4.09,3.91,3.86,3.95,4.15,4.4,4.92,4.92,178
2025-07-30,6.18,4.12,3.94,3.89,3.96,4.15,4.38,4.9,4.89,180
2025-07-31,6.21,4.1,3.94,3.89,3.96,4.14,4.37,4.89,4.89,184
2025-08-01,6.12,3.87,3.69,3.67,3.77,3.97,4.23,4.79,4.81,189
2025-08-04,6.08,3.82,3.69,3.66,3.75,3.95,4.22,4.78,4.8,186
2025-08-05,6.04,3.92,3.72,3.63,3.77,3.97,4.22,4.77,4.78,182
2025-08-06,5.97,3.9,3.69,3.63,3.77,3.97,4.22,4.8,4.81,175
2025-08-07,5.97,3.92,3.72,3.66,3.79,3.99,4.23,4.81,4.81,174
2025-08-08,5.98,3.93,3.76,3.7,3.84,4.03,4.27,4.84,4.85,171
2025-08-11,5.96,3.93,3.76,3.71,3.83,4.03,4.27,4.83,4.84,169
2025-08-12,5.94,3.9,3.72,3.69,3.83,4.03,4.29,4.87,4.88,165
2025-08-13,5.93,3.86,3.67,3.64,3.77,3.98,4.24,4.81,4.83,169
2025-08-14,5.95,3.91,3.74,3.7,3.82,4.03,4.29,4.86,4.88,166
2025-08-15,5.96,3.93,3.75,3.73,3.85,4.07,4.33,4.91,4.92,163
2025-08-18,6.01,3.93,3.77,3.73,3.86,4.07,4.34,4.92,4.94,167
2025-08-19,6.01,3.91,3.75,3.7,3.82,4.04,4.3,4.89,4.9,171
2025-08-20,6.06,3.9,3.74,3.69,3.81,4.02,4.29,4.86,4.89,177
2025-08-21,6.1,3.95,3.79,3.75,3.86,4.07,4.33,4.89,4.92,177
2025-08-22,6.01,3.87,3.68,3.64,3.76,3.98,4.26,4.84,4.88,175
2025-08-25,6.05,3.88,3.73,3.68,3.8,4.01,4.28,4.86,4.89,177
2025-08-26,6.06,3.85,3.61,3.63,3.75,3.98,4.26,4.86,4.9,180
2025-08-27,6.05,3.83,3.59,3.59,3.69,3.95,4.24,4.87,4.91,181
2025-08-28,6.0392,3.85,3.62,3.6,3.69,3.92,4.22,4.83,4.88,181.92
2025-08-29,6.02,3.83,3.59,3.58,3.68,3.92,4.23,4.86,4.92,179
2025-09-02,6.26,3.82,3.66,3.63,3.74,3.98,4.28,4.92,4.97,198
2025-09-03,6.21,3.77,3.61,3.58,3.69,3.92,4.22,4.85,4.9,199
2025-09-04,6.18,3.76,3.59,3.55,3.65,3.87,4.17,4.81,4.86,201
2025-09-05,6.08,3.65,3.51,3.48,3.59,3.8,4.1,4.72,4.78,198
2025-09-08,6.07,3.64,3.49,3.47,3.57,3.77,4.05,4.65,4.69,202
2025-09-09,6.09,3.68,3.54,3.48,3.61,3.81,4.08,4.68,4.72,201
2025-09-10,6.02,3.66,3.54,3.47,3.59,3.78,4.04,4.65,4.69,198
2025-09-11,5.99,3.63,3.52,3.47,3.59,3.76,4.01,4.61,4.65,198
2025-09-12,6,3.66,3.56,3.52,3.63,3.81,4.06,4.65,4.68,194
2025-09-15,6.15,3.64,3.54,3.5,3.61,3.79,4.05,4.63,4.66,210
2025-09-16,6.21,3.62,3.51,3.47,3.59,3.78,4.04,4.61,4.65,217
2025-09-17,6.15,3.6,3.52,3.51,3.62,3.81,4.06,4.62,4.66,209
2025-09-18,6.14,3.61,3.57,3.55,3.67,3.86,4.11,4.68,4.72,203
2025-09-19,6.14,3.6,3.57,3.56,3.68,3.88,4.14,4.71,4.75,200
2025-09-22,6.14,3.61,3.61,3.59,3.71,3.9,4.15,4.73,4.77,199
2025-09-23,6.13,3.61,3.53,3.57,3.68,3.87,4.12,4.7,4.73,201
2025-09-24,6.14,3.63,3.57,3.6,3.7,3.91,4.16,4.73,4.76,198
2025-09-25,6.15,3.68,3.64,3.66,3.75,3.94,4.18,4.73,4.75,197
2025-09-26,6.15,3.67,3.63,3.66,3.76,3.96,4.2,4.74,4.77,195
2025-09-29,6.09,3.65,3.63,3.63,3.74,3.92,4.15,4.69,4.71,194
2025-09-30,6.05,3.68,3.6,3.61,3.74,3.93,4.16,4.71,4.73,189
2025-10-01,6.05,3.62,3.55,3.56,3.68,3.88,4.12,4.69,4.72,193
2025-10-02,6.05,3.62,3.55,3.56,3.67,3.86,4.1,4.66,4.69,195
2025-10-03,6.09,3.64,3.58,3.59,3.72,3.9,4.13,4.69,4.71,196
2025-10-06,6.15,3.66,3.6,3.63,3.75,3.95,4.18,4.73,4.76,197
2025-10-07,6.12,3.65,3.57,3.56,3.71,3.9,4.14,4.7,4.73,198
2025-10-09,6.18,3.66,3.6,3.59,3.74,3.92,4.14,4.7,4.72,204
2025-10-10,6.23,3.6,3.52,3.52,3.65,3.83,4.05,4.6,4.63,218
2025-10-14,6.21,3.58,3.48,3.47,3.6,3.79,4.03,4.59,4.62,218
2025-10-15,6.17,3.61,3.5,3.51,3.63,3.82,4.05,4.61,4.64,212
2025-10-16,6.14,3.54,3.41,3.42,3.55,3.74,3.99,4.56,4.58,215
2025-10-17,6.12,3.56,3.46,3.47,3.59,3.78,4.02,4.58,4.6,210
2025-10-20,6.08,3.55,3.46,3.47,3.58,3.77,4,4.56,4.58,208
2025-10-21,6.07,3.56,3.45,3.46,3.56,3.74,3.98,4.53,4.55,209
2025-10-22,6.1,3.55,3.45,3.44,3.56,3.74,3.97,4.52,4.54,213
2025-10-23,6.09,3.59,3.48,3.49,3.61,3.79,4.01,4.55,4.58,208
2025-10-24,6.04,3.58,3.48,3.49,3.61,3.79,4.02,4.56,4.59,202
2025-10-27,6.0484,3.59,3.48,3.5,3.61,3.79,4.01,4.55,4.57,203.84
2025-10-28,6.01,3.59,3.47,3.5,3.6,3.77,3.99,4.53,4.55,202
2025-10-29,6.04,3.7,3.59,3.6,3.7,3.87,4.08,4.59,4.61,196
2025-10-30,6.05,3.7,3.61,3.61,3.72,3.9,4.11,4.64,4.65,194
2025-10-31,6.06,3.7,3.6,3.6,3.71,3.89,4.11,4.65,4.67,195
2025-11-03,6.06,3.7,3.6,3.61,3.72,3.9,4.13,4.67,4.69,193
2025-11-04,6.06,3.67,3.58,3.59,3.69,3.88,4.1,4.65,4.67,196
2025-11-05,6.05,3.71,3.63,3.65,3.76,3.95,4.17,4.72,4.74,188
2025-11-06,6.01,3.65,3.57,3.58,3.69,3.87,4.11,4.67,4.69,190
2025-11-07,6.04,3.63,3.55,3.57,3.67,3.87,4.11,4.68,4.7,193
2025-11-10,6.05,3.66,3.58,3.56,3.72,3.9,4.13,4.69,4.71,192
2025-11-12,6.04,3.65,3.56,3.55,3.68,3.86,4.08,4.65,4.67,196
2025-11-13,6.05,3.68,3.58,3.57,3.71,3.89,4.11,4.69,4.7,194
2025-11-14,6.09,3.7,3.62,3.61,3.74,3.92,4.14,4.73,4.74,195
2025-11-17,6.08,3.69,3.6,3.6,3.72,3.9,4.13,4.71,4.73,195
2025-11-18,6.04,3.67,3.58,3.58,3.7,3.89,4.12,4.72,4.74,192
2025-11-19,5.99,3.68,3.58,3.59,3.71,3.9,4.13,4.71,4.75,186
2025-11-20,5.999,3.65,3.55,3.56,3.68,3.87,4.1,4.68,4.73,189.9
2025-11-21,5.94,3.62,3.51,3.5,3.62,3.82,4.06,4.67,4.71,188
2025-11-24,5.92,3.61,3.46,3.49,3.61,3.8,4.04,4.64,4.68,188
2025-11-25,5.9,3.6,3.43,3.46,3.55,3.77,4.01,4.62,4.67,189
2025-11-26,5.9,3.61,3.45,3.47,3.56,3.75,4,4.6,4.64,190
2025-11-28,5.91,3.61,3.47,3.49,3.59,3.78,4.02,4.62,4.67,189
2025-12-01,5.94,3.62,3.54,3.55,3.67,3.86,4.09,4.71,4.74,185
2025-12-02,5.93,3.59,3.51,3.54,3.66,3.85,4.09,4.7,4.74,184
2025-12-03,5.87,3.57,3.49,3.5,3.62,3.82,4.06,4.68,4.73,181
2025-12-04,5.85,3.6,3.52,3.55,3.68,3.87,4.11,4.72,4.76,174
2025-12-05,5.79,3.61,3.56,3.59,3.72,3.9,4.14,4.75,4.79,165
2025-12-10,5.83,3.58,3.54,3.56,3.72,3.92,4.13,4.74,4.78,170
2025-12-11,5.81,3.56,3.52,3.55,3.72,3.91,4.14,4.75,4.79,167
2025-12-12,5.83,3.54,3.52,3.58,3.75,3.95,4.19,4.82,4.85,164
2025-12-15,5.76,3.52,3.51,3.56,3.73,3.94,4.18,4.8,4.84,158
2025-12-16,5.73,3.51,3.48,3.52,3.69,3.9,4.15,4.77,4.82,158
2025-12-17,5.74,3.51,3.49,3.53,3.7,3.91,4.16,4.78,4.83,158
2025-12-18,5.75,3.49,3.46,3.5,3.66,3.87,4.12,4.74,4.8,163
2025-12-19,5.83,3.51,3.48,3.53,3.7,3.91,4.16,4.77,4.82,167
2025-12-22,5.9,3.53,3.44,3.56,3.71,3.93,4.17,4.78,4.84,173
2025-12-23,5.86,3.52,3.48,3.58,3.72,3.94,4.18,4.78,4.83,168
2025-12-24,5.8,3.5,3.47,3.56,3.7,3.91,4.15,4.75,4.79,165
2025-12-29,5.89,3.48,3.45,3.51,3.67,3.88,4.12,4.75,4.8,177
2025-12-30,5.81,3.47,3.45,3.5,3.68,3.89,4.14,4.76,4.81,167
2025-12-31,5.796,3.48,3.47,3.55,3.73,3.94,4.18,4.79,4.84,161.6
