"serie","fecha","valor"
"DGS1","2018-01-01","."
"DGS1","2018-01-02","1.83"
"DGS1","2018-01-03","1.81"
"DGS1","2018-01-04","1.82"
"DGS1","2018-01-05","1.80"
"DGS1","2018-01-08","1.79"
"DGS1","2018-01-09","1.78"
"DGS1","2018-01-10","1.78"
"DGS1","2018-01-11","1.77"
"DGS1","2018-01-12","1.78"
"DGS1","2018-01-15","."
"DGS1","2018-01-16","1.79"
"DGS1","2018-01-17","1.79"
"DGS1","2018-01-18","1.79"
"DGS1","2018-01-19","1.79"
"DGS1","2018-01-22","1.79"
"DGS1","2018-01-23","1.78"
"DGS1","2018-01-24","1.79"
"DGS1","2018-01-25","1.80"
"DGS1","2018-01-26","1.80"
"DGS1","2018-01-29","1.80"
"DGS1","2018-01-30","1.88"
"DGS1","2018-01-31","1.90"
"DGS1","2018-02-01","1.89"
"DGS1","2018-02-02","1.88"
"DGS1","2018-02-05","1.85"
"DGS1","2018-02-06","1.87"
"DGS1","2018-02-07","1.91"
"DGS1","2018-02-08","1.91"
"DGS1","2018-02-09","1.89"
"DGS1","2018-02-12","1.93"
"DGS1","2018-02-13","1.95"
"DGS1","2018-02-14","1.98"
"DGS1","2018-02-15","1.99"
"DGS1","2018-02-16","2.00"
"DGS1","2018-02-19","."
"DGS1","2018-02-20","2.01"
"DGS1","2018-02-21","2.03"
"DGS1","2018-02-22","2.02"
"DGS1","2018-02-23","2.02"
"DGS1","2018-02-26","2.03"
"DGS1","2018-02-27","2.08"
"DGS1","2018-02-28","2.07"
"DGS1","2018-03-01","2.05"
"DGS1","2018-03-02","2.06"
"DGS1","2018-03-05","2.06"
"DGS1","2018-03-06","2.06"
"DGS1","2018-03-07","2.05"
"DGS1","2018-03-08","2.05"
"DGS1","2018-03-09","2.03"
"DGS1","2018-03-12","2.05"
"DGS1","2018-03-13","2.03"
"DGS1","2018-03-14","2.05"
"DGS1","2018-03-15","2.07"
"DGS1","2018-03-16","2.08"
"DGS1","2018-03-19","2.08"
"DGS1","2018-03-20","2.08"
"DGS1","2018-03-21","2.06"
"DGS1","2018-03-22","2.05"
"DGS1","2018-03-23","2.04"
"DGS1","2018-03-26","2.06"
"DGS1","2018-03-27","2.10"
"DGS1","2018-03-28","2.12"
"DGS1","2018-03-29","2.09"
"DGS1","2018-03-30","."
"DGS1","2018-04-02","2.08"
"DGS1","2018-04-03","2.09"
"DGS1","2018-04-04","2.07"
"DGS1","2018-04-05","2.07"
"DGS1","2018-04-06","2.06"
"DGS1","2018-04-09","2.08"
"DGS1","2018-04-10","2.09"
"DGS1","2018-04-11","2.09"
"DGS1","2018-04-12","2.11"
"DGS1","2018-04-13","2.12"
"DGS1","2018-04-16","2.12"
"DGS1","2018-04-17","2.16"
"DGS1","2018-04-18","2.17"
"DGS1","2018-04-19","2.21"
"DGS1","2018-04-20","2.22"
"DGS1","2018-04-23","2.25"
"DGS1","2018-04-24","2.25"
"DGS1","2018-04-25","2.26"
"DGS1","2018-04-26","2.25"
"DGS1","2018-04-27","2.24"
"DGS1","2018-04-30","2.24"
"DGS1","2018-05-01","2.26"
"DGS1","2018-05-02","2.24"
"DGS1","2018-05-03","2.24"
"DGS1","2018-05-04","2.24"
"DGS1","2018-05-07","2.25"
"DGS1","2018-05-08","2.26"
"DGS1","2018-05-09","2.27"
"DGS1","2018-05-10","2.27"
"DGS1","2018-05-11","2.28"
"DGS1","2018-05-14","2.28"
"DGS1","2018-05-15","2.31"
"DGS1","2018-05-16","2.32"
"DGS1","2018-05-17","2.32"
"DGS1","2018-05-18","2.32"
"DGS1","2018-05-21","2.35"
"DGS1","2018-05-22","2.34"
"DGS1","2018-05-23","2.29"
"DGS1","2018-05-24","2.28"
"DGS1","2018-05-25","2.27"
"DGS1","2018-05-28","."
"DGS1","2018-05-29","2.17"
"DGS1","2018-05-30","2.23"
"DGS1","2018-05-31","2.23"
"DGS1","2018-06-01","2.28"
"DGS1","2018-06-04","2.30"
"DGS1","2018-06-05","2.32"
"DGS1","2018-06-06","2.32"
"DGS1","2018-06-07","2.31"
"DGS1","2018-06-08","2.30"
"DGS1","2018-06-11","2.32"
"DGS1","2018-06-12","2.31"
"DGS1","2018-06-13","2.35"
"DGS1","2018-06-14","2.35"
"DGS1","2018-06-15","2.35"
"DGS1","2018-06-18","2.35"
"DGS1","2018-06-19","2.34"
"DGS1","2018-06-20","2.36"
"DGS1","2018-06-21","2.34"
"DGS1","2018-06-22","2.33"
"DGS1","2018-06-25","2.34"
"DGS1","2018-06-26","2.33"
"DGS1","2018-06-27","2.33"
"DGS1","2018-06-28","2.33"
"DGS1","2018-06-29","2.33"
"DGS1","2018-07-02","2.34"
"DGS1","2018-07-03","2.33"
"DGS1","2018-07-04","."
"DGS1","2018-07-05","2.32"
"DGS1","2018-07-06","2.34"
"DGS1","2018-07-09","2.34"
"DGS1","2018-07-10","2.36"
"DGS1","2018-07-11","2.36"
"DGS1","2018-07-12","2.39"
"DGS1","2018-07-13","2.37"
"DGS1","2018-07-16","2.39"
"DGS1","2018-07-17","2.39"
"DGS1","2018-07-18","2.43"
"DGS1","2018-07-19","2.40"
"DGS1","2018-07-20","2.41"
"DGS1","2018-07-23","2.42"
"DGS1","2018-07-24","2.42"
"DGS1","2018-07-25","2.42"
"DGS1","2018-07-26","2.41"
"DGS1","2018-07-27","2.43"
"DGS1","2018-07-30","2.43"
"DGS1","2018-07-31","2.44"
"DGS1","2018-08-01","2.45"
"DGS1","2018-08-02","2.45"
"DGS1","2018-08-03","2.43"
"DGS1","2018-08-06","2.44"
"DGS1","2018-08-07","2.45"
"DGS1","2018-08-08","2.44"
"DGS1","2018-08-09","2.44"
"DGS1","2018-08-10","2.42"
"DGS1","2018-08-13","2.42"
"DGS1","2018-08-14","2.44"
"DGS1","2018-08-15","2.45"
"DGS1","2018-08-16","2.45"
"DGS1","2018-08-17","2.44"
"DGS1","2018-08-20","2.43"
"DGS1","2018-08-21","2.45"
"DGS1","2018-08-22","2.43"
"DGS1","2018-08-23","2.43"
"DGS1","2018-08-24","2.44"
"DGS1","2018-08-27","2.47"
"DGS1","2018-08-28","2.47"
"DGS1","2018-08-29","2.48"
"DGS1","2018-08-30","2.47"
"DGS1","2018-08-31","2.46"
"DGS1","2018-09-03","."
"DGS1","2018-09-04","2.49"
"DGS1","2018-09-05","2.49"
"DGS1","2018-09-06","2.50"
"DGS1","2018-09-07","2.53"
"DGS1","2018-09-10","2.54"
"DGS1","2018-09-11","2.55"
"DGS1","2018-09-12","2.56"
"DGS1","2018-09-13","2.55"
"DGS1","2018-09-14","2.56"
"DGS1","2018-09-17","2.57"
"DGS1","2018-09-18","2.58"
"DGS1","2018-09-19","2.58"
"DGS1","2018-09-20","2.58"
"DGS1","2018-09-21","2.58"
"DGS1","2018-09-24","2.60"
"DGS1","2018-09-25","2.59"
"DGS1","2018-09-26","2.58"
"DGS1","2018-09-27","2.58"
"DGS1","2018-09-28","2.59"
"DGS1","2018-10-01","2.60"
"DGS1","2018-10-02","2.61"
"DGS1","2018-10-03","2.62"
"DGS1","2018-10-04","2.63"
"DGS1","2018-10-05","2.64"
"DGS1","2018-10-08","."
"DGS1","2018-10-09","2.65"
"DGS1","2018-10-10","2.67"
"DGS1","2018-10-11","2.66"
"DGS1","2018-10-12","2.66"
"DGS1","2018-10-15","2.67"
"DGS1","2018-10-16","2.66"
"DGS1","2018-10-17","2.66"
"DGS1","2018-10-18","2.67"
"DGS1","2018-10-19","2.67"
"DGS1","2018-10-22","2.68"
"DGS1","2018-10-23","2.67"
"DGS1","2018-10-24","2.64"
"DGS1","2018-10-25","2.66"
"DGS1","2018-10-26","2.63"
"DGS1","2018-10-29","2.64"
"DGS1","2018-10-30","2.66"
"DGS1","2018-10-31","2.69"
"DGS1","2018-11-01","2.67"
"DGS1","2018-11-02","2.70"
"DGS1","2018-11-05","2.71"
"DGS1","2018-11-06","2.72"
"DGS1","2018-11-07","2.74"
"DGS1","2018-11-08","2.74"
"DGS1","2018-11-09","2.73"
"DGS1","2018-11-12","."
"DGS1","2018-11-13","2.72"
"DGS1","2018-11-14","2.71"
"DGS1","2018-11-15","2.70"
"DGS1","2018-11-16","2.68"
"DGS1","2018-11-19","2.66"
"DGS1","2018-11-20","2.67"
"DGS1","2018-11-21","2.67"
"DGS1","2018-11-22","."
"DGS1","2018-11-23","2.67"
"DGS1","2018-11-26","2.70"
"DGS1","2018-11-27","2.70"
"DGS1","2018-11-28","2.69"
"DGS1","2018-11-29","2.69"
"DGS1","2018-11-30","2.70"
"DGS1","2018-12-03","2.72"
"DGS1","2018-12-04","2.71"
"DGS1","2018-12-05","."
"DGS1","2018-12-06","2.70"
"DGS1","2018-12-07","2.68"
"DGS1","2018-12-10","2.69"
"DGS1","2018-12-11","2.70"
"DGS1","2018-12-12","2.70"
"DGS1","2018-12-13","2.69"
"DGS1","2018-12-14","2.68"
"DGS1","2018-12-17","2.66"
"DGS1","2018-12-18","2.64"
"DGS1","2018-12-19","2.62"
"DGS1","2018-12-20","2.64"
"DGS1","2018-12-21","2.62"
"DGS1","2018-12-24","2.61"
"DGS1","2018-12-25","."
"DGS1","2018-12-26","2.61"
"DGS1","2018-12-27","2.58"
"DGS1","2018-12-28","2.57"
"DGS1","2018-12-31","2.63"
"DGS1","2019-01-01","."
"DGS1","2019-01-02","2.60"
"DGS1","2019-01-03","2.50"
"DGS1","2019-01-04","2.57"
"DGS1","2019-01-07","2.58"
"DGS1","2019-01-08","2.60"
"DGS1","2019-01-09","2.59"
"DGS1","2019-01-10","2.59"
"DGS1","2019-01-11","2.58"
"DGS1","2019-01-14","2.57"
"DGS1","2019-01-15","2.57"
"DGS1","2019-01-16","2.57"
"DGS1","2019-01-17","2.57"
"DGS1","2019-01-18","2.60"
"DGS1","2019-01-21","."
"DGS1","2019-01-22","2.59"
"DGS1","2019-01-23","2.59"
"DGS1","2019-01-24","2.58"
"DGS1","2019-01-25","2.60"
"DGS1","2019-01-28","2.60"
"DGS1","2019-01-29","2.60"
"DGS1","2019-01-30","2.57"
"DGS1","2019-01-31","2.55"
"DGS1","2019-02-01","2.56"
"DGS1","2019-02-04","2.57"
"DGS1","2019-02-05","2.56"
"DGS1","2019-02-06","2.56"
"DGS1","2019-02-07","2.55"
"DGS1","2019-02-08","2.54"
"DGS1","2019-02-11","2.55"
"DGS1","2019-02-12","2.55"
"DGS1","2019-02-13","2.55"
"DGS1","2019-02-14","2.53"
"DGS1","2019-02-15","2.55"
"DGS1","2019-02-18","."
"DGS1","2019-02-19","2.54"
"DGS1","2019-02-20","2.54"
"DGS1","2019-02-21","2.55"
"DGS1","2019-02-22","2.55"
"DGS1","2019-02-25","2.56"
"DGS1","2019-02-26","2.55"
"DGS1","2019-02-27","2.54"
"DGS1","2019-02-28","2.54"
"DGS1","2019-03-01","2.55"
"DGS1","2019-03-04","2.54"
"DGS1","2019-03-05","2.54"
"DGS1","2019-03-06","2.54"
"DGS1","2019-03-07","2.52"
"DGS1","2019-03-08","2.53"
"DGS1","2019-03-11","2.53"
"DGS1","2019-03-12","2.52"
"DGS1","2019-03-13","2.53"
"DGS1","2019-03-14","2.52"
"DGS1","2019-03-15","2.52"
"DGS1","2019-03-18","2.52"
"DGS1","2019-03-19","2.50"
"DGS1","2019-03-20","2.47"
"DGS1","2019-03-21","2.48"
"DGS1","2019-03-22","2.45"
"DGS1","2019-03-25","2.41"
"DGS1","2019-03-26","2.44"
"DGS1","2019-03-27","2.40"
"DGS1","2019-03-28","2.40"
"DGS1","2019-03-29","2.40"
"DGS1","2019-04-01","2.41"
"DGS1","2019-04-02","2.41"
"DGS1","2019-04-03","2.41"
"DGS1","2019-04-04","2.41"
"DGS1","2019-04-05","2.43"
"DGS1","2019-04-08","2.43"
"DGS1","2019-04-09","2.42"
"DGS1","2019-04-10","2.41"
"DGS1","2019-04-11","2.44"
"DGS1","2019-04-12","2.44"
"DGS1","2019-04-15","2.43"
"DGS1","2019-04-16","2.45"
"DGS1","2019-04-17","2.44"
"DGS1","2019-04-18","2.44"
"DGS1","2019-04-19","."
"DGS1","2019-04-22","2.46"
"DGS1","2019-04-23","2.43"
"DGS1","2019-04-24","2.42"
"DGS1","2019-04-25","2.42"
"DGS1","2019-04-26","2.41"
"DGS1","2019-04-29","2.42"
"DGS1","2019-04-30","2.39"
"DGS1","2019-05-01","2.39"
"DGS1","2019-05-02","2.41"
"DGS1","2019-05-03","2.41"
"DGS1","2019-05-06","2.39"
"DGS1","2019-05-07","2.37"
"DGS1","2019-05-08","2.37"
"DGS1","2019-05-09","2.36"
"DGS1","2019-05-10","2.36"
"DGS1","2019-05-13","2.32"
"DGS1","2019-05-14","2.32"
"DGS1","2019-05-15","2.30"
"DGS1","2019-05-16","2.33"
"DGS1","2019-05-17","2.33"
"DGS1","2019-05-20","2.34"
"DGS1","2019-05-21","2.36"
"DGS1","2019-05-22","2.37"
"DGS1","2019-05-23","2.32"
"DGS1","2019-05-24","2.33"
"DGS1","2019-05-27","."
"DGS1","2019-05-28","2.31"
"DGS1","2019-05-29","2.30"
"DGS1","2019-05-30","2.29"
"DGS1","2019-05-31","2.21"
"DGS1","2019-06-03","2.11"
"DGS1","2019-06-04","2.11"
"DGS1","2019-06-05","2.04"
"DGS1","2019-06-06","2.02"
"DGS1","2019-06-07","1.97"
"DGS1","2019-06-10","2.03"
"DGS1","2019-06-11","2.05"
"DGS1","2019-06-12","2.02"
"DGS1","2019-06-13","2.00"
"DGS1","2019-06-14","2.00"
"DGS1","2019-06-17","2.03"
"DGS1","2019-06-18","2.04"
"DGS1","2019-06-19","1.96"
"DGS1","2019-06-20","1.91"
"DGS1","2019-06-21","1.95"
"DGS1","2019-06-24","1.92"
"DGS1","2019-06-25","1.93"
"DGS1","2019-06-26","1.96"
"DGS1","2019-06-27","1.93"
"DGS1","2019-06-28","1.92"
"DGS1","2019-07-01","1.94"
"DGS1","2019-07-02","1.91"
"DGS1","2019-07-03","1.91"
"DGS1","2019-07-04","."
"DGS1","2019-07-05","1.98"
"DGS1","2019-07-08","1.99"
"DGS1","2019-07-09","2.00"
"DGS1","2019-07-10","1.93"
"DGS1","2019-07-11","1.97"
"DGS1","2019-07-12","1.96"
"DGS1","2019-07-15","1.95"
"DGS1","2019-07-16","2.00"
"DGS1","2019-07-17","1.95"
"DGS1","2019-07-18","1.90"
"DGS1","2019-07-19","1.94"
"DGS1","2019-07-22","1.95"
"DGS1","2019-07-23","1.97"
"DGS1","2019-07-24","1.98"
"DGS1","2019-07-25","1.99"
"DGS1","2019-07-26","2.00"
"DGS1","2019-07-29","1.98"
"DGS1","2019-07-30","1.97"
"DGS1","2019-07-31","2.00"
"DGS1","2019-08-01","1.88"
"DGS1","2019-08-02","1.85"
"DGS1","2019-08-05","1.78"
"DGS1","2019-08-06","1.80"
"DGS1","2019-08-07","1.75"
"DGS1","2019-08-08","1.79"
"DGS1","2019-08-09","1.78"
"DGS1","2019-08-12","1.75"
"DGS1","2019-08-13","1.86"
"DGS1","2019-08-14","1.79"
"DGS1","2019-08-15","1.72"
"DGS1","2019-08-16","1.71"
"DGS1","2019-08-19","1.75"
"DGS1","2019-08-20","1.72"
"DGS1","2019-08-21","1.77"
"DGS1","2019-08-22","1.79"
"DGS1","2019-08-23","1.73"
"DGS1","2019-08-26","1.75"
"DGS1","2019-08-27","1.77"
"DGS1","2019-08-28","1.74"
"DGS1","2019-08-29","1.75"
"DGS1","2019-08-30","1.76"
"DGS1","2019-09-02","."
"DGS1","2019-09-03","1.72"
"DGS1","2019-09-04","1.69"
"DGS1","2019-09-05","1.73"
"DGS1","2019-09-06","1.73"
"DGS1","2019-09-09","1.74"
"DGS1","2019-09-10","1.81"
"DGS1","2019-09-11","1.79"
"DGS1","2019-09-12","1.82"
"DGS1","2019-09-13","1.88"
"DGS1","2019-09-16","1.86"
"DGS1","2019-09-17","1.87"
"DGS1","2019-09-18","1.87"
"DGS1","2019-09-19","1.88"
"DGS1","2019-09-20","1.84"
"DGS1","2019-09-23","1.81"
"DGS1","2019-09-24","1.78"
"DGS1","2019-09-25","1.82"
"DGS1","2019-09-26","1.79"
"DGS1","2019-09-27","1.74"
"DGS1","2019-09-30","1.75"
"DGS1","2019-10-01","1.73"
"DGS1","2019-10-02","1.67"
"DGS1","2019-10-03","1.58"
"DGS1","2019-10-04","1.58"
"DGS1","2019-10-07","1.64"
"DGS1","2019-10-08","1.62"
"DGS1","2019-10-09","1.59"
"DGS1","2019-10-10","1.63"
"DGS1","2019-10-11","1.67"
"DGS1","2019-10-14","."
"DGS1","2019-10-15","1.65"
"DGS1","2019-10-16","1.59"
"DGS1","2019-10-17","1.59"
"DGS1","2019-10-18","1.58"
"DGS1","2019-10-21","1.59"
"DGS1","2019-10-22","1.59"
"DGS1","2019-10-23","1.58"
"DGS1","2019-10-24","1.59"
"DGS1","2019-10-25","1.60"
"DGS1","2019-10-28","1.60"
"DGS1","2019-10-29","1.59"
"DGS1","2019-10-30","1.59"
"DGS1","2019-10-31","1.53"
"DGS1","2019-11-01","1.53"
"DGS1","2019-11-04","1.56"
"DGS1","2019-11-05","1.62"
"DGS1","2019-11-06","1.58"
"DGS1","2019-11-07","1.58"
"DGS1","2019-11-08","1.58"
"DGS1","2019-11-11","."
"DGS1","2019-11-12","1.58"
"DGS1","2019-11-13","1.57"
"DGS1","2019-11-14","1.55"
"DGS1","2019-11-15","1.54"
"DGS1","2019-11-18","1.54"
"DGS1","2019-11-19","1.54"
"DGS1","2019-11-20","1.54"
"DGS1","2019-11-21","1.55"
"DGS1","2019-11-22","1.56"
"DGS1","2019-11-25","1.58"
"DGS1","2019-11-26","1.59"
"DGS1","2019-11-27","1.60"
"DGS1","2019-11-28","."
"DGS1","2019-11-29","1.60"
"DGS1","2019-12-02","1.60"
"DGS1","2019-12-03","1.57"
"DGS1","2019-12-04","1.56"
"DGS1","2019-12-05","1.56"
"DGS1","2019-12-06","1.57"
"DGS1","2019-12-09","1.56"
"DGS1","2019-12-10","1.56"
"DGS1","2019-12-11","1.55"
"DGS1","2019-12-12","1.55"
"DGS1","2019-12-13","1.54"
"DGS1","2019-12-16","1.54"
"DGS1","2019-12-17","1.53"
"DGS1","2019-12-18","1.54"
"DGS1","2019-12-19","1.52"
"DGS1","2019-12-20","1.52"
"DGS1","2019-12-23","1.53"
"DGS1","2019-12-24","1.53"
"DGS1","2019-12-25","."
"DGS1","2019-12-26","1.53"
"DGS1","2019-12-27","1.51"
"DGS1","2019-12-30","1.57"
"DGS1","2019-12-31","1.59"
"DGS1","2020-01-01","."
"DGS1","2020-01-02","1.56"
"DGS1","2020-01-03","1.55"
"DGS1","2020-01-06","1.54"
"DGS1","2020-01-07","1.53"
"DGS1","2020-01-08","1.55"
"DGS1","2020-01-09","1.54"
"DGS1","2020-01-10","1.53"
"DGS1","2020-01-13","1.53"
"DGS1","2020-01-14","1.53"
"DGS1","2020-01-15","1.54"
"DGS1","2020-01-16","1.54"
"DGS1","2020-01-17","1.56"
"DGS1","2020-01-20","."
"DGS1","2020-01-21","1.54"
"DGS1","2020-01-22","1.55"
"DGS1","2020-01-23","1.55"
"DGS1","2020-01-24","1.55"
"DGS1","2020-01-27","1.53"
"DGS1","2020-01-28","1.53"
"DGS1","2020-01-29","1.51"
"DGS1","2020-01-30","1.48"
"DGS1","2020-01-31","1.45"
"DGS1","2020-02-03","1.46"
"DGS1","2020-02-04","1.48"
"DGS1","2020-02-05","1.49"
"DGS1","2020-02-06","1.51"
"DGS1","2020-02-07","1.49"
"DGS1","2020-02-10","1.45"
"DGS1","2020-02-11","1.48"
"DGS1","2020-02-12","1.49"
"DGS1","2020-02-13","1.48"
"DGS1","2020-02-14","1.49"
"DGS1","2020-02-17","."
"DGS1","2020-02-18","1.47"
"DGS1","2020-02-19","1.47"
"DGS1","2020-02-20","1.46"
"DGS1","2020-02-21","1.43"
"DGS1","2020-02-24","1.35"
"DGS1","2020-02-25","1.30"
"DGS1","2020-02-26","1.26"
"DGS1","2020-02-27","1.18"
"DGS1","2020-02-28","0.97"
"DGS1","2020-03-02","0.89"
"DGS1","2020-03-03","0.73"
"DGS1","2020-03-04","0.59"
"DGS1","2020-03-05","0.48"
"DGS1","2020-03-06","0.39"
"DGS1","2020-03-09","0.31"
"DGS1","2020-03-10","0.43"
"DGS1","2020-03-11","0.40"
"DGS1","2020-03-12","0.39"
"DGS1","2020-03-13","0.38"
"DGS1","2020-03-16","0.29"
"DGS1","2020-03-17","0.30"
"DGS1","2020-03-18","0.21"
"DGS1","2020-03-19","0.20"
"DGS1","2020-03-20","0.15"
"DGS1","2020-03-23","0.17"
"DGS1","2020-03-24","0.25"
"DGS1","2020-03-25","0.19"
"DGS1","2020-03-26","0.13"
"DGS1","2020-03-27","0.11"
"DGS1","2020-03-30","0.14"
"DGS1","2020-03-31","0.17"
"DGS1","2020-04-01","0.16"
"DGS1","2020-04-02","0.14"
"DGS1","2020-04-03","0.15"
"DGS1","2020-04-06","0.20"
"DGS1","2020-04-07","0.20"
"DGS1","2020-04-08","0.23"
"DGS1","2020-04-09","0.25"
"DGS1","2020-04-10","."
"DGS1","2020-04-13","0.27"
"DGS1","2020-04-14","0.25"
"DGS1","2020-04-15","0.19"
"DGS1","2020-04-16","0.17"
"DGS1","2020-04-17","0.16"
"DGS1","2020-04-20","0.15"
"DGS1","2020-04-21","0.17"
"DGS1","2020-04-22","0.16"
"DGS1","2020-04-23","0.17"
"DGS1","2020-04-24","0.18"
"DGS1","2020-04-27","0.17"
"DGS1","2020-04-28","0.16"
"DGS1","2020-04-29","0.18"
"DGS1","2020-04-30","0.16"
"DGS1","2020-05-01","0.17"
"DGS1","2020-05-04","0.16"
"DGS1","2020-05-05","0.16"
"DGS1","2020-05-06","0.16"
"DGS1","2020-05-07","0.15"
"DGS1","2020-05-08","0.15"
"DGS1","2020-05-11","0.16"
"DGS1","2020-05-12","0.16"
"DGS1","2020-05-13","0.15"
"DGS1","2020-05-14","0.15"
"DGS1","2020-05-15","0.15"
"DGS1","2020-05-18","0.17"
"DGS1","2020-05-19","0.16"
"DGS1","2020-05-20","0.16"
"DGS1","2020-05-21","0.16"
"DGS1","2020-05-22","0.17"
"DGS1","2020-05-25","."
"DGS1","2020-05-26","0.17"
"DGS1","2020-05-27","0.18"
"DGS1","2020-05-28","0.17"
"DGS1","2020-05-29","0.17"
"DGS1","2020-06-01","0.17"
"DGS1","2020-06-02","0.17"
"DGS1","2020-06-03","0.17"
"DGS1","2020-06-04","0.17"
"DGS1","2020-06-05","0.18"
"DGS1","2020-06-08","0.19"
"DGS1","2020-06-09","0.19"
"DGS1","2020-06-10","0.18"
"DGS1","2020-06-11","0.19"
"DGS1","2020-06-12","0.18"
"DGS1","2020-06-15","0.17"
"DGS1","2020-06-16","0.18"
"DGS1","2020-06-17","0.19"
"DGS1","2020-06-18","0.19"
"DGS1","2020-06-19","0.18"
"DGS1","2020-06-22","0.17"
"DGS1","2020-06-23","0.18"
"DGS1","2020-06-24","0.17"
"DGS1","2020-06-25","0.17"
"DGS1","2020-06-26","0.17"
"DGS1","2020-06-29","0.16"
"DGS1","2020-06-30","0.16"
"DGS1","2020-07-01","0.16"
"DGS1","2020-07-02","0.16"
"DGS1","2020-07-03","."
"DGS1","2020-07-06","0.16"
"DGS1","2020-07-07","0.15"
"DGS1","2020-07-08","0.15"
"DGS1","2020-07-09","0.15"
"DGS1","2020-07-10","0.15"
"DGS1","2020-07-13","0.16"
"DGS1","2020-07-14","0.17"
"DGS1","2020-07-15","0.15"
"DGS1","2020-07-16","0.14"
"DGS1","2020-07-17","0.14"
"DGS1","2020-07-20","0.14"
"DGS1","2020-07-21","0.15"
"DGS1","2020-07-22","0.14"
"DGS1","2020-07-23","0.14"
"DGS1","2020-07-24","0.16"
"DGS1","2020-07-27","0.14"
"DGS1","2020-07-28","0.14"
"DGS1","2020-07-29","0.13"
"DGS1","2020-07-30","0.11"
"DGS1","2020-07-31","0.11"
"DGS1","2020-08-03","0.12"
"DGS1","2020-08-04","0.14"
"DGS1","2020-08-05","0.12"
"DGS1","2020-08-06","0.14"
"DGS1","2020-08-07","0.14"
"DGS1","2020-08-10","0.13"
"DGS1","2020-08-11","0.15"
"DGS1","2020-08-12","0.13"
"DGS1","2020-08-13","0.14"
"DGS1","2020-08-14","0.13"
"DGS1","2020-08-17","0.13"
"DGS1","2020-08-18","0.13"
"DGS1","2020-08-19","0.13"
"DGS1","2020-08-20","0.12"
"DGS1","2020-08-21","0.13"
"DGS1","2020-08-24","0.14"
"DGS1","2020-08-25","0.13"
"DGS1","2020-08-26","0.12"
"DGS1","2020-08-27","0.13"
"DGS1","2020-08-28","0.12"
"DGS1","2020-08-31","0.12"
"DGS1","2020-09-01","0.12"
"DGS1","2020-09-02","0.13"
"DGS1","2020-09-03","0.12"
"DGS1","2020-09-04","0.13"
"DGS1","2020-09-07","."
"DGS1","2020-09-08","0.15"
"DGS1","2020-09-09","0.14"
"DGS1","2020-09-10","0.15"
"DGS1","2020-09-11","0.13"
"DGS1","2020-09-14","0.14"
"DGS1","2020-09-15","0.13"
"DGS1","2020-09-16","0.12"
"DGS1","2020-09-17","0.12"
"DGS1","2020-09-18","0.13"
"DGS1","2020-09-21","0.12"
"DGS1","2020-09-22","0.12"
"DGS1","2020-09-23","0.13"
"DGS1","2020-09-24","0.12"
"DGS1","2020-09-25","0.12"
"DGS1","2020-09-28","0.12"
"DGS1","2020-09-29","0.12"
"DGS1","2020-09-30","0.12"
"DGS1","2020-10-01","0.12"
"DGS1","2020-10-02","0.12"
"DGS1","2020-10-05","0.12"
"DGS1","2020-10-06","0.14"
"DGS1","2020-10-07","0.13"
"DGS1","2020-10-08","0.13"
"DGS1","2020-10-09","0.15"
"DGS1","2020-10-12","."
"DGS1","2020-10-13","0.13"
"DGS1","2020-10-14","0.13"
"DGS1","2020-10-15","0.12"
"DGS1","2020-10-16","0.12"
"DGS1","2020-10-19","0.13"
"DGS1","2020-10-20","0.13"
"DGS1","2020-10-21","0.13"
"DGS1","2020-10-22","0.13"
"DGS1","2020-10-23","0.12"
"DGS1","2020-10-26","0.12"
"DGS1","2020-10-27","0.12"
"DGS1","2020-10-28","0.12"
"DGS1","2020-10-29","0.12"
"DGS1","2020-10-30","0.13"
"DGS1","2020-11-02","0.13"
"DGS1","2020-11-03","0.14"
"DGS1","2020-11-04","0.12"
"DGS1","2020-11-05","0.12"
"DGS1","2020-11-06","0.12"
"DGS1","2020-11-09","0.12"
"DGS1","2020-11-10","0.12"
"DGS1","2020-11-11","."
"DGS1","2020-11-12","0.13"
"DGS1","2020-11-13","0.12"
"DGS1","2020-11-16","0.12"
"DGS1","2020-11-17","0.12"
"DGS1","2020-11-18","0.11"
"DGS1","2020-11-19","0.11"
"DGS1","2020-11-20","0.11"
"DGS1","2020-11-23","0.10"
"DGS1","2020-11-24","0.11"
"DGS1","2020-11-25","0.11"
"DGS1","2020-11-26","."
"DGS1","2020-11-27","0.11"
"DGS1","2020-11-30","0.11"
"DGS1","2020-12-01","0.12"
"DGS1","2020-12-02","0.11"
"DGS1","2020-12-03","0.10"
"DGS1","2020-12-04","0.11"
"DGS1","2020-12-07","0.10"
"DGS1","2020-12-08","0.10"
"DGS1","2020-12-09","0.10"
"DGS1","2020-12-10","0.10"
"DGS1","2020-12-11","0.10"
"DGS1","2020-12-14","0.10"
"DGS1","2020-12-15","0.09"
"DGS1","2020-12-16","0.09"
"DGS1","2020-12-17","0.09"
"DGS1","2020-12-18","0.09"
"DGS1","2020-12-21","0.09"
"DGS1","2020-12-22","0.09"
"DGS1","2020-12-23","0.09"
"DGS1","2020-12-24","0.10"
"DGS1","2020-12-25","."
"DGS1","2020-12-28","0.11"
"DGS1","2020-12-29","0.11"
"DGS1","2020-12-30","0.12"
"DGS1","2020-12-31","0.10"
"DGS1","2021-01-01","."
"DGS1","2021-01-04","0.10"
"DGS1","2021-01-05","0.10"
"DGS1","2021-01-06","0.11"
"DGS1","2021-01-07","0.11"
"DGS1","2021-01-08","0.10"
"DGS1","2021-01-11","0.10"
"DGS1","2021-01-12","0.11"
"DGS1","2021-01-13","0.12"
"DGS1","2021-01-14","0.10"
"DGS1","2021-01-15","0.10"
"DGS1","2021-01-18","."
"DGS1","2021-01-19","0.10"
"DGS1","2021-01-20","0.10"
"DGS1","2021-01-21","0.10"
"DGS1","2021-01-22","0.10"
"DGS1","2021-01-25","0.10"
"DGS1","2021-01-26","0.09"
"DGS1","2021-01-27","0.09"
"DGS1","2021-01-28","0.08"
"DGS1","2021-01-29","0.10"
"DGS1","2021-02-01","0.08"
"DGS1","2021-02-02","0.08"
"DGS1","2021-02-03","0.08"
"DGS1","2021-02-04","0.07"
"DGS1","2021-02-05","0.06"
"DGS1","2021-02-08","0.07"
"DGS1","2021-02-09","0.07"
"DGS1","2021-02-10","0.07"
"DGS1","2021-02-11","0.07"
"DGS1","2021-02-12","0.06"
"DGS1","2021-02-15","."
"DGS1","2021-02-16","0.08"
"DGS1","2021-02-17","0.07"
"DGS1","2021-02-18","0.06"
"DGS1","2021-02-19","0.07"
"DGS1","2021-02-22","0.06"
"DGS1","2021-02-23","0.08"
"DGS1","2021-02-24","0.08"
"DGS1","2021-02-25","0.09"
"DGS1","2021-02-26","0.08"
"DGS1","2021-03-01","0.08"
"DGS1","2021-03-02","0.08"
"DGS1","2021-03-03","0.08"
"DGS1","2021-03-04","0.08"
"DGS1","2021-03-05","0.08"
"DGS1","2021-03-08","0.09"
"DGS1","2021-03-09","0.10"
"DGS1","2021-03-10","0.08"
"DGS1","2021-03-11","0.08"
"DGS1","2021-03-12","0.09"
"DGS1","2021-03-15","0.08"
"DGS1","2021-03-16","0.07"
"DGS1","2021-03-17","0.07"
"DGS1","2021-03-18","0.08"
"DGS1","2021-03-19","0.07"
"DGS1","2021-03-22","0.06"
"DGS1","2021-03-23","0.08"
"DGS1","2021-03-24","0.07"
"DGS1","2021-03-25","0.07"
"DGS1","2021-03-26","0.06"
"DGS1","2021-03-29","0.06"
"DGS1","2021-03-30","0.06"
"DGS1","2021-03-31","0.07"
"DGS1","2021-04-01","0.06"
"DGS1","2021-04-02","0.07"
"DGS1","2021-04-05","0.06"
"DGS1","2021-04-06","0.06"
"DGS1","2021-04-07","0.06"
"DGS1","2021-04-08","0.05"
"DGS1","2021-04-09","0.06"
"DGS1","2021-04-12","0.06"
"DGS1","2021-04-13","0.06"
"DGS1","2021-04-14","0.06"
"DGS1","2021-04-15","0.06"
"DGS1","2021-04-16","0.06"
"DGS1","2021-04-19","0.08"
"DGS1","2021-04-20","0.07"
"DGS1","2021-04-21","0.07"
"DGS1","2021-04-22","0.06"
"DGS1","2021-04-23","0.07"
"DGS1","2021-04-26","0.06"
"DGS1","2021-04-27","0.06"
"DGS1","2021-04-28","0.05"
"DGS1","2021-04-29","0.05"
"DGS1","2021-04-30","0.05"
"DGS1","2021-05-03","0.06"
"DGS1","2021-05-04","0.06"
"DGS1","2021-05-05","0.06"
"DGS1","2021-05-06","0.05"
"DGS1","2021-05-07","0.05"
"DGS1","2021-05-10","0.05"
"DGS1","2021-05-11","0.05"
"DGS1","2021-05-12","0.05"
"DGS1","2021-05-13","0.05"
"DGS1","2021-05-14","0.06"
"DGS1","2021-05-17","0.06"
"DGS1","2021-05-18","0.06"
"DGS1","2021-05-19","0.05"
"DGS1","2021-05-20","0.05"
"DGS1","2021-05-21","0.04"
"DGS1","2021-05-24","0.04"
"DGS1","2021-05-25","0.04"
"DGS1","2021-05-26","0.04"
"DGS1","2021-05-27","0.04"
"DGS1","2021-05-28","0.05"
"DGS1","2021-05-31","."
"DGS1","2021-06-01","0.04"
"DGS1","2021-06-02","0.05"
"DGS1","2021-06-03","0.04"
"DGS1","2021-06-04","0.05"
"DGS1","2021-06-07","0.05"
"DGS1","2021-06-08","0.05"
"DGS1","2021-06-09","0.05"
"DGS1","2021-06-10","0.05"
"DGS1","2021-06-11","0.05"
"DGS1","2021-06-14","0.05"
"DGS1","2021-06-15","0.08"
"DGS1","2021-06-16","0.08"
"DGS1","2021-06-17","0.08"
"DGS1","2021-06-18","0.09"
"DGS1","2021-06-21","0.09"
"DGS1","2021-06-22","0.09"
"DGS1","2021-06-23","0.08"
"DGS1","2021-06-24","0.08"
"DGS1","2021-06-25","0.09"
"DGS1","2021-06-28","0.08"
"DGS1","2021-06-29","0.08"
"DGS1","2021-06-30","0.07"
"DGS1","2021-07-01","0.09"
"DGS1","2021-07-02","0.08"
"DGS1","2021-07-05","."
"DGS1","2021-07-06","0.07"
"DGS1","2021-07-07","0.08"
"DGS1","2021-07-08","0.07"
"DGS1","2021-07-09","0.08"
"DGS1","2021-07-12","0.08"
"DGS1","2021-07-13","0.08"
"DGS1","2021-07-14","0.08"
"DGS1","2021-07-15","0.07"
"DGS1","2021-07-16","0.08"
"DGS1","2021-07-19","0.07"
"DGS1","2021-07-20","0.08"
"DGS1","2021-07-21","0.07"
"DGS1","2021-07-22","0.07"
"DGS1","2021-07-23","0.07"
"DGS1","2021-07-26","0.08"
"DGS1","2021-07-27","0.07"
"DGS1","2021-07-28","0.07"
"DGS1","2021-07-29","0.08"
"DGS1","2021-07-30","0.07"
"DGS1","2021-08-02","0.07"
"DGS1","2021-08-03","0.07"
"DGS1","2021-08-04","0.07"
"DGS1","2021-08-05","0.08"
"DGS1","2021-08-06","0.09"
"DGS1","2021-08-09","0.08"
"DGS1","2021-08-10","0.08"
"DGS1","2021-08-11","0.08"
"DGS1","2021-08-12","0.09"
"DGS1","2021-08-13","0.08"
"DGS1","2021-08-16","0.08"
"DGS1","2021-08-17","0.07"
"DGS1","2021-08-18","0.07"
"DGS1","2021-08-19","0.06"
"DGS1","2021-08-20","0.06"
"DGS1","2021-08-23","0.07"
"DGS1","2021-08-24","0.06"
"DGS1","2021-08-25","0.07"
"DGS1","2021-08-26","0.07"
"DGS1","2021-08-27","0.07"
"DGS1","2021-08-30","0.08"
"DGS1","2021-08-31","0.07"
"DGS1","2021-09-01","0.07"
"DGS1","2021-09-02","0.07"
"DGS1","2021-09-03","0.08"
"DGS1","2021-09-06","."
"DGS1","2021-09-07","0.08"
"DGS1","2021-09-08","0.08"
"DGS1","2021-09-09","0.07"
"DGS1","2021-09-10","0.08"
"DGS1","2021-09-13","0.07"
"DGS1","2021-09-14","0.07"
"DGS1","2021-09-15","0.07"
"DGS1","2021-09-16","0.07"
"DGS1","2021-09-17","0.07"
"DGS1","2021-09-20","0.07"
"DGS1","2021-09-21","0.07"
"DGS1","2021-09-22","0.08"
"DGS1","2021-09-23","0.08"
"DGS1","2021-09-24","0.08"
"DGS1","2021-09-27","0.09"
"DGS1","2021-09-28","0.09"
"DGS1","2021-09-29","0.09"
"DGS1","2021-09-30","0.09"
"DGS1","2021-10-01","0.09"
"DGS1","2021-10-04","0.09"
"DGS1","2021-10-05","0.09"
"DGS1","2021-10-06","0.10"
"DGS1","2021-10-07","0.10"
"DGS1","2021-10-08","0.09"
"DGS1","2021-10-11","."
"DGS1","2021-10-12","0.10"
"DGS1","2021-10-13","0.11"
"DGS1","2021-10-14","0.10"
"DGS1","2021-10-15","0.12"
"DGS1","2021-10-18","0.11"
"DGS1","2021-10-19","0.11"
"DGS1","2021-10-20","0.10"
"DGS1","2021-10-21","0.12"
"DGS1","2021-10-22","0.13"
"DGS1","2021-10-25","0.14"
"DGS1","2021-10-26","0.14"
"DGS1","2021-10-27","0.12"
"DGS1","2021-10-28","0.15"
"DGS1","2021-10-29","0.15"
"DGS1","2021-11-01","0.15"
"DGS1","2021-11-02","0.15"
"DGS1","2021-11-03","0.17"
"DGS1","2021-11-04","0.14"
"DGS1","2021-11-05","0.14"
"DGS1","2021-11-08","0.16"
"DGS1","2021-11-09","0.14"
"DGS1","2021-11-10","0.17"
"DGS1","2021-11-11","."
"DGS1","2021-11-12","0.17"
"DGS1","2021-11-15","0.18"
"DGS1","2021-11-16","0.17"
"DGS1","2021-11-17","0.18"
"DGS1","2021-11-18","0.18"
"DGS1","2021-11-19","0.18"
"DGS1","2021-11-22","0.20"
"DGS1","2021-11-23","0.21"
"DGS1","2021-11-24","0.24"
"DGS1","2021-11-25","."
"DGS1","2021-11-26","0.20"
"DGS1","2021-11-29","0.21"
"DGS1","2021-11-30","0.24"
"DGS1","2021-12-01","0.25"
"DGS1","2021-12-02","0.27"
"DGS1","2021-12-03","0.26"
"DGS1","2021-12-06","0.28"
"DGS1","2021-12-07","0.31"
"DGS1","2021-12-08","0.29"
"DGS1","2021-12-09","0.28"
"DGS1","2021-12-10","0.27"
"DGS1","2021-12-13","0.27"
"DGS1","2021-12-14","0.26"
"DGS1","2021-12-15","0.29"
"DGS1","2021-12-16","0.26"
"DGS1","2021-12-17","0.27"
"DGS1","2021-12-20","0.27"
"DGS1","2021-12-21","0.29"
"DGS1","2021-12-22","0.28"
"DGS1","2021-12-23","0.31"
"DGS1","2021-12-24","."
"DGS1","2021-12-27","0.33"
"DGS1","2021-12-28","0.39"
"DGS1","2021-12-29","0.38"
"DGS1","2021-12-30","0.38"
"DGS1","2021-12-31","0.39"
"DGS1","2022-01-03","0.40"
"DGS1","2022-01-04","0.38"
"DGS1","2022-01-05","0.41"
"DGS1","2022-01-06","0.45"
"DGS1","2022-01-07","0.43"
"DGS1","2022-01-10","0.46"
"DGS1","2022-01-11","0.46"
"DGS1","2022-01-12","0.48"
"DGS1","2022-01-13","0.47"
"DGS1","2022-01-14","0.51"
"DGS1","2022-01-17","."
"DGS1","2022-01-18","0.58"
"DGS1","2022-01-19","0.57"
"DGS1","2022-01-20","0.60"
"DGS1","2022-01-21","0.58"
"DGS1","2022-01-24","0.58"
"DGS1","2022-01-25","0.65"
"DGS1","2022-01-26","0.70"
"DGS1","2022-01-27","0.75"
"DGS1","2022-01-28","0.75"
"DGS1","2022-01-31","0.78"
"DGS1","2022-02-01","0.78"
"DGS1","2022-02-02","0.76"
"DGS1","2022-02-03","0.78"
"DGS1","2022-02-04","0.89"
"DGS1","2022-02-07","0.88"
"DGS1","2022-02-08","0.91"
"DGS1","2022-02-09","0.91"
"DGS1","2022-02-10","1.14"
"DGS1","2022-02-11","1.07"
"DGS1","2022-02-14","1.13"
"DGS1","2022-02-15","1.11"
"DGS1","2022-02-16","1.09"
"DGS1","2022-02-17","1.05"
"DGS1","2022-02-18","1.03"
"DGS1","2022-02-21","."
"DGS1","2022-02-22","1.17"
"DGS1","2022-02-23","1.16"
"DGS1","2022-02-24","1.08"
"DGS1","2022-02-25","1.13"
"DGS1","2022-02-28","1.01"
"DGS1","2022-03-01","0.91"
"DGS1","2022-03-02","1.06"
"DGS1","2022-03-03","1.08"
"DGS1","2022-03-04","1.05"
"DGS1","2022-03-07","1.07"
"DGS1","2022-03-08","1.12"
"DGS1","2022-03-09","1.15"
"DGS1","2022-03-10","1.19"
"DGS1","2022-03-11","1.22"
"DGS1","2022-03-14","1.28"
"DGS1","2022-03-15","1.28"
"DGS1","2022-03-16","1.35"
"DGS1","2022-03-17","1.30"
"DGS1","2022-03-18","1.29"
"DGS1","2022-03-21","1.40"
"DGS1","2022-03-22","1.59"
"DGS1","2022-03-23","1.52"
"DGS1","2022-03-24","1.55"
"DGS1","2022-03-25","1.67"
"DGS1","2022-03-28","1.69"
"DGS1","2022-03-29","1.67"
"DGS1","2022-03-30","1.64"
"DGS1","2022-03-31","1.63"
"DGS1","2022-04-01","1.72"
"DGS1","2022-04-04","1.72"
"DGS1","2022-04-05","1.77"
"DGS1","2022-04-06","1.79"
"DGS1","2022-04-07","1.78"
"DGS1","2022-04-08","1.81"
"DGS1","2022-04-11","1.85"
"DGS1","2022-04-12","1.77"
"DGS1","2022-04-13","1.78"
"DGS1","2022-04-14","1.84"
"DGS1","2022-04-15","."
"DGS1","2022-04-18","1.84"
"DGS1","2022-04-19","1.94"
"DGS1","2022-04-20","1.93"
"DGS1","2022-04-21","2.01"
"DGS1","2022-04-22","2.06"
"DGS1","2022-04-25","2.03"
"DGS1","2022-04-26","1.99"
"DGS1","2022-04-27","1.97"
"DGS1","2022-04-28","2.04"
"DGS1","2022-04-29","2.10"
"DGS1","2022-05-02","2.10"
"DGS1","2022-05-03","2.16"
"DGS1","2022-05-04","2.07"
"DGS1","2022-05-05","2.08"
"DGS1","2022-05-06","2.08"
"DGS1","2022-05-09","1.99"
"DGS1","2022-05-10","2.01"
"DGS1","2022-05-11","1.99"
"DGS1","2022-05-12","1.96"
"DGS1","2022-05-13","2.04"
"DGS1","2022-05-16","2.07"
"DGS1","2022-05-17","2.16"
"DGS1","2022-05-18","2.16"
"DGS1","2022-05-19","2.11"
"DGS1","2022-05-20","2.07"
"DGS1","2022-05-23","2.09"
"DGS1","2022-05-24","2.02"
"DGS1","2022-05-25","2.01"
"DGS1","2022-05-26","1.99"
"DGS1","2022-05-27","2.01"
"DGS1","2022-05-30","."
"DGS1","2022-05-31","2.08"
"DGS1","2022-06-01","2.16"
"DGS1","2022-06-02","2.15"
"DGS1","2022-06-03","2.18"
"DGS1","2022-06-06","2.23"
"DGS1","2022-06-07","2.26"
"DGS1","2022-06-08","2.29"
"DGS1","2022-06-09","2.35"
"DGS1","2022-06-10","2.58"
"DGS1","2022-06-13","2.89"
"DGS1","2022-06-14","3.15"
"DGS1","2022-06-15","2.93"
"DGS1","2022-06-16","2.88"
"DGS1","2022-06-17","2.86"
"DGS1","2022-06-20","."
"DGS1","2022-06-21","2.92"
"DGS1","2022-06-22","2.79"
"DGS1","2022-06-23","2.78"
"DGS1","2022-06-24","2.83"
"DGS1","2022-06-27","2.89"
"DGS1","2022-06-28","2.88"
"DGS1","2022-06-29","2.88"
"DGS1","2022-06-30","2.80"
"DGS1","2022-07-01","2.79"
"DGS1","2022-07-04","."
"DGS1","2022-07-05","2.77"
"DGS1","2022-07-06","2.82"
"DGS1","2022-07-07","2.87"
"DGS1","2022-07-08","2.96"
"DGS1","2022-07-11","2.97"
"DGS1","2022-07-12","3.07"
"DGS1","2022-07-13","3.21"
"DGS1","2022-07-14","3.16"
"DGS1","2022-07-15","3.12"
"DGS1","2022-07-18","3.13"
"DGS1","2022-07-19","3.18"
"DGS1","2022-07-20","3.18"
"DGS1","2022-07-21","3.11"
"DGS1","2022-07-22","3.01"
"DGS1","2022-07-25","3.07"
"DGS1","2022-07-26","3.06"
"DGS1","2022-07-27","3.00"
"DGS1","2022-07-28","2.93"
"DGS1","2022-07-29","2.98"
"DGS1","2022-08-01","2.98"
"DGS1","2022-08-02","3.09"
"DGS1","2022-08-03","3.14"
"DGS1","2022-08-04","3.11"
"DGS1","2022-08-05","3.29"
"DGS1","2022-08-08","3.30"
"DGS1","2022-08-09","3.33"
"DGS1","2022-08-10","3.26"
"DGS1","2022-08-11","3.25"
"DGS1","2022-08-12","3.26"
"DGS1","2022-08-15","3.23"
"DGS1","2022-08-16","3.26"
"DGS1","2022-08-17","3.27"
"DGS1","2022-08-18","3.24"
"DGS1","2022-08-19","3.26"
"DGS1","2022-08-22","3.32"
"DGS1","2022-08-23","3.29"
"DGS1","2022-08-24","3.35"
"DGS1","2022-08-25","3.33"
"DGS1","2022-08-26","3.36"
"DGS1","2022-08-29","3.43"
"DGS1","2022-08-30","3.48"
"DGS1","2022-08-31","3.50"
"DGS1","2022-09-01","3.51"
"DGS1","2022-09-02","3.47"
"DGS1","2022-09-05","."
"DGS1","2022-09-06","3.61"
"DGS1","2022-09-07","3.60"
"DGS1","2022-09-08","3.60"
"DGS1","2022-09-09","3.67"
"DGS1","2022-09-12","3.70"
"DGS1","2022-09-13","3.92"
"DGS1","2022-09-14","3.95"
"DGS1","2022-09-15","4.00"
"DGS1","2022-09-16","3.96"
"DGS1","2022-09-19","4.05"
"DGS1","2022-09-20","4.03"
"DGS1","2022-09-21","4.08"
"DGS1","2022-09-22","4.08"
"DGS1","2022-09-23","4.15"
"DGS1","2022-09-26","4.17"
"DGS1","2022-09-27","4.16"
"DGS1","2022-09-28","3.99"
"DGS1","2022-09-29","3.98"
"DGS1","2022-09-30","4.05"
"DGS1","2022-10-03","4.01"
"DGS1","2022-10-04","4.15"
"DGS1","2022-10-05","4.14"
"DGS1","2022-10-06","4.19"
"DGS1","2022-10-07","4.24"
"DGS1","2022-10-10","."
"DGS1","2022-10-11","4.28"
"DGS1","2022-10-12","4.28"
"DGS1","2022-10-13","4.46"
"DGS1","2022-10-14","4.50"
"DGS1","2022-10-17","4.50"
"DGS1","2022-10-18","4.50"
"DGS1","2022-10-19","4.60"
"DGS1","2022-10-20","4.66"
"DGS1","2022-10-21","4.58"
"DGS1","2022-10-24","4.61"
"DGS1","2022-10-25","4.60"
"DGS1","2022-10-26","4.54"
"DGS1","2022-10-27","4.50"
"DGS1","2022-10-28","4.55"
"DGS1","2022-10-31","4.66"
"DGS1","2022-11-01","4.75"
"DGS1","2022-11-02","4.76"
"DGS1","2022-11-03","4.78"
"DGS1","2022-11-04","4.76"
"DGS1","2022-11-07","4.80"
"DGS1","2022-11-08","4.77"
"DGS1","2022-11-09","4.75"
"DGS1","2022-11-10","4.59"
"DGS1","2022-11-11","."
"DGS1","2022-11-14","4.63"
"DGS1","2022-11-15","4.60"
"DGS1","2022-11-16","4.62"
"DGS1","2022-11-17","4.68"
"DGS1","2022-11-18","4.74"
"DGS1","2022-11-21","4.75"
"DGS1","2022-11-22","4.79"
"DGS1","2022-11-23","4.75"
"DGS1","2022-11-24","."
"DGS1","2022-11-25","4.76"
"DGS1","2022-11-28","4.76"
"DGS1","2022-11-29","4.78"
"DGS1","2022-11-30","4.74"
"DGS1","2022-12-01","4.66"
"DGS1","2022-12-02","4.69"
"DGS1","2022-12-05","4.77"
"DGS1","2022-12-06","4.73"
"DGS1","2022-12-07","4.67"
"DGS1","2022-12-08","4.71"
"DGS1","2022-12-09","4.72"
"DGS1","2022-12-12","4.75"
"DGS1","2022-12-13","4.64"
"DGS1","2022-12-14","4.64"
"DGS1","2022-12-15","4.65"
"DGS1","2022-12-16","4.61"
"DGS1","2022-12-19","4.64"
"DGS1","2022-12-20","4.64"
"DGS1","2022-12-21","4.60"
"DGS1","2022-12-22","4.64"
"DGS1","2022-12-23","4.66"
"DGS1","2022-12-26","."
"DGS1","2022-12-27","4.75"
"DGS1","2022-12-28","4.71"
"DGS1","2022-12-29","4.71"
"DGS1","2022-12-30","4.73"
"DGS1","2023-01-02","."
"DGS1","2023-01-03","4.72"
"DGS1","2023-01-04","4.71"
"DGS1","2023-01-05","4.78"
"DGS1","2023-01-06","4.71"
"DGS1","2023-01-09","4.69"
"DGS1","2023-01-10","4.74"
"DGS1","2023-01-11","4.73"
"DGS1","2023-01-12","4.66"
"DGS1","2023-01-13","4.69"
"DGS1","2023-01-16","."
"DGS1","2023-01-17","4.67"
"DGS1","2023-01-18","4.63"
"DGS1","2023-01-19","4.65"
"DGS1","2023-01-20","4.68"
"DGS1","2023-01-23","4.70"
"DGS1","2023-01-24","4.70"
"DGS1","2023-01-25","4.67"
"DGS1","2023-01-26","4.68"
"DGS1","2023-01-27","4.68"
"DGS1","2023-01-30","4.71"
"DGS1","2023-01-31","4.68"
"DGS1","2023-02-01","4.66"
"DGS1","2023-02-02","4.64"
"DGS1","2023-02-03","4.79"
"DGS1","2023-02-06","4.85"
"DGS1","2023-02-07","4.88"
"DGS1","2023-02-08","4.87"
"DGS1","2023-02-09","4.88"
"DGS1","2023-02-10","4.89"
"DGS1","2023-02-13","4.91"
"DGS1","2023-02-14","4.99"
"DGS1","2023-02-15","4.96"
"DGS1","2023-02-16","4.99"
"DGS1","2023-02-17","5.00"
"DGS1","2023-02-20","."
"DGS1","2023-02-21","5.07"
"DGS1","2023-02-22","5.07"
"DGS1","2023-02-23","5.03"
"DGS1","2023-02-24","5.05"
"DGS1","2023-02-27","5.03"
"DGS1","2023-02-28","5.02"
"DGS1","2023-03-01","5.06"
"DGS1","2023-03-02","5.04"
"DGS1","2023-03-03","5.03"
"DGS1","2023-03-06","5.05"
"DGS1","2023-03-07","5.22"
"DGS1","2023-03-08","5.25"
"DGS1","2023-03-09","5.18"
"DGS1","2023-03-10","4.90"
"DGS1","2023-03-13","4.30"
"DGS1","2023-03-14","4.45"
"DGS1","2023-03-15","4.19"
"DGS1","2023-03-16","4.49"
"DGS1","2023-03-17","4.26"
"DGS1","2023-03-20","4.34"
"DGS1","2023-03-21","4.68"
"DGS1","2023-03-22","4.56"
"DGS1","2023-03-23","4.38"
"DGS1","2023-03-24","4.32"
"DGS1","2023-03-27","4.51"
"DGS1","2023-03-28","4.55"
"DGS1","2023-03-29","4.59"
"DGS1","2023-03-30","4.63"
"DGS1","2023-03-31","4.64"
"DGS1","2023-04-03","4.60"
"DGS1","2023-04-04","4.50"
"DGS1","2023-04-05","4.43"
"DGS1","2023-04-06","4.51"
"DGS1","2023-04-07","4.61"
"DGS1","2023-04-10","4.65"
"DGS1","2023-04-11","4.67"
"DGS1","2023-04-12","4.64"
"DGS1","2023-04-13","4.66"
"DGS1","2023-04-14","4.77"
"DGS1","2023-04-17","4.80"
"DGS1","2023-04-18","4.81"
"DGS1","2023-04-19","4.84"
"DGS1","2023-04-20","4.77"
"DGS1","2023-04-21","4.78"
"DGS1","2023-04-24","4.76"
"DGS1","2023-04-25","4.60"
"DGS1","2023-04-26","4.64"
"DGS1","2023-04-27","4.78"
"DGS1","2023-04-28","4.80"
"DGS1","2023-05-01","4.86"
"DGS1","2023-05-02","4.74"
"DGS1","2023-05-03","4.70"
"DGS1","2023-05-04","4.59"
"DGS1","2023-05-05","4.73"
"DGS1","2023-05-08","4.79"
"DGS1","2023-05-09","4.81"
"DGS1","2023-05-10","4.70"
"DGS1","2023-05-11","4.70"
"DGS1","2023-05-12","4.75"
"DGS1","2023-05-15","4.73"
"DGS1","2023-05-16","4.88"
"DGS1","2023-05-17","4.92"
"DGS1","2023-05-18","5.02"
"DGS1","2023-05-19","5.02"
"DGS1","2023-05-22","5.07"
"DGS1","2023-05-23","5.06"
"DGS1","2023-05-24","5.12"
"DGS1","2023-05-25","5.24"
"DGS1","2023-05-26","5.25"
"DGS1","2023-05-29","."
"DGS1","2023-05-30","5.22"
"DGS1","2023-05-31","5.18"
"DGS1","2023-06-01","5.11"
"DGS1","2023-06-02","5.22"
"DGS1","2023-06-05","5.17"
"DGS1","2023-06-06","5.20"
"DGS1","2023-06-07","5.16"
"DGS1","2023-06-08","5.12"
"DGS1","2023-06-09","5.17"
"DGS1","2023-06-12","5.18"
"DGS1","2023-06-13","5.26"
"DGS1","2023-06-14","5.27"
"DGS1","2023-06-15","5.21"
"DGS1","2023-06-16","5.24"
"DGS1","2023-06-19","."
"DGS1","2023-06-20","5.24"
"DGS1","2023-06-21","5.25"
"DGS1","2023-06-22","5.29"
"DGS1","2023-06-23","5.25"
"DGS1","2023-06-26","5.27"
"DGS1","2023-06-27","5.33"
"DGS1","2023-06-28","5.32"
"DGS1","2023-06-29","5.41"
"DGS1","2023-06-30","5.40"
"DGS1","2023-07-03","5.43"
"DGS1","2023-07-04","."
"DGS1","2023-07-05","5.40"
"DGS1","2023-07-06","5.44"
"DGS1","2023-07-07","5.41"
"DGS1","2023-07-10","5.38"
"DGS1","2023-07-11","5.44"
"DGS1","2023-07-12","5.35"
"DGS1","2023-07-13","5.27"
"DGS1","2023-07-14","5.34"
"DGS1","2023-07-17","5.33"
"DGS1","2023-07-18","5.32"
"DGS1","2023-07-19","5.32"
"DGS1","2023-07-20","5.35"
"DGS1","2023-07-21","5.35"
"DGS1","2023-07-24","5.38"
"DGS1","2023-07-25","5.38"
"DGS1","2023-07-26","5.37"
"DGS1","2023-07-27","5.40"
"DGS1","2023-07-28","5.37"
"DGS1","2023-07-31","5.37"
"DGS1","2023-08-01","5.38"
"DGS1","2023-08-02","5.36"
"DGS1","2023-08-03","5.37"
"DGS1","2023-08-04","5.33"
"DGS1","2023-08-07","5.30"
"DGS1","2023-08-08","5.35"
"DGS1","2023-08-09","5.35"
"DGS1","2023-08-10","5.33"
"DGS1","2023-08-11","5.36"
"DGS1","2023-08-14","5.37"
"DGS1","2023-08-15","5.36"
"DGS1","2023-08-16","5.37"
"DGS1","2023-08-17","5.36"
"DGS1","2023-08-18","5.35"
"DGS1","2023-08-21","5.37"
"DGS1","2023-08-22","5.39"
"DGS1","2023-08-23","5.35"
"DGS1","2023-08-24","5.39"
"DGS1","2023-08-25","5.44"
"DGS1","2023-08-28","5.44"
"DGS1","2023-08-29","5.37"
"DGS1","2023-08-30","5.39"
"DGS1","2023-08-31","5.37"
"DGS1","2023-09-01","5.36"
"DGS1","2023-09-04","."
"DGS1","2023-09-05","5.42"
"DGS1","2023-09-06","5.44"
"DGS1","2023-09-07","5.40"
"DGS1","2023-09-08","5.42"
"DGS1","2023-09-11","5.40"
"DGS1","2023-09-12","5.42"
"DGS1","2023-09-13","5.42"
"DGS1","2023-09-14","5.42"
"DGS1","2023-09-15","5.43"
"DGS1","2023-09-18","5.44"
"DGS1","2023-09-19","5.45"
"DGS1","2023-09-20","5.47"
"DGS1","2023-09-21","5.46"
"DGS1","2023-09-22","5.46"
"DGS1","2023-09-25","5.45"
"DGS1","2023-09-26","5.45"
"DGS1","2023-09-27","5.49"
"DGS1","2023-09-28","5.46"
"DGS1","2023-09-29","5.46"
"DGS1","2023-10-02","5.49"
"DGS1","2023-10-03","5.49"
"DGS1","2023-10-04","5.42"
"DGS1","2023-10-05","5.39"
"DGS1","2023-10-06","5.43"
"DGS1","2023-10-09","."
"DGS1","2023-10-10","5.37"
"DGS1","2023-10-11","5.38"
"DGS1","2023-10-12","5.43"
"DGS1","2023-10-13","5.41"
"DGS1","2023-10-16","5.42"
"DGS1","2023-10-17","5.48"
"DGS1","2023-10-18","5.47"
"DGS1","2023-10-19","5.44"
"DGS1","2023-10-20","5.41"
"DGS1","2023-10-23","5.42"
"DGS1","2023-10-24","5.41"
"DGS1","2023-10-25","5.43"
"DGS1","2023-10-26","5.39"
"DGS1","2023-10-27","5.39"
"DGS1","2023-10-30","5.41"
"DGS1","2023-10-31","5.44"
"DGS1","2023-11-01","5.37"
"DGS1","2023-11-02","5.38"
"DGS1","2023-11-03","5.29"
"DGS1","2023-11-06","5.33"
"DGS1","2023-11-07","5.33"
"DGS1","2023-11-08","5.34"
"DGS1","2023-11-09","5.39"
"DGS1","2023-11-10","5.38"
"DGS1","2023-11-13","5.37"
"DGS1","2023-11-14","5.24"
"DGS1","2023-11-15","5.27"
"DGS1","2023-11-16","5.23"
"DGS1","2023-11-17","5.24"
"DGS1","2023-11-20","5.25"
"DGS1","2023-11-21","5.24"
"DGS1","2023-11-22","5.26"
"DGS1","2023-11-23","."
"DGS1","2023-11-24","5.27"
"DGS1","2023-11-27","5.24"
"DGS1","2023-11-28","5.21"
"DGS1","2023-11-29","5.12"
"DGS1","2023-11-30","5.16"
"DGS1","2023-12-01","5.05"
"DGS1","2023-12-04","5.10"
"DGS1","2023-12-05","5.06"
"DGS1","2023-12-06","5.07"
"DGS1","2023-12-07","5.05"
"DGS1","2023-12-08","5.13"
"DGS1","2023-12-11","5.14"
"DGS1","2023-12-12","5.14"
"DGS1","2023-12-13","4.94"
"DGS1","2023-12-14","4.90"
"DGS1","2023-12-15","4.95"
"DGS1","2023-12-18","4.95"
"DGS1","2023-12-19","4.93"
"DGS1","2023-12-20","4.88"
"DGS1","2023-12-21","4.84"
"DGS1","2023-12-22","4.82"
"DGS1","2023-12-25","."
"DGS1","2023-12-26","4.83"
"DGS1","2023-12-27","4.79"
"DGS1","2023-12-28","4.82"
"DGS1","2023-12-29","4.79"
"DGS1","2024-01-01","."
"DGS1","2024-01-02","4.80"
"DGS1","2024-01-03","4.81"
"DGS1","2024-01-04","4.85"
"DGS1","2024-01-05","4.84"
"DGS1","2024-01-08","4.82"
"DGS1","2024-01-09","4.82"
"DGS1","2024-01-10","4.82"
"DGS1","2024-01-11","4.75"
"DGS1","2024-01-12","4.65"
"DGS1","2024-01-15","."
"DGS1","2024-01-16","4.70"
"DGS1","2024-01-17","4.80"
"DGS1","2024-01-18","4.80"
"DGS1","2024-01-19","4.84"
"DGS1","2024-01-22","4.83"
"DGS1","2024-01-23","4.81"
"DGS1","2024-01-24","4.83"
"DGS1","2024-01-25","4.76"
"DGS1","2024-01-26","4.78"
"DGS1","2024-01-29","4.76"
"DGS1","2024-01-30","4.80"
"DGS1","2024-01-31","4.73"
"DGS1","2024-02-01","4.68"
"DGS1","2024-02-02","4.81"
"DGS1","2024-02-05","4.87"
"DGS1","2024-02-06","4.82"
"DGS1","2024-02-07","4.83"
"DGS1","2024-02-08","4.83"
"DGS1","2024-02-09","4.86"
"DGS1","2024-02-12","4.87"
"DGS1","2024-02-13","4.99"
"DGS1","2024-02-14","4.94"
"DGS1","2024-02-15","4.93"
"DGS1","2024-02-16","4.98"
"DGS1","2024-02-19","."
"DGS1","2024-02-20","4.97"
"DGS1","2024-02-21","4.98"
"DGS1","2024-02-22","5.02"
"DGS1","2024-02-23","5.0"
"DGS1","2024-02-26","5.03"
"DGS1","2024-02-27","5.03"
"DGS1","2024-02-28","5.0"
"DGS1","2024-02-29","5.01"
"DGS1","2024-03-01","4.94"
"DGS1","2024-03-04","4.98"
"DGS1","2024-03-05","4.94"
"DGS1","2024-03-06","4.95"
"DGS1","2024-03-07","4.93"
"DGS1","2024-03-08","4.92"
"DGS1","2024-03-11","4.95"
"DGS1","2024-03-12","5.0"
"DGS1","2024-03-13","5.01"
"DGS1","2024-03-14","5.04"
"DGS1","2024-03-15","5.05"
"DGS1","2024-03-18","5.06"
"DGS1","2024-03-19","5.06"
"DGS1","2024-03-20","5.01"
"DGS1","2024-03-21","5.01"
"DGS1","2024-03-22","4.98"
"DGS1","2024-03-25","5.0"
"DGS1","2024-03-26","5.0"
"DGS1","2024-03-27","4.99"
"DGS1","2024-03-28","5.03"
"DGS1","2024-03-29","."
"DGS1","2024-04-01","5.06"
"DGS1","2024-04-02","5.05"
"DGS1","2024-04-03","5.03"
"DGS1","2024-04-04","5.0"
"DGS1","2024-04-05","5.05"
"DGS1","2024-04-08","5.07"
"DGS1","2024-04-09","5.03"
"DGS1","2024-04-10","5.19"
"DGS1","2024-04-11","5.17"
"DGS1","2024-04-12","5.13"
"DGS1","2024-04-15","5.16"
"DGS1","2024-04-16","5.18"
"DGS1","2024-04-17","5.16"
"DGS1","2024-04-18","5.18"
"DGS1","2024-04-19","5.17"
"DGS1","2024-04-22","5.16"
"DGS1","2024-04-23","5.14"
"DGS1","2024-04-24","5.17"
"DGS1","2024-04-25","5.21"
"DGS1","2024-04-26","5.21"
"DGS1","2024-04-29","5.2"
"DGS1","2024-04-30","5.25"
"DGS1","2024-05-01","5.21"
"DGS1","2024-05-02","5.16"
"DGS1","2024-05-03","5.12"
"DGS1","2024-05-06","5.12"
"DGS1","2024-05-07","5.13"
"DGS1","2024-05-08","5.13"
"DGS1","2024-05-09","5.12"
"DGS1","2024-05-10","5.17"
"DGS1","2024-05-13","5.16"
"DGS1","2024-05-14","5.16"
"DGS1","2024-05-15","5.1"
"DGS1","2024-05-16","5.13"
"DGS1","2024-05-17","5.14"
"DGS1","2024-05-20","5.15"
"DGS1","2024-05-21","5.14"
"DGS1","2024-05-22","5.16"
"DGS1","2024-05-23","5.2"
"DGS1","2024-05-24","5.21"
"DGS1","2024-05-27","."
"DGS1","2024-05-28","5.21"
"DGS1","2024-05-29","5.22"
"DGS1","2024-05-30","5.19"
"DGS1","2024-05-31","5.18"
"DGS1","2024-06-03","5.14"
"DGS1","2024-06-04","5.11"
"DGS1","2024-06-05","5.08"
"DGS1","2024-06-06","5.08"
"DGS1","2024-06-07","5.17"
"DGS1","2024-06-10","5.16"
"DGS1","2024-06-11","5.17"
"DGS1","2024-06-12","5.13"
"DGS1","2024-06-13","5.07"
"DGS1","2024-06-14","5.07"
"DGS1","2024-06-17","5.11"
"DGS1","2024-06-18","5.09"
"DGS1","2024-06-19","."
"DGS1","2024-06-20","5.1"
"DGS1","2024-06-21","5.1"
"DGS1","2024-06-24","5.1"
"DGS1","2024-06-25","5.1"
"DGS1","2024-06-26","5.13"
"DGS1","2024-06-27","5.1"
"DGS1","2024-06-28","5.09"
"DGS1","2024-07-01","5.1"
"DGS1","2024-07-02","5.07"
"DGS1","2024-07-03","5.04"
"DGS1","2024-07-04","."
"DGS1","2024-07-05","4.98"
"DGS1","2024-07-08","4.99"
"DGS1","2024-07-09","5.02"
"DGS1","2024-07-10","5.01"
"DGS1","2024-07-11","4.91"
"DGS1","2024-07-12","4.87"
"DGS1","2024-07-15","4.85"
"DGS1","2024-07-16","4.85"
"DGS1","2024-07-17","4.85"
"DGS1","2024-07-18","4.86"
"DGS1","2024-07-19","4.87"
"DGS1","2024-07-22","4.88"
"DGS1","2024-07-23","4.85"
"DGS1","2024-07-24","4.82"
"DGS1","2024-07-25","4.83"
"DGS1","2024-07-26","4.79"
"DGS1","2024-07-29","4.79"
"DGS1","2024-07-30","4.78"
"DGS1","2024-07-31","4.73"
"DGS1","2024-08-01","4.62"
"DGS1","2024-08-02","4.33"
"DGS1","2024-08-05","4.34"
"DGS1","2024-08-06","4.46"
"DGS1","2024-08-07","4.45"
"DGS1","2024-08-08","4.48"
"DGS1","2024-08-09","4.5"
"DGS1","2024-08-12","4.47"
"DGS1","2024-08-13","4.4"
"DGS1","2024-08-14","4.42"
"DGS1","2024-08-15","4.52"
"DGS1","2024-08-16","4.49"
"DGS1","2024-08-19","4.48"
"DGS1","2024-08-20","4.43"
"DGS1","2024-08-21","4.36"
"DGS1","2024-08-22","4.43"
"DGS1","2024-08-23","4.36"
"DGS1","2024-08-26","4.38"
"DGS1","2024-08-27","4.34"
"DGS1","2024-08-28","4.36"
"DGS1","2024-08-29","4.38"
"DGS1","2024-08-30","4.38"
"DGS1","2024-09-02","."
"DGS1","2024-09-03","4.35"
"DGS1","2024-09-04","4.23"
"DGS1","2024-09-05","4.21"
"DGS1","2024-09-06","4.1"
"DGS1","2024-09-09","4.12"
"DGS1","2024-09-10","4.07"
"DGS1","2024-09-11","4.12"
"DGS1","2024-09-12","4.09"
"DGS1","2024-09-13","4.0"
"DGS1","2024-09-16","3.96"
"DGS1","2024-09-17","3.99"
"DGS1","2024-09-18","3.95"
"DGS1","2024-09-19","3.93"
"DGS1","2024-09-20","3.92"
"DGS1","2024-09-23","3.91"
"DGS1","2024-09-24","3.88"
"DGS1","2024-09-25","3.89"
"DGS1","2024-09-26","3.96"
"DGS1","2024-09-27","3.9"
"DGS1","2024-09-30","3.98"
"DGS1","2024-10-01","3.96"
"DGS1","2024-10-02","3.97"
"DGS1","2024-10-03","4.02"
"DGS1","2024-10-04","4.2"
"DGS1","2024-10-07","4.24"
"DGS1","2024-10-08","4.21"
"DGS1","2024-10-09","4.24"
"DGS1","2024-10-10","4.22"
"DGS1","2024-10-11","4.18"
"DGS1","2024-10-14","."
"DGS1","2024-10-15","4.18"
"DGS1","2024-10-16","4.17"
"DGS1","2024-10-17","4.21"
"DGS1","2024-10-18","4.19"
"DGS1","2024-10-21","4.24"
"DGS1","2024-10-22","4.24"
"DGS1","2024-10-23","4.27"
"DGS1","2024-10-24","4.25"
"DGS1","2024-10-25","4.29"
"DGS1","2024-10-28","4.28"
"DGS1","2024-10-29","4.29"
"DGS1","2024-10-30","4.28"
"DGS1","2024-10-31","4.27"
"DGS1","2024-11-01","4.28"
"DGS1","2024-11-04","4.25"
"DGS1","2024-11-05","4.27"
"DGS1","2024-11-06","4.31"
"DGS1","2024-11-07","4.28"
"DGS1","2024-11-08","4.32"
"DGS1","2024-11-11","."
"DGS1","2024-11-12","4.38"
"DGS1","2024-11-13","4.31"
"DGS1","2024-11-14","4.36"
"DGS1","2024-11-15","4.34"
"DGS1","2024-11-18","4.33"
"DGS1","2024-11-19","4.34"
"DGS1","2024-11-20","4.37"
"DGS1","2024-11-21","4.39"
"DGS1","2024-11-22","4.42"
"DGS1","2024-11-25","4.37"
"DGS1","2024-11-26","4.37"
"DGS1","2024-11-27","4.34"
"DGS1","2024-11-28","."
"DGS1","2024-11-29","4.3"
"DGS1","2024-12-02","4.3"
"DGS1","2024-12-03","4.27"
"DGS1","2024-12-04","4.23"
"DGS1","2024-12-05","4.23"
"DGS1","2024-12-06","4.19"
"DGS1","2024-12-09","4.2"
"DGS1","2024-12-10","4.22"
"DGS1","2024-12-11","4.21"
"DGS1","2024-12-12","4.22"
"DGS1","2024-12-13","4.24"
"DGS1","2024-12-16","4.24"
"DGS1","2024-12-17","4.25"
"DGS1","2024-12-18","4.3"
"DGS1","2024-12-19","4.28"
"DGS1","2024-12-20","4.27"
"DGS1","2024-12-23","4.26"
"DGS1","2024-12-24","4.24"
"DGS1","2024-12-25","."
"DGS1","2024-12-26","4.23"
"DGS1","2024-12-27","4.2"
"DGS1","2024-12-30","4.17"
"DGS1","2024-12-31","4.16"
"DGS1","2025-01-01","."
"DGS1","2025-01-02","4.17"
"DGS1","2025-01-03","4.18"
"DGS1","2025-01-06","4.17"
"DGS1","2025-01-07","4.19"
"DGS1","2025-01-08","4.19"
"DGS1","2025-01-09","4.16"
"DGS1","2025-01-10","4.25"
"DGS1","2025-01-13","4.24"
"DGS1","2025-01-14","4.22"
"DGS1","2025-01-15","4.19"
"DGS1","2025-01-16","4.18"
"DGS1","2025-01-17","4.21"
"DGS1","2025-01-20","."
"DGS1","2025-01-21","4.21"
"DGS1","2025-01-22","4.2"
"DGS1","2025-01-23","4.18"
"DGS1","2025-01-24","4.17"
"DGS1","2025-01-27","4.13"
"DGS1","2025-01-28","4.14"
"DGS1","2025-01-29","4.17"
"DGS1","2025-01-30","4.16"
"DGS1","2025-01-31","4.17"
"DGS1","2025-02-03","4.2"
"DGS1","2025-02-04","4.18"
"DGS1","2025-02-05","4.17"
"DGS1","2025-02-06","4.19"
"DGS1","2025-02-07","4.25"
"DGS1","2025-02-10","4.24"
"DGS1","2025-02-11","4.25"
"DGS1","2025-02-12","4.3"
"DGS1","2025-02-13","4.27"
"DGS1","2025-02-14","4.23"
"DGS1","2025-02-17","."
"DGS1","2025-02-18","4.24"
"DGS1","2025-02-19","4.22"
"DGS1","2025-02-20","4.2"
"DGS1","2025-02-21","4.15"
"DGS1","2025-02-24","4.15"
"DGS1","2025-02-25","4.12"
"DGS1","2025-02-26","4.12"
"DGS1","2025-02-27","4.13"
"DGS1","2025-02-28","4.08"
"DGS1","2025-03-03","4.06"
"DGS1","2025-03-04","4.04"
"DGS1","2025-03-05","4.06"
"DGS1","2025-03-06","4.02"
"DGS1","2025-03-07","4.05"
"DGS1","2025-03-10","3.98"
"DGS1","2025-03-11","4.03"
"DGS1","2025-03-12","4.07"
"DGS1","2025-03-13","4.03"
"DGS1","2025-03-14","4.09"
"DGS1","2025-03-17","4.11"
"DGS1","2025-03-18","4.13"
"DGS1","2025-03-19","4.1"
"DGS1","2025-03-20","4.06"
"DGS1","2025-03-21","4.04"
"DGS1","2025-03-24","4.11"
"DGS1","2025-03-25","4.09"
"DGS1","2025-03-26","4.1"
"DGS1","2025-03-27","4.1"
"DGS1","2025-03-28","4.04"
"DGS1","2025-03-31","4.03"
"DGS1","2025-04-01","4.01"
"DGS1","2025-04-02","4.04"
"DGS1","2025-04-03","3.92"
"DGS1","2025-04-04","3.86"
"DGS1","2025-04-07","3.86"
"DGS1","2025-04-08","3.83"
"DGS1","2025-04-09","4.03"
"DGS1","2025-04-10","3.97"
"DGS1","2025-04-11","4.04"
"DGS1","2025-04-14","3.99"
"DGS1","2025-04-15","3.99"
"DGS1","2025-04-16","3.96"
"DGS1","2025-04-17","3.99"
"DGS1","2025-04-18","."
"DGS1","2025-04-21","3.95"
"DGS1","2025-04-22","3.98"
"DGS1","2025-04-23","4.01"
"DGS1","2025-04-24","3.97"
"DGS1","2025-04-25","3.95"
"DGS1","2025-04-28","3.92"
"DGS1","2025-04-29","3.89"
"DGS1","2025-04-30","3.85"
"DGS1","2025-05-01","3.92"
"DGS1","2025-05-02","4.0"
"DGS1","2025-05-05","4.02"
"DGS1","2025-05-06","3.98"
"DGS1","2025-05-07","4.0"
"DGS1","2025-05-08","4.05"
"DGS1","2025-05-09","4.05"
"DGS1","2025-05-12","4.11"
"DGS1","2025-05-13","4.11"
"DGS1","2025-05-14","4.14"
"DGS1","2025-05-15","4.1"
"DGS1","2025-05-16","4.13"
"DGS1","2025-05-19","4.12"
"DGS1","2025-05-20","4.12"
"DGS1","2025-05-21","4.13"
"DGS1","2025-05-22","4.13"
"DGS1","2025-05-23","4.15"
"DGS1","2025-05-26","."
"DGS1","2025-05-27","4.14"
"DGS1","2025-05-28","4.16"
"DGS1","2025-05-29","4.13"
"DGS1","2025-05-30","4.11"
"DGS1","2025-06-02","4.12"
"DGS1","2025-06-03","4.12"
"DGS1","2025-06-04","4.06"
"DGS1","2025-06-05","4.08"
"DGS1","2025-06-06","4.14"
"DGS1","2025-06-09","4.13"
"DGS1","2025-06-10","4.12"
"DGS1","2025-06-11","4.08"
"DGS1","2025-06-12","4.06"
"DGS1","2025-06-13","4.09"
"DGS1","2025-06-16","4.1"
"DGS1","2025-06-17","4.1"
"DGS1","2025-06-18","4.1"
"DGS1","2025-06-19","."
"DGS1","2025-06-20","4.07"
"DGS1","2025-06-23","4.0"
"DGS1","2025-06-24","3.99"
"DGS1","2025-06-25","3.99"
"DGS1","2025-06-26","3.96"
"DGS1","2025-06-27","3.97"
"DGS1","2025-06-30","3.96"
"DGS1","2025-07-01","3.98"
"DGS1","2025-07-02","3.99"
"DGS1","2025-07-03","4.07"
"DGS1","2025-07-04","."
"DGS1","2025-07-07","4.08"
"DGS1","2025-07-08","4.11"
"DGS1","2025-07-09","4.07"
"DGS1","2025-07-10","4.07"
"DGS1","2025-07-11","4.09"
"DGS1","2025-07-14","4.08"
"DGS1","2025-07-15","4.12"
"DGS1","2025-07-16","4.08"
"DGS1","2025-07-17","4.1"
"DGS1","2025-07-18","4.08"
"DGS1","2025-07-21","4.06"
"DGS1","2025-07-22","4.05"
"DGS1","2025-07-23","4.08"
"DGS1","2025-07-24","4.1"
"DGS1","2025-07-25","4.09"
"DGS1","2025-07-28","4.09"
"DGS1","2025-07-29","4.07"
"DGS1","2025-07-30","4.12"
"DGS1","2025-07-31","4.1"
"DGS1","2025-08-01","3.87"
"DGS1","2025-08-04","3.82"
"DGS1","2025-08-05","3.92"
"DGS1","2025-08-06","3.9"
"DGS1","2025-08-07","3.92"
"DGS1","2025-08-08","3.93"
"DGS1","2025-08-11","3.93"
"DGS1","2025-08-12","3.9"
"DGS1","2025-08-13","3.86"
"DGS1","2025-08-14","3.91"
"DGS1","2025-08-15","3.93"
"DGS1","2025-08-18","3.93"
"DGS1","2025-08-19","3.91"
"DGS1","2025-08-20","3.9"
"DGS1","2025-08-21","3.95"
"DGS1","2025-08-22","3.87"
"DGS1","2025-08-25","3.88"
"DGS1","2025-08-26","3.85"
"DGS1","2025-08-27","3.83"
"DGS1","2025-08-28","3.85"
"DGS1","2025-08-29","3.83"
"DGS1","2025-09-01","."
"DGS1","2025-09-02","3.82"
"DGS1","2025-09-03","3.77"
"DGS1","2025-09-04","3.76"
"DGS1","2025-09-05","3.65"
"DGS1","2025-09-08","3.64"
"DGS1","2025-09-09","3.68"
"DGS1","2025-09-10","3.66"
"DGS1","2025-09-11","3.63"
"DGS1","2025-09-12","3.66"
"DGS1","2025-09-15","3.64"
"DGS1","2025-09-16","3.62"
"DGS1","2025-09-17","3.6"
"DGS1","2025-09-18","3.61"
"DGS1","2025-09-19","3.6"
"DGS1","2025-09-22","3.61"
"DGS1","2025-09-23","3.61"
"DGS1","2025-09-24","3.63"
"DGS1","2025-09-25","3.68"
"DGS1","2025-09-26","3.67"
"DGS1","2025-09-29","3.65"
"DGS1","2025-09-30","3.68"
"DGS1","2025-10-01","3.62"
"DGS1","2025-10-02","3.62"
"DGS1","2025-10-03","3.64"
"DGS1","2025-10-06","3.66"
"DGS1","2025-10-07","3.65"
"DGS1","2025-10-08","3.66"
"DGS1","2025-10-09","3.66"
"DGS1","2025-10-10","3.6"
"DGS1","2025-10-13","."
"DGS1","2025-10-14","3.58"
"DGS1","2025-10-15","3.61"
"DGS1","2025-10-16","3.54"
"DGS1","2025-10-17","3.56"
"DGS1","2025-10-20","3.55"
"DGS1","2025-10-21","3.56"
"DGS1","2025-10-22","3.55"
"DGS1","2025-10-23","3.59"
"DGS1","2025-10-24","3.58"
"DGS1","2025-10-27","3.59"
"DGS1","2025-10-28","3.59"
"DGS1","2025-10-29","3.7"
"DGS1","2025-10-30","3.7"
"DGS1","2025-10-31","3.7"
"DGS1","2025-11-03","3.7"
"DGS1","2025-11-04","3.67"
"DGS1","2025-11-05","3.71"
"DGS1","2025-11-06","3.65"
"DGS1","2025-11-07","3.63"
"DGS1","2025-11-10","3.66"
"DGS1","2025-11-11","."
"DGS1","2025-11-12","3.65"
"DGS1","2025-11-13","3.68"
"DGS1","2025-11-14","3.7"
"DGS1","2025-11-17","3.69"
"DGS1","2025-11-18","3.67"
"DGS1","2025-11-19","3.68"
"DGS1","2025-11-20","3.65"
"DGS1","2025-11-21","3.62"
"DGS1","2025-11-24","3.61"
"DGS1","2025-11-25","3.6"
"DGS1","2025-11-26","3.61"
"DGS1","2025-11-27","."
"DGS1","2025-11-28","3.61"
"DGS1","2025-12-01","3.62"
"DGS1","2025-12-02","3.59"
"DGS1","2025-12-03","3.57"
"DGS1","2025-12-04","3.6"
"DGS1","2025-12-05","3.61"
"DGS1","2025-12-08","3.61"
"DGS1","2025-12-09","3.63"
"DGS1","2025-12-10","3.58"
"DGS1","2025-12-11","3.56"
"DGS1","2025-12-12","3.54"
"DGS1","2025-12-15","3.52"
"DGS1","2025-12-16","3.51"
"DGS1","2025-12-17","3.51"
"DGS1","2025-12-18","3.49"
"DGS1","2025-12-19","3.51"
"DGS1","2025-12-22","3.53"
"DGS1","2025-12-23","3.52"
"DGS1","2025-12-24","3.5"
"DGS1","2025-12-25","."
"DGS1","2025-12-26","3.49"
"DGS1","2025-12-29","3.48"
"DGS1","2025-12-30","3.47"
"DGS1","2025-12-31","3.48"
"DGS2","2018-01-01","."
"DGS2","2018-01-02","1.92"
"DGS2","2018-01-03","1.94"
"DGS2","2018-01-04","1.96"
"DGS2","2018-01-05","1.96"
"DGS2","2018-01-08","1.96"
"DGS2","2018-01-09","1.98"
"DGS2","2018-01-10","1.98"
"DGS2","2018-01-11","1.98"
"DGS2","2018-01-12","1.99"
"DGS2","2018-01-15","."
"DGS2","2018-01-16","2.03"
"DGS2","2018-01-17","2.05"
"DGS2","2018-01-18","2.05"
"DGS2","2018-01-19","2.06"
"DGS2","2018-01-22","2.08"
"DGS2","2018-01-23","2.06"
"DGS2","2018-01-24","2.08"
"DGS2","2018-01-25","2.08"
"DGS2","2018-01-26","2.13"
"DGS2","2018-01-29","2.11"
"DGS2","2018-01-30","2.13"
"DGS2","2018-01-31","2.14"
"DGS2","2018-02-01","2.16"
"DGS2","2018-02-02","2.15"
"DGS2","2018-02-05","2.08"
"DGS2","2018-02-06","2.10"
"DGS2","2018-02-07","2.15"
"DGS2","2018-02-08","2.13"
"DGS2","2018-02-09","2.05"
"DGS2","2018-02-12","2.09"
"DGS2","2018-02-13","2.10"
"DGS2","2018-02-14","2.17"
"DGS2","2018-02-15","2.19"
"DGS2","2018-02-16","2.21"
"DGS2","2018-02-19","."
"DGS2","2018-02-20","2.25"
"DGS2","2018-02-21","2.26"
"DGS2","2018-02-22","2.25"
"DGS2","2018-02-23","2.25"
"DGS2","2018-02-26","2.22"
"DGS2","2018-02-27","2.27"
"DGS2","2018-02-28","2.25"
"DGS2","2018-03-01","2.22"
"DGS2","2018-03-02","2.25"
"DGS2","2018-03-05","2.24"
"DGS2","2018-03-06","2.25"
"DGS2","2018-03-07","2.25"
"DGS2","2018-03-08","2.25"
"DGS2","2018-03-09","2.27"
"DGS2","2018-03-12","2.27"
"DGS2","2018-03-13","2.26"
"DGS2","2018-03-14","2.26"
"DGS2","2018-03-15","2.29"
"DGS2","2018-03-16","2.31"
"DGS2","2018-03-19","2.31"
"DGS2","2018-03-20","2.34"
"DGS2","2018-03-21","2.31"
"DGS2","2018-03-22","2.29"
"DGS2","2018-03-23","2.28"
"DGS2","2018-03-26","2.33"
"DGS2","2018-03-27","2.26"
"DGS2","2018-03-28","2.28"
"DGS2","2018-03-29","2.27"
"DGS2","2018-03-30","."
"DGS2","2018-04-02","2.25"
"DGS2","2018-04-03","2.28"
"DGS2","2018-04-04","2.28"
"DGS2","2018-04-05","2.30"
"DGS2","2018-04-06","2.27"
"DGS2","2018-04-09","2.29"
"DGS2","2018-04-10","2.32"
"DGS2","2018-04-11","2.32"
"DGS2","2018-04-12","2.34"
"DGS2","2018-04-13","2.37"
"DGS2","2018-04-16","2.39"
"DGS2","2018-04-17","2.41"
"DGS2","2018-04-18","2.42"
"DGS2","2018-04-19","2.44"
"DGS2","2018-04-20","2.46"
"DGS2","2018-04-23","2.49"
"DGS2","2018-04-24","2.48"
"DGS2","2018-04-25","2.49"
"DGS2","2018-04-26","2.49"
"DGS2","2018-04-27","2.49"
"DGS2","2018-04-30","2.49"
"DGS2","2018-05-01","2.50"
"DGS2","2018-05-02","2.49"
"DGS2","2018-05-03","2.49"
"DGS2","2018-05-04","2.51"
"DGS2","2018-05-07","2.49"
"DGS2","2018-05-08","2.51"
"DGS2","2018-05-09","2.54"
"DGS2","2018-05-10","2.54"
"DGS2","2018-05-11","2.54"
"DGS2","2018-05-14","2.55"
"DGS2","2018-05-15","2.58"
"DGS2","2018-05-16","2.58"
"DGS2","2018-05-17","2.57"
"DGS2","2018-05-18","2.55"
"DGS2","2018-05-21","2.58"
"DGS2","2018-05-22","2.59"
"DGS2","2018-05-23","2.53"
"DGS2","2018-05-24","2.50"
"DGS2","2018-05-25","2.48"
"DGS2","2018-05-28","."
"DGS2","2018-05-29","2.32"
"DGS2","2018-05-30","2.42"
"DGS2","2018-05-31","2.40"
"DGS2","2018-06-01","2.47"
"DGS2","2018-06-04","2.52"
"DGS2","2018-06-05","2.49"
"DGS2","2018-06-06","2.52"
"DGS2","2018-06-07","2.50"
"DGS2","2018-06-08","2.50"
"DGS2","2018-06-11","2.52"
"DGS2","2018-06-12","2.54"
"DGS2","2018-06-13","2.59"
"DGS2","2018-06-14","2.59"
"DGS2","2018-06-15","2.55"
"DGS2","2018-06-18","2.56"
"DGS2","2018-06-19","2.54"
"DGS2","2018-06-20","2.56"
"DGS2","2018-06-21","2.56"
"DGS2","2018-06-22","2.56"
"DGS2","2018-06-25","2.54"
"DGS2","2018-06-26","2.53"
"DGS2","2018-06-27","2.52"
"DGS2","2018-06-28","2.52"
"DGS2","2018-06-29","2.52"
"DGS2","2018-07-02","2.57"
"DGS2","2018-07-03","2.53"
"DGS2","2018-07-04","."
"DGS2","2018-07-05","2.55"
"DGS2","2018-07-06","2.53"
"DGS2","2018-07-09","2.57"
"DGS2","2018-07-10","2.59"
"DGS2","2018-07-11","2.58"
"DGS2","2018-07-12","2.60"
"DGS2","2018-07-13","2.59"
"DGS2","2018-07-16","2.59"
"DGS2","2018-07-17","2.62"
"DGS2","2018-07-18","2.60"
"DGS2","2018-07-19","2.60"
"DGS2","2018-07-20","2.60"
"DGS2","2018-07-23","2.64"
"DGS2","2018-07-24","2.63"
"DGS2","2018-07-25","2.66"
"DGS2","2018-07-26","2.69"
"DGS2","2018-07-27","2.67"
"DGS2","2018-07-30","2.66"
"DGS2","2018-07-31","2.67"
"DGS2","2018-08-01","2.67"
"DGS2","2018-08-02","2.66"
"DGS2","2018-08-03","2.63"
"DGS2","2018-08-06","2.64"
"DGS2","2018-08-07","2.68"
"DGS2","2018-08-08","2.68"
"DGS2","2018-08-09","2.64"
"DGS2","2018-08-10","2.61"
"DGS2","2018-08-13","2.61"
"DGS2","2018-08-14","2.63"
"DGS2","2018-08-15","2.61"
"DGS2","2018-08-16","2.63"
"DGS2","2018-08-17","2.61"
"DGS2","2018-08-20","2.60"
"DGS2","2018-08-21","2.61"
"DGS2","2018-08-22","2.60"
"DGS2","2018-08-23","2.61"
"DGS2","2018-08-24","2.63"
"DGS2","2018-08-27","2.67"
"DGS2","2018-08-28","2.67"
"DGS2","2018-08-29","2.67"
"DGS2","2018-08-30","2.64"
"DGS2","2018-08-31","2.62"
"DGS2","2018-09-03","."
"DGS2","2018-09-04","2.66"
"DGS2","2018-09-05","2.66"
"DGS2","2018-09-06","2.64"
"DGS2","2018-09-07","2.71"
"DGS2","2018-09-10","2.73"
"DGS2","2018-09-11","2.76"
"DGS2","2018-09-12","2.74"
"DGS2","2018-09-13","2.76"
"DGS2","2018-09-14","2.78"
"DGS2","2018-09-17","2.78"
"DGS2","2018-09-18","2.81"
"DGS2","2018-09-19","2.81"
"DGS2","2018-09-20","2.81"
"DGS2","2018-09-21","2.81"
"DGS2","2018-09-24","2.83"
"DGS2","2018-09-25","2.83"
"DGS2","2018-09-26","2.83"
"DGS2","2018-09-27","2.83"
"DGS2","2018-09-28","2.81"
"DGS2","2018-10-01","2.82"
"DGS2","2018-10-02","2.82"
"DGS2","2018-10-03","2.85"
"DGS2","2018-10-04","2.87"
"DGS2","2018-10-05","2.88"
"DGS2","2018-10-08","."
"DGS2","2018-10-09","2.88"
"DGS2","2018-10-10","2.88"
"DGS2","2018-10-11","2.85"
"DGS2","2018-10-12","2.85"
"DGS2","2018-10-15","2.85"
"DGS2","2018-10-16","2.87"
"DGS2","2018-10-17","2.89"
"DGS2","2018-10-18","2.87"
"DGS2","2018-10-19","2.92"
"DGS2","2018-10-22","2.92"
"DGS2","2018-10-23","2.89"
"DGS2","2018-10-24","2.84"
"DGS2","2018-10-25","2.86"
"DGS2","2018-10-26","2.81"
"DGS2","2018-10-29","2.81"
"DGS2","2018-10-30","2.84"
"DGS2","2018-10-31","2.87"
"DGS2","2018-11-01","2.84"
"DGS2","2018-11-02","2.91"
"DGS2","2018-11-05","2.91"
"DGS2","2018-11-06","2.93"
"DGS2","2018-11-07","2.96"
"DGS2","2018-11-08","2.98"
"DGS2","2018-11-09","2.94"
"DGS2","2018-11-12","."
"DGS2","2018-11-13","2.89"
"DGS2","2018-11-14","2.86"
"DGS2","2018-11-15","2.86"
"DGS2","2018-11-16","2.81"
"DGS2","2018-11-19","2.79"
"DGS2","2018-11-20","2.79"
"DGS2","2018-11-21","2.81"
"DGS2","2018-11-22","."
"DGS2","2018-11-23","2.81"
"DGS2","2018-11-26","2.84"
"DGS2","2018-11-27","2.83"
"DGS2","2018-11-28","2.81"
"DGS2","2018-11-29","2.81"
"DGS2","2018-11-30","2.80"
"DGS2","2018-12-03","2.83"
"DGS2","2018-12-04","2.80"
"DGS2","2018-12-05","."
"DGS2","2018-12-06","2.75"
"DGS2","2018-12-07","2.72"
"DGS2","2018-12-10","2.72"
"DGS2","2018-12-11","2.78"
"DGS2","2018-12-12","2.77"
"DGS2","2018-12-13","2.75"
"DGS2","2018-12-14","2.73"
"DGS2","2018-12-17","2.70"
"DGS2","2018-12-18","2.65"
"DGS2","2018-12-19","2.63"
"DGS2","2018-12-20","2.67"
"DGS2","2018-12-21","2.63"
"DGS2","2018-12-24","2.55"
"DGS2","2018-12-25","."
"DGS2","2018-12-26","2.61"
"DGS2","2018-12-27","2.56"
"DGS2","2018-12-28","2.52"
"DGS2","2018-12-31","2.48"
"DGS2","2019-01-01","."
"DGS2","2019-01-02","2.50"
"DGS2","2019-01-03","2.39"
"DGS2","2019-01-04","2.50"
"DGS2","2019-01-07","2.53"
"DGS2","2019-01-08","2.58"
"DGS2","2019-01-09","2.56"
"DGS2","2019-01-10","2.56"
"DGS2","2019-01-11","2.55"
"DGS2","2019-01-14","2.53"
"DGS2","2019-01-15","2.53"
"DGS2","2019-01-16","2.55"
"DGS2","2019-01-17","2.56"
"DGS2","2019-01-18","2.62"
"DGS2","2019-01-21","."
"DGS2","2019-01-22","2.58"
"DGS2","2019-01-23","2.58"
"DGS2","2019-01-24","2.56"
"DGS2","2019-01-25","2.60"
"DGS2","2019-01-28","2.60"
"DGS2","2019-01-29","2.56"
"DGS2","2019-01-30","2.52"
"DGS2","2019-01-31","2.45"
"DGS2","2019-02-01","2.52"
"DGS2","2019-02-04","2.53"
"DGS2","2019-02-05","2.53"
"DGS2","2019-02-06","2.52"
"DGS2","2019-02-07","2.48"
"DGS2","2019-02-08","2.45"
"DGS2","2019-02-11","2.48"
"DGS2","2019-02-12","2.50"
"DGS2","2019-02-13","2.53"
"DGS2","2019-02-14","2.50"
"DGS2","2019-02-15","2.52"
"DGS2","2019-02-18","."
"DGS2","2019-02-19","2.50"
"DGS2","2019-02-20","2.50"
"DGS2","2019-02-21","2.53"
"DGS2","2019-02-22","2.48"
"DGS2","2019-02-25","2.51"
"DGS2","2019-02-26","2.48"
"DGS2","2019-02-27","2.50"
"DGS2","2019-02-28","2.52"
"DGS2","2019-03-01","2.55"
"DGS2","2019-03-04","2.55"
"DGS2","2019-03-05","2.55"
"DGS2","2019-03-06","2.52"
"DGS2","2019-03-07","2.47"
"DGS2","2019-03-08","2.45"
"DGS2","2019-03-11","2.47"
"DGS2","2019-03-12","2.45"
"DGS2","2019-03-13","2.45"
"DGS2","2019-03-14","2.46"
"DGS2","2019-03-15","2.43"
"DGS2","2019-03-18","2.45"
"DGS2","2019-03-19","2.46"
"DGS2","2019-03-20","2.40"
"DGS2","2019-03-21","2.41"
"DGS2","2019-03-22","2.31"
"DGS2","2019-03-25","2.26"
"DGS2","2019-03-26","2.24"
"DGS2","2019-03-27","2.22"
"DGS2","2019-03-28","2.23"
"DGS2","2019-03-29","2.27"
"DGS2","2019-04-01","2.33"
"DGS2","2019-04-02","2.30"
"DGS2","2019-04-03","2.33"
"DGS2","2019-04-04","2.33"
"DGS2","2019-04-05","2.35"
"DGS2","2019-04-08","2.36"
"DGS2","2019-04-09","2.35"
"DGS2","2019-04-10","2.31"
"DGS2","2019-04-11","2.35"
"DGS2","2019-04-12","2.40"
"DGS2","2019-04-15","2.40"
"DGS2","2019-04-16","2.41"
"DGS2","2019-04-17","2.40"
"DGS2","2019-04-18","2.38"
"DGS2","2019-04-19","."
"DGS2","2019-04-22","2.38"
"DGS2","2019-04-23","2.36"
"DGS2","2019-04-24","2.32"
"DGS2","2019-04-25","2.33"
"DGS2","2019-04-26","2.28"
"DGS2","2019-04-29","2.30"
"DGS2","2019-04-30","2.27"
"DGS2","2019-05-01","2.31"
"DGS2","2019-05-02","2.35"
"DGS2","2019-05-03","2.33"
"DGS2","2019-05-06","2.31"
"DGS2","2019-05-07","2.28"
"DGS2","2019-05-08","2.30"
"DGS2","2019-05-09","2.26"
"DGS2","2019-05-10","2.26"
"DGS2","2019-05-13","2.18"
"DGS2","2019-05-14","2.20"
"DGS2","2019-05-15","2.16"
"DGS2","2019-05-16","2.20"
"DGS2","2019-05-17","2.20"
"DGS2","2019-05-20","2.21"
"DGS2","2019-05-21","2.26"
"DGS2","2019-05-22","2.23"
"DGS2","2019-05-23","2.12"
"DGS2","2019-05-24","2.16"
"DGS2","2019-05-27","."
"DGS2","2019-05-28","2.12"
"DGS2","2019-05-29","2.09"
"DGS2","2019-05-30","2.06"
"DGS2","2019-05-31","1.95"
"DGS2","2019-06-03","1.82"
"DGS2","2019-06-04","1.88"
"DGS2","2019-06-05","1.83"
"DGS2","2019-06-06","1.88"
"DGS2","2019-06-07","1.85"
"DGS2","2019-06-10","1.90"
"DGS2","2019-06-11","1.93"
"DGS2","2019-06-12","1.88"
"DGS2","2019-06-13","1.83"
"DGS2","2019-06-14","1.84"
"DGS2","2019-06-17","1.86"
"DGS2","2019-06-18","1.86"
"DGS2","2019-06-19","1.74"
"DGS2","2019-06-20","1.72"
"DGS2","2019-06-21","1.77"
"DGS2","2019-06-24","1.72"
"DGS2","2019-06-25","1.71"
"DGS2","2019-06-26","1.77"
"DGS2","2019-06-27","1.74"
"DGS2","2019-06-28","1.75"
"DGS2","2019-07-01","1.78"
"DGS2","2019-07-02","1.77"
"DGS2","2019-07-03","1.77"
"DGS2","2019-07-04","."
"DGS2","2019-07-05","1.87"
"DGS2","2019-07-08","1.88"
"DGS2","2019-07-09","1.92"
"DGS2","2019-07-10","1.82"
"DGS2","2019-07-11","1.85"
"DGS2","2019-07-12","1.84"
"DGS2","2019-07-15","1.83"
"DGS2","2019-07-16","1.87"
"DGS2","2019-07-17","1.83"
"DGS2","2019-07-18","1.77"
"DGS2","2019-07-19","1.80"
"DGS2","2019-07-22","1.80"
"DGS2","2019-07-23","1.83"
"DGS2","2019-07-24","1.83"
"DGS2","2019-07-25","1.86"
"DGS2","2019-07-26","1.86"
"DGS2","2019-07-29","1.85"
"DGS2","2019-07-30","1.85"
"DGS2","2019-07-31","1.89"
"DGS2","2019-08-01","1.73"
"DGS2","2019-08-02","1.72"
"DGS2","2019-08-05","1.59"
"DGS2","2019-08-06","1.60"
"DGS2","2019-08-07","1.59"
"DGS2","2019-08-08","1.62"
"DGS2","2019-08-09","1.63"
"DGS2","2019-08-12","1.58"
"DGS2","2019-08-13","1.66"
"DGS2","2019-08-14","1.58"
"DGS2","2019-08-15","1.48"
"DGS2","2019-08-16","1.48"
"DGS2","2019-08-19","1.53"
"DGS2","2019-08-20","1.50"
"DGS2","2019-08-21","1.56"
"DGS2","2019-08-22","1.61"
"DGS2","2019-08-23","1.51"
"DGS2","2019-08-26","1.54"
"DGS2","2019-08-27","1.53"
"DGS2","2019-08-28","1.50"
"DGS2","2019-08-29","1.53"
"DGS2","2019-08-30","1.50"
"DGS2","2019-09-02","."
"DGS2","2019-09-03","1.47"
"DGS2","2019-09-04","1.43"
"DGS2","2019-09-05","1.55"
"DGS2","2019-09-06","1.53"
"DGS2","2019-09-09","1.58"
"DGS2","2019-09-10","1.67"
"DGS2","2019-09-11","1.68"
"DGS2","2019-09-12","1.72"
"DGS2","2019-09-13","1.79"
"DGS2","2019-09-16","1.74"
"DGS2","2019-09-17","1.72"
"DGS2","2019-09-18","1.77"
"DGS2","2019-09-19","1.74"
"DGS2","2019-09-20","1.69"
"DGS2","2019-09-23","1.68"
"DGS2","2019-09-24","1.60"
"DGS2","2019-09-25","1.68"
"DGS2","2019-09-26","1.66"
"DGS2","2019-09-27","1.63"
"DGS2","2019-09-30","1.63"
"DGS2","2019-10-01","1.56"
"DGS2","2019-10-02","1.48"
"DGS2","2019-10-03","1.39"
"DGS2","2019-10-04","1.40"
"DGS2","2019-10-07","1.46"
"DGS2","2019-10-08","1.42"
"DGS2","2019-10-09","1.47"
"DGS2","2019-10-10","1.53"
"DGS2","2019-10-11","1.63"
"DGS2","2019-10-14","."
"DGS2","2019-10-15","1.61"
"DGS2","2019-10-16","1.58"
"DGS2","2019-10-17","1.60"
"DGS2","2019-10-18","1.58"
"DGS2","2019-10-21","1.62"
"DGS2","2019-10-22","1.60"
"DGS2","2019-10-23","1.58"
"DGS2","2019-10-24","1.58"
"DGS2","2019-10-25","1.63"
"DGS2","2019-10-28","1.64"
"DGS2","2019-10-29","1.64"
"DGS2","2019-10-30","1.61"
"DGS2","2019-10-31","1.52"
"DGS2","2019-11-01","1.56"
"DGS2","2019-11-04","1.60"
"DGS2","2019-11-05","1.63"
"DGS2","2019-11-06","1.61"
"DGS2","2019-11-07","1.68"
"DGS2","2019-11-08","1.68"
"DGS2","2019-11-11","."
"DGS2","2019-11-12","1.66"
"DGS2","2019-11-13","1.63"
"DGS2","2019-11-14","1.58"
"DGS2","2019-11-15","1.61"
"DGS2","2019-11-18","1.60"
"DGS2","2019-11-19","1.60"
"DGS2","2019-11-20","1.56"
"DGS2","2019-11-21","1.60"
"DGS2","2019-11-22","1.61"
"DGS2","2019-11-25","1.61"
"DGS2","2019-11-26","1.58"
"DGS2","2019-11-27","1.63"
"DGS2","2019-11-28","."
"DGS2","2019-11-29","1.61"
"DGS2","2019-12-02","1.61"
"DGS2","2019-12-03","1.53"
"DGS2","2019-12-04","1.58"
"DGS2","2019-12-05","1.58"
"DGS2","2019-12-06","1.61"
"DGS2","2019-12-09","1.63"
"DGS2","2019-12-10","1.65"
"DGS2","2019-12-11","1.61"
"DGS2","2019-12-12","1.66"
"DGS2","2019-12-13","1.61"
"DGS2","2019-12-16","1.65"
"DGS2","2019-12-17","1.63"
"DGS2","2019-12-18","1.63"
"DGS2","2019-12-19","1.62"
"DGS2","2019-12-20","1.63"
"DGS2","2019-12-23","1.64"
"DGS2","2019-12-24","1.62"
"DGS2","2019-12-25","."
"DGS2","2019-12-26","1.64"
"DGS2","2019-12-27","1.59"
"DGS2","2019-12-30","1.58"
"DGS2","2019-12-31","1.58"
"DGS2","2020-01-01","."
"DGS2","2020-01-02","1.58"
"DGS2","2020-01-03","1.53"
"DGS2","2020-01-06","1.54"
"DGS2","2020-01-07","1.54"
"DGS2","2020-01-08","1.58"
"DGS2","2020-01-09","1.58"
"DGS2","2020-01-10","1.56"
"DGS2","2020-01-13","1.58"
"DGS2","2020-01-14","1.58"
"DGS2","2020-01-15","1.56"
"DGS2","2020-01-16","1.58"
"DGS2","2020-01-17","1.58"
"DGS2","2020-01-20","."
"DGS2","2020-01-21","1.53"
"DGS2","2020-01-22","1.53"
"DGS2","2020-01-23","1.51"
"DGS2","2020-01-24","1.49"
"DGS2","2020-01-27","1.44"
"DGS2","2020-01-28","1.45"
"DGS2","2020-01-29","1.42"
"DGS2","2020-01-30","1.41"
"DGS2","2020-01-31","1.33"
"DGS2","2020-02-03","1.36"
"DGS2","2020-02-04","1.41"
"DGS2","2020-02-05","1.44"
"DGS2","2020-02-06","1.44"
"DGS2","2020-02-07","1.41"
"DGS2","2020-02-10","1.37"
"DGS2","2020-02-11","1.41"
"DGS2","2020-02-12","1.44"
"DGS2","2020-02-13","1.44"
"DGS2","2020-02-14","1.42"
"DGS2","2020-02-17","."
"DGS2","2020-02-18","1.41"
"DGS2","2020-02-19","1.42"
"DGS2","2020-02-20","1.39"
"DGS2","2020-02-21","1.34"
"DGS2","2020-02-24","1.26"
"DGS2","2020-02-25","1.20"
"DGS2","2020-02-26","1.16"
"DGS2","2020-02-27","1.11"
"DGS2","2020-02-28","0.86"
"DGS2","2020-03-02","0.84"
"DGS2","2020-03-03","0.71"
"DGS2","2020-03-04","0.67"
"DGS2","2020-03-05","0.59"
"DGS2","2020-03-06","0.49"
"DGS2","2020-03-09","0.38"
"DGS2","2020-03-10","0.50"
"DGS2","2020-03-11","0.50"
"DGS2","2020-03-12","0.50"
"DGS2","2020-03-13","0.49"
"DGS2","2020-03-16","0.36"
"DGS2","2020-03-17","0.47"
"DGS2","2020-03-18","0.54"
"DGS2","2020-03-19","0.44"
"DGS2","2020-03-20","0.37"
"DGS2","2020-03-23","0.28"
"DGS2","2020-03-24","0.38"
"DGS2","2020-03-25","0.34"
"DGS2","2020-03-26","0.30"
"DGS2","2020-03-27","0.25"
"DGS2","2020-03-30","0.23"
"DGS2","2020-03-31","0.23"
"DGS2","2020-04-01","0.23"
"DGS2","2020-04-02","0.23"
"DGS2","2020-04-03","0.23"
"DGS2","2020-04-06","0.27"
"DGS2","2020-04-07","0.28"
"DGS2","2020-04-08","0.27"
"DGS2","2020-04-09","0.23"
"DGS2","2020-04-10","."
"DGS2","2020-04-13","0.25"
"DGS2","2020-04-14","0.23"
"DGS2","2020-04-15","0.20"
"DGS2","2020-04-16","0.20"
"DGS2","2020-04-17","0.20"
"DGS2","2020-04-20","0.20"
"DGS2","2020-04-21","0.20"
"DGS2","2020-04-22","0.22"
"DGS2","2020-04-23","0.22"
"DGS2","2020-04-24","0.22"
"DGS2","2020-04-27","0.24"
"DGS2","2020-04-28","0.20"
"DGS2","2020-04-29","0.20"
"DGS2","2020-04-30","0.20"
"DGS2","2020-05-01","0.20"
"DGS2","2020-05-04","0.19"
"DGS2","2020-05-05","0.19"
"DGS2","2020-05-06","0.17"
"DGS2","2020-05-07","0.13"
"DGS2","2020-05-08","0.16"
"DGS2","2020-05-11","0.17"
"DGS2","2020-05-12","0.17"
"DGS2","2020-05-13","0.16"
"DGS2","2020-05-14","0.16"
"DGS2","2020-05-15","0.16"
"DGS2","2020-05-18","0.18"
"DGS2","2020-05-19","0.17"
"DGS2","2020-05-20","0.16"
"DGS2","2020-05-21","0.17"
"DGS2","2020-05-22","0.17"
"DGS2","2020-05-25","."
"DGS2","2020-05-26","0.18"
"DGS2","2020-05-27","0.19"
"DGS2","2020-05-28","0.17"
"DGS2","2020-05-29","0.16"
"DGS2","2020-06-01","0.14"
"DGS2","2020-06-02","0.17"
"DGS2","2020-06-03","0.19"
"DGS2","2020-06-04","0.19"
"DGS2","2020-06-05","0.22"
"DGS2","2020-06-08","0.22"
"DGS2","2020-06-09","0.20"
"DGS2","2020-06-10","0.17"
"DGS2","2020-06-11","0.19"
"DGS2","2020-06-12","0.19"
"DGS2","2020-06-15","0.19"
"DGS2","2020-06-16","0.21"
"DGS2","2020-06-17","0.19"
"DGS2","2020-06-18","0.19"
"DGS2","2020-06-19","0.19"
"DGS2","2020-06-22","0.19"
"DGS2","2020-06-23","0.18"
"DGS2","2020-06-24","0.19"
"DGS2","2020-06-25","0.17"
"DGS2","2020-06-26","0.17"
"DGS2","2020-06-29","0.16"
"DGS2","2020-06-30","0.16"
"DGS2","2020-07-01","0.17"
"DGS2","2020-07-02","0.16"
"DGS2","2020-07-03","."
"DGS2","2020-07-06","0.16"
"DGS2","2020-07-07","0.16"
"DGS2","2020-07-08","0.16"
"DGS2","2020-07-09","0.16"
"DGS2","2020-07-10","0.16"
"DGS2","2020-07-13","0.16"
"DGS2","2020-07-14","0.14"
"DGS2","2020-07-15","0.16"
"DGS2","2020-07-16","0.16"
"DGS2","2020-07-17","0.14"
"DGS2","2020-07-20","0.16"
"DGS2","2020-07-21","0.14"
"DGS2","2020-07-22","0.14"
"DGS2","2020-07-23","0.16"
"DGS2","2020-07-24","0.14"
"DGS2","2020-07-27","0.15"
"DGS2","2020-07-28","0.14"
"DGS2","2020-07-29","0.12"
"DGS2","2020-07-30","0.11"
"DGS2","2020-07-31","0.11"
"DGS2","2020-08-03","0.11"
"DGS2","2020-08-04","0.11"
"DGS2","2020-08-05","0.11"
"DGS2","2020-08-06","0.11"
"DGS2","2020-08-07","0.13"
"DGS2","2020-08-10","0.14"
"DGS2","2020-08-11","0.16"
"DGS2","2020-08-12","0.16"
"DGS2","2020-08-13","0.16"
"DGS2","2020-08-14","0.14"
"DGS2","2020-08-17","0.14"
"DGS2","2020-08-18","0.14"
"DGS2","2020-08-19","0.14"
"DGS2","2020-08-20","0.13"
"DGS2","2020-08-21","0.16"
"DGS2","2020-08-24","0.14"
"DGS2","2020-08-25","0.15"
"DGS2","2020-08-26","0.16"
"DGS2","2020-08-27","0.16"
"DGS2","2020-08-28","0.14"
"DGS2","2020-08-31","0.14"
"DGS2","2020-09-01","0.13"
"DGS2","2020-09-02","0.14"
"DGS2","2020-09-03","0.13"
"DGS2","2020-09-04","0.14"
"DGS2","2020-09-07","."
"DGS2","2020-09-08","0.14"
"DGS2","2020-09-09","0.14"
"DGS2","2020-09-10","0.14"
"DGS2","2020-09-11","0.13"
"DGS2","2020-09-14","0.14"
"DGS2","2020-09-15","0.14"
"DGS2","2020-09-16","0.14"
"DGS2","2020-09-17","0.13"
"DGS2","2020-09-18","0.14"
"DGS2","2020-09-21","0.14"
"DGS2","2020-09-22","0.13"
"DGS2","2020-09-23","0.14"
"DGS2","2020-09-24","0.14"
"DGS2","2020-09-25","0.12"
"DGS2","2020-09-28","0.14"
"DGS2","2020-09-29","0.11"
"DGS2","2020-09-30","0.13"
"DGS2","2020-10-01","0.14"
"DGS2","2020-10-02","0.13"
"DGS2","2020-10-05","0.14"
"DGS2","2020-10-06","0.14"
"DGS2","2020-10-07","0.16"
"DGS2","2020-10-08","0.13"
"DGS2","2020-10-09","0.16"
"DGS2","2020-10-12","."
"DGS2","2020-10-13","0.16"
"DGS2","2020-10-14","0.14"
"DGS2","2020-10-15","0.14"
"DGS2","2020-10-16","0.14"
"DGS2","2020-10-19","0.16"
"DGS2","2020-10-20","0.14"
"DGS2","2020-10-21","0.14"
"DGS2","2020-10-22","0.16"
"DGS2","2020-10-23","0.18"
"DGS2","2020-10-26","0.16"
"DGS2","2020-10-27","0.16"
"DGS2","2020-10-28","0.16"
"DGS2","2020-10-29","0.16"
"DGS2","2020-10-30","0.14"
"DGS2","2020-11-02","0.16"
"DGS2","2020-11-03","0.17"
"DGS2","2020-11-04","0.14"
"DGS2","2020-11-05","0.14"
"DGS2","2020-11-06","0.16"
"DGS2","2020-11-09","0.17"
"DGS2","2020-11-10","0.19"
"DGS2","2020-11-11","."
"DGS2","2020-11-12","0.17"
"DGS2","2020-11-13","0.17"
"DGS2","2020-11-16","0.19"
"DGS2","2020-11-17","0.18"
"DGS2","2020-11-18","0.16"
"DGS2","2020-11-19","0.18"
"DGS2","2020-11-20","0.16"
"DGS2","2020-11-23","0.16"
"DGS2","2020-11-24","0.16"
"DGS2","2020-11-25","0.17"
"DGS2","2020-11-26","."
"DGS2","2020-11-27","0.16"
"DGS2","2020-11-30","0.16"
"DGS2","2020-12-01","0.17"
"DGS2","2020-12-02","0.16"
"DGS2","2020-12-03","0.16"
"DGS2","2020-12-04","0.16"
"DGS2","2020-12-07","0.14"
"DGS2","2020-12-08","0.14"
"DGS2","2020-12-09","0.16"
"DGS2","2020-12-10","0.14"
"DGS2","2020-12-11","0.11"
"DGS2","2020-12-14","0.13"
"DGS2","2020-12-15","0.11"
"DGS2","2020-12-16","0.13"
"DGS2","2020-12-17","0.13"
"DGS2","2020-12-18","0.13"
"DGS2","2020-12-21","0.13"
"DGS2","2020-12-22","0.13"
"DGS2","2020-12-23","0.13"
"DGS2","2020-12-24","0.13"
"DGS2","2020-12-25","."
"DGS2","2020-12-28","0.13"
"DGS2","2020-12-29","0.12"
"DGS2","2020-12-30","0.12"
"DGS2","2020-12-31","0.13"
"DGS2","2021-01-01","."
"DGS2","2021-01-04","0.11"
"DGS2","2021-01-05","0.13"
"DGS2","2021-01-06","0.14"
"DGS2","2021-01-07","0.14"
"DGS2","2021-01-08","0.14"
"DGS2","2021-01-11","0.14"
"DGS2","2021-01-12","0.14"
"DGS2","2021-01-13","0.14"
"DGS2","2021-01-14","0.16"
"DGS2","2021-01-15","0.13"
"DGS2","2021-01-18","."
"DGS2","2021-01-19","0.14"
"DGS2","2021-01-20","0.13"
"DGS2","2021-01-21","0.13"
"DGS2","2021-01-22","0.13"
"DGS2","2021-01-25","0.13"
"DGS2","2021-01-26","0.11"
"DGS2","2021-01-27","0.12"
"DGS2","2021-01-28","0.12"
"DGS2","2021-01-29","0.11"
"DGS2","2021-02-01","0.11"
"DGS2","2021-02-02","0.11"
"DGS2","2021-02-03","0.11"
"DGS2","2021-02-04","0.11"
"DGS2","2021-02-05","0.09"
"DGS2","2021-02-08","0.11"
"DGS2","2021-02-09","0.11"
"DGS2","2021-02-10","0.11"
"DGS2","2021-02-11","0.11"
"DGS2","2021-02-12","0.11"
"DGS2","2021-02-15","."
"DGS2","2021-02-16","0.13"
"DGS2","2021-02-17","0.11"
"DGS2","2021-02-18","0.11"
"DGS2","2021-02-19","0.11"
"DGS2","2021-02-22","0.11"
"DGS2","2021-02-23","0.11"
"DGS2","2021-02-24","0.12"
"DGS2","2021-02-25","0.17"
"DGS2","2021-02-26","0.14"
"DGS2","2021-03-01","0.13"
"DGS2","2021-03-02","0.13"
"DGS2","2021-03-03","0.14"
"DGS2","2021-03-04","0.14"
"DGS2","2021-03-05","0.14"
"DGS2","2021-03-08","0.17"
"DGS2","2021-03-09","0.17"
"DGS2","2021-03-10","0.16"
"DGS2","2021-03-11","0.14"
"DGS2","2021-03-12","0.14"
"DGS2","2021-03-15","0.14"
"DGS2","2021-03-16","0.15"
"DGS2","2021-03-17","0.13"
"DGS2","2021-03-18","0.16"
"DGS2","2021-03-19","0.16"
"DGS2","2021-03-22","0.15"
"DGS2","2021-03-23","0.15"
"DGS2","2021-03-24","0.14"
"DGS2","2021-03-25","0.14"
"DGS2","2021-03-26","0.14"
"DGS2","2021-03-29","0.14"
"DGS2","2021-03-30","0.16"
"DGS2","2021-03-31","0.16"
"DGS2","2021-04-01","0.17"
"DGS2","2021-04-02","0.19"
"DGS2","2021-04-05","0.17"
"DGS2","2021-04-06","0.16"
"DGS2","2021-04-07","0.16"
"DGS2","2021-04-08","0.14"
"DGS2","2021-04-09","0.16"
"DGS2","2021-04-12","0.18"
"DGS2","2021-04-13","0.16"
"DGS2","2021-04-14","0.16"
"DGS2","2021-04-15","0.16"
"DGS2","2021-04-16","0.16"
"DGS2","2021-04-19","0.16"
"DGS2","2021-04-20","0.15"
"DGS2","2021-04-21","0.15"
"DGS2","2021-04-22","0.16"
"DGS2","2021-04-23","0.16"
"DGS2","2021-04-26","0.18"
"DGS2","2021-04-27","0.17"
"DGS2","2021-04-28","0.17"
"DGS2","2021-04-29","0.16"
"DGS2","2021-04-30","0.16"
"DGS2","2021-05-03","0.16"
"DGS2","2021-05-04","0.16"
"DGS2","2021-05-05","0.16"
"DGS2","2021-05-06","0.16"
"DGS2","2021-05-07","0.14"
"DGS2","2021-05-10","0.16"
"DGS2","2021-05-11","0.16"
"DGS2","2021-05-12","0.16"
"DGS2","2021-05-13","0.16"
"DGS2","2021-05-14","0.16"
"DGS2","2021-05-17","0.16"
"DGS2","2021-05-18","0.16"
"DGS2","2021-05-19","0.16"
"DGS2","2021-05-20","0.15"
"DGS2","2021-05-21","0.17"
"DGS2","2021-05-24","0.15"
"DGS2","2021-05-25","0.15"
"DGS2","2021-05-26","0.14"
"DGS2","2021-05-27","0.14"
"DGS2","2021-05-28","0.14"
"DGS2","2021-05-31","."
"DGS2","2021-06-01","0.16"
"DGS2","2021-06-02","0.13"
"DGS2","2021-06-03","0.16"
"DGS2","2021-06-04","0.14"
"DGS2","2021-06-07","0.16"
"DGS2","2021-06-08","0.14"
"DGS2","2021-06-09","0.16"
"DGS2","2021-06-10","0.14"
"DGS2","2021-06-11","0.16"
"DGS2","2021-06-14","0.16"
"DGS2","2021-06-15","0.16"
"DGS2","2021-06-16","0.21"
"DGS2","2021-06-17","0.23"
"DGS2","2021-06-18","0.26"
"DGS2","2021-06-21","0.27"
"DGS2","2021-06-22","0.25"
"DGS2","2021-06-23","0.26"
"DGS2","2021-06-24","0.26"
"DGS2","2021-06-25","0.28"
"DGS2","2021-06-28","0.25"
"DGS2","2021-06-29","0.27"
"DGS2","2021-06-30","0.25"
"DGS2","2021-07-01","0.25"
"DGS2","2021-07-02","0.24"
"DGS2","2021-07-05","."
"DGS2","2021-07-06","0.22"
"DGS2","2021-07-07","0.22"
"DGS2","2021-07-08","0.19"
"DGS2","2021-07-09","0.23"
"DGS2","2021-07-12","0.23"
"DGS2","2021-07-13","0.26"
"DGS2","2021-07-14","0.23"
"DGS2","2021-07-15","0.23"
"DGS2","2021-07-16","0.25"
"DGS2","2021-07-19","0.21"
"DGS2","2021-07-20","0.20"
"DGS2","2021-07-21","0.22"
"DGS2","2021-07-22","0.20"
"DGS2","2021-07-23","0.22"
"DGS2","2021-07-26","0.22"
"DGS2","2021-07-27","0.20"
"DGS2","2021-07-28","0.20"
"DGS2","2021-07-29","0.20"
"DGS2","2021-07-30","0.19"
"DGS2","2021-08-02","0.17"
"DGS2","2021-08-03","0.17"
"DGS2","2021-08-04","0.17"
"DGS2","2021-08-05","0.21"
"DGS2","2021-08-06","0.21"
"DGS2","2021-08-09","0.23"
"DGS2","2021-08-10","0.24"
"DGS2","2021-08-11","0.23"
"DGS2","2021-08-12","0.23"
"DGS2","2021-08-13","0.23"
"DGS2","2021-08-16","0.21"
"DGS2","2021-08-17","0.23"
"DGS2","2021-08-18","0.23"
"DGS2","2021-08-19","0.22"
"DGS2","2021-08-20","0.23"
"DGS2","2021-08-23","0.23"
"DGS2","2021-08-24","0.24"
"DGS2","2021-08-25","0.23"
"DGS2","2021-08-26","0.25"
"DGS2","2021-08-27","0.22"
"DGS2","2021-08-30","0.20"
"DGS2","2021-08-31","0.20"
"DGS2","2021-09-01","0.20"
"DGS2","2021-09-02","0.20"
"DGS2","2021-09-03","0.21"
"DGS2","2021-09-06","."
"DGS2","2021-09-07","0.22"
"DGS2","2021-09-08","0.22"
"DGS2","2021-09-09","0.23"
"DGS2","2021-09-10","0.23"
"DGS2","2021-09-13","0.21"
"DGS2","2021-09-14","0.21"
"DGS2","2021-09-15","0.21"
"DGS2","2021-09-16","0.23"
"DGS2","2021-09-17","0.23"
"DGS2","2021-09-20","0.23"
"DGS2","2021-09-21","0.22"
"DGS2","2021-09-22","0.25"
"DGS2","2021-09-23","0.27"
"DGS2","2021-09-24","0.29"
"DGS2","2021-09-27","0.31"
"DGS2","2021-09-28","0.31"
"DGS2","2021-09-29","0.30"
"DGS2","2021-09-30","0.28"
"DGS2","2021-10-01","0.27"
"DGS2","2021-10-04","0.27"
"DGS2","2021-10-05","0.28"
"DGS2","2021-10-06","0.30"
"DGS2","2021-10-07","0.32"
"DGS2","2021-10-08","0.32"
"DGS2","2021-10-11","."
"DGS2","2021-10-12","0.35"
"DGS2","2021-10-13","0.37"
"DGS2","2021-10-14","0.36"
"DGS2","2021-10-15","0.41"
"DGS2","2021-10-18","0.44"
"DGS2","2021-10-19","0.41"
"DGS2","2021-10-20","0.40"
"DGS2","2021-10-21","0.45"
"DGS2","2021-10-22","0.48"
"DGS2","2021-10-25","0.47"
"DGS2","2021-10-26","0.47"
"DGS2","2021-10-27","0.50"
"DGS2","2021-10-28","0.50"
"DGS2","2021-10-29","0.48"
"DGS2","2021-11-01","0.50"
"DGS2","2021-11-02","0.46"
"DGS2","2021-11-03","0.47"
"DGS2","2021-11-04","0.41"
"DGS2","2021-11-05","0.39"
"DGS2","2021-11-08","0.45"
"DGS2","2021-11-09","0.41"
"DGS2","2021-11-10","0.51"
"DGS2","2021-11-11","."
"DGS2","2021-11-12","0.53"
"DGS2","2021-11-15","0.53"
"DGS2","2021-11-16","0.54"
"DGS2","2021-11-17","0.52"
"DGS2","2021-11-18","0.52"
"DGS2","2021-11-19","0.52"
"DGS2","2021-11-22","0.63"
"DGS2","2021-11-23","0.60"
"DGS2","2021-11-24","0.64"
"DGS2","2021-11-25","."
"DGS2","2021-11-26","0.50"
"DGS2","2021-11-29","0.51"
"DGS2","2021-11-30","0.52"
"DGS2","2021-12-01","0.56"
"DGS2","2021-12-02","0.63"
"DGS2","2021-12-03","0.60"
"DGS2","2021-12-06","0.65"
"DGS2","2021-12-07","0.70"
"DGS2","2021-12-08","0.68"
"DGS2","2021-12-09","0.70"
"DGS2","2021-12-10","0.67"
"DGS2","2021-12-13","0.66"
"DGS2","2021-12-14","0.67"
"DGS2","2021-12-15","0.69"
"DGS2","2021-12-16","0.64"
"DGS2","2021-12-17","0.66"
"DGS2","2021-12-20","0.65"
"DGS2","2021-12-21","0.70"
"DGS2","2021-12-22","0.68"
"DGS2","2021-12-23","0.71"
"DGS2","2021-12-24","."
"DGS2","2021-12-27","0.76"
"DGS2","2021-12-28","0.74"
"DGS2","2021-12-29","0.75"
"DGS2","2021-12-30","0.73"
"DGS2","2021-12-31","0.73"
"DGS2","2022-01-03","0.78"
"DGS2","2022-01-04","0.77"
"DGS2","2022-01-05","0.83"
"DGS2","2022-01-06","0.88"
"DGS2","2022-01-07","0.87"
"DGS2","2022-01-10","0.92"
"DGS2","2022-01-11","0.90"
"DGS2","2022-01-12","0.92"
"DGS2","2022-01-13","0.91"
"DGS2","2022-01-14","0.99"
"DGS2","2022-01-17","."
"DGS2","2022-01-18","1.06"
"DGS2","2022-01-19","1.04"
"DGS2","2022-01-20","1.08"
"DGS2","2022-01-21","1.01"
"DGS2","2022-01-24","0.99"
"DGS2","2022-01-25","1.02"
"DGS2","2022-01-26","1.13"
"DGS2","2022-01-27","1.18"
"DGS2","2022-01-28","1.15"
"DGS2","2022-01-31","1.18"
"DGS2","2022-02-01","1.18"
"DGS2","2022-02-02","1.16"
"DGS2","2022-02-03","1.19"
"DGS2","2022-02-04","1.31"
"DGS2","2022-02-07","1.30"
"DGS2","2022-02-08","1.35"
"DGS2","2022-02-09","1.36"
"DGS2","2022-02-10","1.61"
"DGS2","2022-02-11","1.50"
"DGS2","2022-02-14","1.58"
"DGS2","2022-02-15","1.58"
"DGS2","2022-02-16","1.52"
"DGS2","2022-02-17","1.49"
"DGS2","2022-02-18","1.47"
"DGS2","2022-02-21","."
"DGS2","2022-02-22","1.56"
"DGS2","2022-02-23","1.58"
"DGS2","2022-02-24","1.54"
"DGS2","2022-02-25","1.55"
"DGS2","2022-02-28","1.44"
"DGS2","2022-03-01","1.31"
"DGS2","2022-03-02","1.50"
"DGS2","2022-03-03","1.53"
"DGS2","2022-03-04","1.50"
"DGS2","2022-03-07","1.55"
"DGS2","2022-03-08","1.63"
"DGS2","2022-03-09","1.68"
"DGS2","2022-03-10","1.72"
"DGS2","2022-03-11","1.75"
"DGS2","2022-03-14","1.87"
"DGS2","2022-03-15","1.85"
"DGS2","2022-03-16","1.95"
"DGS2","2022-03-17","1.94"
"DGS2","2022-03-18","1.97"
"DGS2","2022-03-21","2.14"
"DGS2","2022-03-22","2.18"
"DGS2","2022-03-23","2.13"
"DGS2","2022-03-24","2.13"
"DGS2","2022-03-25","2.30"
"DGS2","2022-03-28","2.35"
"DGS2","2022-03-29","2.35"
"DGS2","2022-03-30","2.31"
"DGS2","2022-03-31","2.28"
"DGS2","2022-04-01","2.44"
"DGS2","2022-04-04","2.43"
"DGS2","2022-04-05","2.51"
"DGS2","2022-04-06","2.50"
"DGS2","2022-04-07","2.47"
"DGS2","2022-04-08","2.53"
"DGS2","2022-04-11","2.50"
"DGS2","2022-04-12","2.39"
"DGS2","2022-04-13","2.37"
"DGS2","2022-04-14","2.47"
"DGS2","2022-04-15","."
"DGS2","2022-04-18","2.46"
"DGS2","2022-04-19","2.61"
"DGS2","2022-04-20","2.60"
"DGS2","2022-04-21","2.68"
"DGS2","2022-04-22","2.72"
"DGS2","2022-04-25","2.63"
"DGS2","2022-04-26","2.54"
"DGS2","2022-04-27","2.58"
"DGS2","2022-04-28","2.63"
"DGS2","2022-04-29","2.70"
"DGS2","2022-05-02","2.73"
"DGS2","2022-05-03","2.78"
"DGS2","2022-05-04","2.66"
"DGS2","2022-05-05","2.71"
"DGS2","2022-05-06","2.72"
"DGS2","2022-05-09","2.61"
"DGS2","2022-05-10","2.62"
"DGS2","2022-05-11","2.66"
"DGS2","2022-05-12","2.56"
"DGS2","2022-05-13","2.61"
"DGS2","2022-05-16","2.58"
"DGS2","2022-05-17","2.71"
"DGS2","2022-05-18","2.68"
"DGS2","2022-05-19","2.63"
"DGS2","2022-05-20","2.60"
"DGS2","2022-05-23","2.65"
"DGS2","2022-05-24","2.50"
"DGS2","2022-05-25","2.48"
"DGS2","2022-05-26","2.46"
"DGS2","2022-05-27","2.47"
"DGS2","2022-05-30","."
"DGS2","2022-05-31","2.53"
"DGS2","2022-06-01","2.66"
"DGS2","2022-06-02","2.65"
"DGS2","2022-06-03","2.66"
"DGS2","2022-06-06","2.73"
"DGS2","2022-06-07","2.75"
"DGS2","2022-06-08","2.78"
"DGS2","2022-06-09","2.83"
"DGS2","2022-06-10","3.06"
"DGS2","2022-06-13","3.40"
"DGS2","2022-06-14","3.45"
"DGS2","2022-06-15","3.20"
"DGS2","2022-06-16","3.14"
"DGS2","2022-06-17","3.17"
"DGS2","2022-06-20","."
"DGS2","2022-06-21","3.21"
"DGS2","2022-06-22","3.06"
"DGS2","2022-06-23","3.01"
"DGS2","2022-06-24","3.04"
"DGS2","2022-06-27","3.08"
"DGS2","2022-06-28","3.10"
"DGS2","2022-06-29","3.06"
"DGS2","2022-06-30","2.92"
"DGS2","2022-07-01","2.84"
"DGS2","2022-07-04","."
"DGS2","2022-07-05","2.82"
"DGS2","2022-07-06","2.97"
"DGS2","2022-07-07","3.03"
"DGS2","2022-07-08","3.12"
"DGS2","2022-07-11","3.07"
"DGS2","2022-07-12","3.03"
"DGS2","2022-07-13","3.13"
"DGS2","2022-07-14","3.15"
"DGS2","2022-07-15","3.13"
"DGS2","2022-07-18","3.15"
"DGS2","2022-07-19","3.23"
"DGS2","2022-07-20","3.25"
"DGS2","2022-07-21","3.10"
"DGS2","2022-07-22","2.98"
"DGS2","2022-07-25","3.00"
"DGS2","2022-07-26","3.02"
"DGS2","2022-07-27","2.96"
"DGS2","2022-07-28","2.85"
"DGS2","2022-07-29","2.89"
"DGS2","2022-08-01","2.90"
"DGS2","2022-08-02","3.06"
"DGS2","2022-08-03","3.10"
"DGS2","2022-08-04","3.03"
"DGS2","2022-08-05","3.24"
"DGS2","2022-08-08","3.21"
"DGS2","2022-08-09","3.28"
"DGS2","2022-08-10","3.23"
"DGS2","2022-08-11","3.23"
"DGS2","2022-08-12","3.25"
"DGS2","2022-08-15","3.20"
"DGS2","2022-08-16","3.25"
"DGS2","2022-08-17","3.28"
"DGS2","2022-08-18","3.22"
"DGS2","2022-08-19","3.25"
"DGS2","2022-08-22","3.32"
"DGS2","2022-08-23","3.29"
"DGS2","2022-08-24","3.36"
"DGS2","2022-08-25","3.35"
"DGS2","2022-08-26","3.37"
"DGS2","2022-08-29","3.42"
"DGS2","2022-08-30","3.46"
"DGS2","2022-08-31","3.45"
"DGS2","2022-09-01","3.51"
"DGS2","2022-09-02","3.40"
"DGS2","2022-09-05","."
"DGS2","2022-09-06","3.50"
"DGS2","2022-09-07","3.45"
"DGS2","2022-09-08","3.48"
"DGS2","2022-09-09","3.56"
"DGS2","2022-09-12","3.58"
"DGS2","2022-09-13","3.75"
"DGS2","2022-09-14","3.78"
"DGS2","2022-09-15","3.87"
"DGS2","2022-09-16","3.85"
"DGS2","2022-09-19","3.95"
"DGS2","2022-09-20","3.96"
"DGS2","2022-09-21","4.02"
"DGS2","2022-09-22","4.11"
"DGS2","2022-09-23","4.20"
"DGS2","2022-09-26","4.27"
"DGS2","2022-09-27","4.30"
"DGS2","2022-09-28","4.07"
"DGS2","2022-09-29","4.16"
"DGS2","2022-09-30","4.22"
"DGS2","2022-10-03","4.12"
"DGS2","2022-10-04","4.10"
"DGS2","2022-10-05","4.15"
"DGS2","2022-10-06","4.23"
"DGS2","2022-10-07","4.30"
"DGS2","2022-10-10","."
"DGS2","2022-10-11","4.30"
"DGS2","2022-10-12","4.28"
"DGS2","2022-10-13","4.47"
"DGS2","2022-10-14","4.48"
"DGS2","2022-10-17","4.45"
"DGS2","2022-10-18","4.43"
"DGS2","2022-10-19","4.55"
"DGS2","2022-10-20","4.62"
"DGS2","2022-10-21","4.49"
"DGS2","2022-10-24","4.50"
"DGS2","2022-10-25","4.42"
"DGS2","2022-10-26","4.39"
"DGS2","2022-10-27","4.30"
"DGS2","2022-10-28","4.41"
"DGS2","2022-10-31","4.51"
"DGS2","2022-11-01","4.54"
"DGS2","2022-11-02","4.61"
"DGS2","2022-11-03","4.71"
"DGS2","2022-11-04","4.66"
"DGS2","2022-11-07","4.72"
"DGS2","2022-11-08","4.67"
"DGS2","2022-11-09","4.61"
"DGS2","2022-11-10","4.34"
"DGS2","2022-11-11","."
"DGS2","2022-11-14","4.40"
"DGS2","2022-11-15","4.37"
"DGS2","2022-11-16","4.35"
"DGS2","2022-11-17","4.43"
"DGS2","2022-11-18","4.51"
"DGS2","2022-11-21","4.48"
"DGS2","2022-11-22","4.47"
"DGS2","2022-11-23","4.46"
"DGS2","2022-11-24","."
"DGS2","2022-11-25","4.42"
"DGS2","2022-11-28","4.46"
"DGS2","2022-11-29","4.48"
"DGS2","2022-11-30","4.38"
"DGS2","2022-12-01","4.25"
"DGS2","2022-12-02","4.28"
"DGS2","2022-12-05","4.41"
"DGS2","2022-12-06","4.34"
"DGS2","2022-12-07","4.26"
"DGS2","2022-12-08","4.31"
"DGS2","2022-12-09","4.33"
"DGS2","2022-12-12","4.39"
"DGS2","2022-12-13","4.22"
"DGS2","2022-12-14","4.23"
"DGS2","2022-12-15","4.23"
"DGS2","2022-12-16","4.17"
"DGS2","2022-12-19","4.25"
"DGS2","2022-12-20","4.25"
"DGS2","2022-12-21","4.21"
"DGS2","2022-12-22","4.24"
"DGS2","2022-12-23","4.31"
"DGS2","2022-12-26","."
"DGS2","2022-12-27","4.32"
"DGS2","2022-12-28","4.31"
"DGS2","2022-12-29","4.34"
"DGS2","2022-12-30","4.41"
"DGS2","2023-01-02","."
"DGS2","2023-01-03","4.40"
"DGS2","2023-01-04","4.36"
"DGS2","2023-01-05","4.45"
"DGS2","2023-01-06","4.24"
"DGS2","2023-01-09","4.19"
"DGS2","2023-01-10","4.24"
"DGS2","2023-01-11","4.20"
"DGS2","2023-01-12","4.12"
"DGS2","2023-01-13","4.22"
"DGS2","2023-01-16","."
"DGS2","2023-01-17","4.18"
"DGS2","2023-01-18","4.06"
"DGS2","2023-01-19","4.09"
"DGS2","2023-01-20","4.14"
"DGS2","2023-01-23","4.21"
"DGS2","2023-01-24","4.12"
"DGS2","2023-01-25","4.11"
"DGS2","2023-01-26","4.17"
"DGS2","2023-01-27","4.19"
"DGS2","2023-01-30","4.25"
"DGS2","2023-01-31","4.21"
"DGS2","2023-02-01","4.09"
"DGS2","2023-02-02","4.09"
"DGS2","2023-02-03","4.30"
"DGS2","2023-02-06","4.44"
"DGS2","2023-02-07","4.47"
"DGS2","2023-02-08","4.45"
"DGS2","2023-02-09","4.48"
"DGS2","2023-02-10","4.50"
"DGS2","2023-02-13","4.52"
"DGS2","2023-02-14","4.60"
"DGS2","2023-02-15","4.62"
"DGS2","2023-02-16","4.62"
"DGS2","2023-02-17","4.60"
"DGS2","2023-02-20","."
"DGS2","2023-02-21","4.67"
"DGS2","2023-02-22","4.66"
"DGS2","2023-02-23","4.66"
"DGS2","2023-02-24","4.78"
"DGS2","2023-02-27","4.78"
"DGS2","2023-02-28","4.81"
"DGS2","2023-03-01","4.89"
"DGS2","2023-03-02","4.89"
"DGS2","2023-03-03","4.86"
"DGS2","2023-03-06","4.89"
"DGS2","2023-03-07","5.00"
"DGS2","2023-03-08","5.05"
"DGS2","2023-03-09","4.90"
"DGS2","2023-03-10","4.60"
"DGS2","2023-03-13","4.03"
"DGS2","2023-03-14","4.20"
"DGS2","2023-03-15","3.93"
"DGS2","2023-03-16","4.14"
"DGS2","2023-03-17","3.81"
"DGS2","2023-03-20","3.92"
"DGS2","2023-03-21","4.17"
"DGS2","2023-03-22","3.96"
"DGS2","2023-03-23","3.76"
"DGS2","2023-03-24","3.76"
"DGS2","2023-03-27","3.94"
"DGS2","2023-03-28","4.02"
"DGS2","2023-03-29","4.08"
"DGS2","2023-03-30","4.10"
"DGS2","2023-03-31","4.06"
"DGS2","2023-04-03","3.97"
"DGS2","2023-04-04","3.84"
"DGS2","2023-04-05","3.79"
"DGS2","2023-04-06","3.82"
"DGS2","2023-04-07","3.97"
"DGS2","2023-04-10","4.00"
"DGS2","2023-04-11","4.03"
"DGS2","2023-04-12","3.95"
"DGS2","2023-04-13","3.96"
"DGS2","2023-04-14","4.08"
"DGS2","2023-04-17","4.18"
"DGS2","2023-04-18","4.19"
"DGS2","2023-04-19","4.24"
"DGS2","2023-04-20","4.14"
"DGS2","2023-04-21","4.17"
"DGS2","2023-04-24","4.12"
"DGS2","2023-04-25","3.86"
"DGS2","2023-04-26","3.90"
"DGS2","2023-04-27","4.07"
"DGS2","2023-04-28","4.04"
"DGS2","2023-05-01","4.14"
"DGS2","2023-05-02","3.97"
"DGS2","2023-05-03","3.89"
"DGS2","2023-05-04","3.75"
"DGS2","2023-05-05","3.92"
"DGS2","2023-05-08","4.00"
"DGS2","2023-05-09","4.01"
"DGS2","2023-05-10","3.90"
"DGS2","2023-05-11","3.89"
"DGS2","2023-05-12","3.98"
"DGS2","2023-05-15","3.99"
"DGS2","2023-05-16","4.06"
"DGS2","2023-05-17","4.12"
"DGS2","2023-05-18","4.24"
"DGS2","2023-05-19","4.28"
"DGS2","2023-05-22","4.29"
"DGS2","2023-05-23","4.26"
"DGS2","2023-05-24","4.31"
"DGS2","2023-05-25","4.50"
"DGS2","2023-05-26","4.54"
"DGS2","2023-05-29","."
"DGS2","2023-05-30","4.46"
"DGS2","2023-05-31","4.40"
"DGS2","2023-06-01","4.33"
"DGS2","2023-06-02","4.50"
"DGS2","2023-06-05","4.46"
"DGS2","2023-06-06","4.51"
"DGS2","2023-06-07","4.56"
"DGS2","2023-06-08","4.52"
"DGS2","2023-06-09","4.59"
"DGS2","2023-06-12","4.55"
"DGS2","2023-06-13","4.67"
"DGS2","2023-06-14","4.74"
"DGS2","2023-06-15","4.62"
"DGS2","2023-06-16","4.70"
"DGS2","2023-06-19","."
"DGS2","2023-06-20","4.68"
"DGS2","2023-06-21","4.68"
"DGS2","2023-06-22","4.77"
"DGS2","2023-06-23","4.71"
"DGS2","2023-06-26","4.65"
"DGS2","2023-06-27","4.74"
"DGS2","2023-06-28","4.71"
"DGS2","2023-06-29","4.87"
"DGS2","2023-06-30","4.87"
"DGS2","2023-07-03","4.94"
"DGS2","2023-07-04","."
"DGS2","2023-07-05","4.94"
"DGS2","2023-07-06","4.99"
"DGS2","2023-07-07","4.94"
"DGS2","2023-07-10","4.85"
"DGS2","2023-07-11","4.88"
"DGS2","2023-07-12","4.72"
"DGS2","2023-07-13","4.59"
"DGS2","2023-07-14","4.74"
"DGS2","2023-07-17","4.74"
"DGS2","2023-07-18","4.74"
"DGS2","2023-07-19","4.74"
"DGS2","2023-07-20","4.80"
"DGS2","2023-07-21","4.82"
"DGS2","2023-07-24","4.81"
"DGS2","2023-07-25","4.85"
"DGS2","2023-07-26","4.82"
"DGS2","2023-07-27","4.91"
"DGS2","2023-07-28","4.87"
"DGS2","2023-07-31","4.88"
"DGS2","2023-08-01","4.92"
"DGS2","2023-08-02","4.88"
"DGS2","2023-08-03","4.90"
"DGS2","2023-08-04","4.78"
"DGS2","2023-08-07","4.76"
"DGS2","2023-08-08","4.74"
"DGS2","2023-08-09","4.79"
"DGS2","2023-08-10","4.82"
"DGS2","2023-08-11","4.89"
"DGS2","2023-08-14","4.96"
"DGS2","2023-08-15","4.92"
"DGS2","2023-08-16","4.97"
"DGS2","2023-08-17","4.94"
"DGS2","2023-08-18","4.92"
"DGS2","2023-08-21","4.97"
"DGS2","2023-08-22","5.02"
"DGS2","2023-08-23","4.95"
"DGS2","2023-08-24","4.98"
"DGS2","2023-08-25","5.03"
"DGS2","2023-08-28","4.98"
"DGS2","2023-08-29","4.87"
"DGS2","2023-08-30","4.90"
"DGS2","2023-08-31","4.85"
"DGS2","2023-09-01","4.87"
"DGS2","2023-09-04","."
"DGS2","2023-09-05","4.94"
"DGS2","2023-09-06","5.01"
"DGS2","2023-09-07","4.94"
"DGS2","2023-09-08","4.98"
"DGS2","2023-09-11","4.97"
"DGS2","2023-09-12","4.98"
"DGS2","2023-09-13","4.96"
"DGS2","2023-09-14","5.00"
"DGS2","2023-09-15","5.02"
"DGS2","2023-09-18","5.05"
"DGS2","2023-09-19","5.08"
"DGS2","2023-09-20","5.12"
"DGS2","2023-09-21","5.12"
"DGS2","2023-09-22","5.10"
"DGS2","2023-09-25","5.09"
"DGS2","2023-09-26","5.04"
"DGS2","2023-09-27","5.10"
"DGS2","2023-09-28","5.04"
"DGS2","2023-09-29","5.03"
"DGS2","2023-10-02","5.12"
"DGS2","2023-10-03","5.15"
"DGS2","2023-10-04","5.05"
"DGS2","2023-10-05","5.03"
"DGS2","2023-10-06","5.08"
"DGS2","2023-10-09","."
"DGS2","2023-10-10","4.96"
"DGS2","2023-10-11","4.99"
"DGS2","2023-10-12","5.06"
"DGS2","2023-10-13","5.04"
"DGS2","2023-10-16","5.09"
"DGS2","2023-10-17","5.19"
"DGS2","2023-10-18","5.19"
"DGS2","2023-10-19","5.14"
"DGS2","2023-10-20","5.07"
"DGS2","2023-10-23","5.05"
"DGS2","2023-10-24","5.02"
"DGS2","2023-10-25","5.08"
"DGS2","2023-10-26","5.02"
"DGS2","2023-10-27","4.99"
"DGS2","2023-10-30","5.03"
"DGS2","2023-10-31","5.07"
"DGS2","2023-11-01","4.95"
"DGS2","2023-11-02","4.98"
"DGS2","2023-11-03","4.83"
"DGS2","2023-11-06","4.93"
"DGS2","2023-11-07","4.91"
"DGS2","2023-11-08","4.93"
"DGS2","2023-11-09","5.03"
"DGS2","2023-11-10","5.04"
"DGS2","2023-11-13","5.02"
"DGS2","2023-11-14","4.80"
"DGS2","2023-11-15","4.90"
"DGS2","2023-11-16","4.83"
"DGS2","2023-11-17","4.88"
"DGS2","2023-11-20","4.89"
"DGS2","2023-11-21","4.86"
"DGS2","2023-11-22","4.89"
"DGS2","2023-11-23","."
"DGS2","2023-11-24","4.92"
"DGS2","2023-11-27","4.84"
"DGS2","2023-11-28","4.73"
"DGS2","2023-11-29","4.64"
"DGS2","2023-11-30","4.73"
"DGS2","2023-12-01","4.56"
"DGS2","2023-12-04","4.64"
"DGS2","2023-12-05","4.57"
"DGS2","2023-12-06","4.60"
"DGS2","2023-12-07","4.58"
"DGS2","2023-12-08","4.71"
"DGS2","2023-12-11","4.71"
"DGS2","2023-12-12","4.73"
"DGS2","2023-12-13","4.46"
"DGS2","2023-12-14","4.37"
"DGS2","2023-12-15","4.44"
"DGS2","2023-12-18","4.43"
"DGS2","2023-12-19","4.41"
"DGS2","2023-12-20","4.34"
"DGS2","2023-12-21","4.33"
"DGS2","2023-12-22","4.31"
"DGS2","2023-12-25","."
"DGS2","2023-12-26","4.26"
"DGS2","2023-12-27","4.20"
"DGS2","2023-12-28","4.26"
"DGS2","2023-12-29","4.23"
"DGS2","2024-01-01","."
"DGS2","2024-01-02","4.33"
"DGS2","2024-01-03","4.33"
"DGS2","2024-01-04","4.38"
"DGS2","2024-01-05","4.40"
"DGS2","2024-01-08","4.36"
"DGS2","2024-01-09","4.36"
"DGS2","2024-01-10","4.37"
"DGS2","2024-01-11","4.26"
"DGS2","2024-01-12","4.14"
"DGS2","2024-01-15","."
"DGS2","2024-01-16","4.22"
"DGS2","2024-01-17","4.34"
"DGS2","2024-01-18","4.34"
"DGS2","2024-01-19","4.39"
"DGS2","2024-01-22","4.37"
"DGS2","2024-01-23","4.31"
"DGS2","2024-01-24","4.34"
"DGS2","2024-01-25","4.28"
"DGS2","2024-01-26","4.34"
"DGS2","2024-01-29","4.29"
"DGS2","2024-01-30","4.36"
"DGS2","2024-01-31","4.27"
"DGS2","2024-02-01","4.20"
"DGS2","2024-02-02","4.36"
"DGS2","2024-02-05","4.46"
"DGS2","2024-02-06","4.39"
"DGS2","2024-02-07","4.41"
"DGS2","2024-02-08","4.46"
"DGS2","2024-02-09","4.48"
"DGS2","2024-02-12","4.46"
"DGS2","2024-02-13","4.64"
"DGS2","2024-02-14","4.56"
"DGS2","2024-02-15","4.56"
"DGS2","2024-02-16","4.64"
"DGS2","2024-02-19","."
"DGS2","2024-02-20","4.59"
"DGS2","2024-02-21","4.64"
"DGS2","2024-02-22","4.69"
"DGS2","2024-02-23","4.67"
"DGS2","2024-02-26","4.69"
"DGS2","2024-02-27","4.7"
"DGS2","2024-02-28","4.64"
"DGS2","2024-02-29","4.64"
"DGS2","2024-03-01","4.54"
"DGS2","2024-03-04","4.61"
"DGS2","2024-03-05","4.54"
"DGS2","2024-03-06","4.55"
"DGS2","2024-03-07","4.5"
"DGS2","2024-03-08","4.48"
"DGS2","2024-03-11","4.51"
"DGS2","2024-03-12","4.58"
"DGS2","2024-03-13","4.61"
"DGS2","2024-03-14","4.68"
"DGS2","2024-03-15","4.72"
"DGS2","2024-03-18","4.73"
"DGS2","2024-03-19","4.68"
"DGS2","2024-03-20","4.59"
"DGS2","2024-03-21","4.62"
"DGS2","2024-03-22","4.59"
"DGS2","2024-03-25","4.54"
"DGS2","2024-03-26","4.56"
"DGS2","2024-03-27","4.54"
"DGS2","2024-03-28","4.59"
"DGS2","2024-03-29","."
"DGS2","2024-04-01","4.72"
"DGS2","2024-04-02","4.7"
"DGS2","2024-04-03","4.68"
"DGS2","2024-04-04","4.65"
"DGS2","2024-04-05","4.73"
"DGS2","2024-04-08","4.78"
"DGS2","2024-04-09","4.74"
"DGS2","2024-04-10","4.97"
"DGS2","2024-04-11","4.93"
"DGS2","2024-04-12","4.88"
"DGS2","2024-04-15","4.93"
"DGS2","2024-04-16","4.97"
"DGS2","2024-04-17","4.93"
"DGS2","2024-04-18","4.98"
"DGS2","2024-04-19","4.97"
"DGS2","2024-04-22","4.97"
"DGS2","2024-04-23","4.86"
"DGS2","2024-04-24","4.89"
"DGS2","2024-04-25","4.96"
"DGS2","2024-04-26","4.96"
"DGS2","2024-04-29","4.97"
"DGS2","2024-04-30","5.04"
"DGS2","2024-05-01","4.96"
"DGS2","2024-05-02","4.87"
"DGS2","2024-05-03","4.81"
"DGS2","2024-05-06","4.82"
"DGS2","2024-05-07","4.82"
"DGS2","2024-05-08","4.84"
"DGS2","2024-05-09","4.8"
"DGS2","2024-05-10","4.87"
"DGS2","2024-05-13","4.85"
"DGS2","2024-05-14","4.81"
"DGS2","2024-05-15","4.73"
"DGS2","2024-05-16","4.78"
"DGS2","2024-05-17","4.83"
"DGS2","2024-05-20","4.82"
"DGS2","2024-05-21","4.82"
"DGS2","2024-05-22","4.86"
"DGS2","2024-05-23","4.91"
"DGS2","2024-05-24","4.93"
"DGS2","2024-05-27","."
"DGS2","2024-05-28","4.94"
"DGS2","2024-05-29","4.96"
"DGS2","2024-05-30","4.92"
"DGS2","2024-05-31","4.89"
"DGS2","2024-06-03","4.82"
"DGS2","2024-06-04","4.77"
"DGS2","2024-06-05","4.72"
"DGS2","2024-06-06","4.72"
"DGS2","2024-06-07","4.87"
"DGS2","2024-06-10","4.87"
"DGS2","2024-06-11","4.81"
"DGS2","2024-06-12","4.75"
"DGS2","2024-06-13","4.68"
"DGS2","2024-06-14","4.67"
"DGS2","2024-06-17","4.75"
"DGS2","2024-06-18","4.69"
"DGS2","2024-06-19","."
"DGS2","2024-06-20","4.7"
"DGS2","2024-06-21","4.7"
"DGS2","2024-06-24","4.71"
"DGS2","2024-06-25","4.65"
"DGS2","2024-06-26","4.71"
"DGS2","2024-06-27","4.7"
"DGS2","2024-06-28","4.71"
"DGS2","2024-07-01","4.77"
"DGS2","2024-07-02","4.74"
"DGS2","2024-07-03","4.71"
"DGS2","2024-07-04","."
"DGS2","2024-07-05","4.6"
"DGS2","2024-07-08","4.62"
"DGS2","2024-07-09","4.62"
"DGS2","2024-07-10","4.62"
"DGS2","2024-07-11","4.5"
"DGS2","2024-07-12","4.45"
"DGS2","2024-07-15","4.44"
"DGS2","2024-07-16","4.43"
"DGS2","2024-07-17","4.42"
"DGS2","2024-07-18","4.46"
"DGS2","2024-07-19","4.49"
"DGS2","2024-07-22","4.5"
"DGS2","2024-07-23","4.4"
"DGS2","2024-07-24","4.37"
"DGS2","2024-07-25","4.41"
"DGS2","2024-07-26","4.36"
"DGS2","2024-07-29","4.36"
"DGS2","2024-07-30","4.35"
"DGS2","2024-07-31","4.29"
"DGS2","2024-08-01","4.16"
"DGS2","2024-08-02","3.88"
"DGS2","2024-08-05","3.89"
"DGS2","2024-08-06","3.99"
"DGS2","2024-08-07","4.0"
"DGS2","2024-08-08","4.04"
"DGS2","2024-08-09","4.05"
"DGS2","2024-08-12","4.01"
"DGS2","2024-08-13","3.93"
"DGS2","2024-08-14","3.94"
"DGS2","2024-08-15","4.08"
"DGS2","2024-08-16","4.06"
"DGS2","2024-08-19","4.06"
"DGS2","2024-08-20","3.99"
"DGS2","2024-08-21","3.92"
"DGS2","2024-08-22","3.99"
"DGS2","2024-08-23","3.9"
"DGS2","2024-08-26","3.91"
"DGS2","2024-08-27","3.83"
"DGS2","2024-08-28","3.83"
"DGS2","2024-08-29","3.87"
"DGS2","2024-08-30","3.91"
"DGS2","2024-09-02","."
"DGS2","2024-09-03","3.88"
"DGS2","2024-09-04","3.76"
"DGS2","2024-09-05","3.75"
"DGS2","2024-09-06","3.66"
"DGS2","2024-09-09","3.68"
"DGS2","2024-09-10","3.59"
"DGS2","2024-09-11","3.62"
"DGS2","2024-09-12","3.64"
"DGS2","2024-09-13","3.57"
"DGS2","2024-09-16","3.56"
"DGS2","2024-09-17","3.59"
"DGS2","2024-09-18","3.61"
"DGS2","2024-09-19","3.59"
"DGS2","2024-09-20","3.55"
"DGS2","2024-09-23","3.57"
"DGS2","2024-09-24","3.49"
"DGS2","2024-09-25","3.53"
"DGS2","2024-09-26","3.6"
"DGS2","2024-09-27","3.55"
"DGS2","2024-09-30","3.66"
"DGS2","2024-10-01","3.61"
"DGS2","2024-10-02","3.63"
"DGS2","2024-10-03","3.7"
"DGS2","2024-10-04","3.93"
"DGS2","2024-10-07","3.99"
"DGS2","2024-10-08","3.98"
"DGS2","2024-10-09","3.99"
"DGS2","2024-10-10","3.98"
"DGS2","2024-10-11","3.95"
"DGS2","2024-10-14","."
"DGS2","2024-10-15","3.95"
"DGS2","2024-10-16","3.93"
"DGS2","2024-10-17","3.96"
"DGS2","2024-10-18","3.95"
"DGS2","2024-10-21","4.02"
"DGS2","2024-10-22","4.03"
"DGS2","2024-10-23","4.07"
"DGS2","2024-10-24","4.07"
"DGS2","2024-10-25","4.11"
"DGS2","2024-10-28","4.12"
"DGS2","2024-10-29","4.11"
"DGS2","2024-10-30","4.15"
"DGS2","2024-10-31","4.16"
"DGS2","2024-11-01","4.21"
"DGS2","2024-11-04","4.17"
"DGS2","2024-11-05","4.19"
"DGS2","2024-11-06","4.27"
"DGS2","2024-11-07","4.21"
"DGS2","2024-11-08","4.26"
"DGS2","2024-11-11","."
"DGS2","2024-11-12","4.34"
"DGS2","2024-11-13","4.27"
"DGS2","2024-11-14","4.34"
"DGS2","2024-11-15","4.31"
"DGS2","2024-11-18","4.29"
"DGS2","2024-11-19","4.27"
"DGS2","2024-11-20","4.31"
"DGS2","2024-11-21","4.34"
"DGS2","2024-11-22","4.37"
"DGS2","2024-11-25","4.21"
"DGS2","2024-11-26","4.21"
"DGS2","2024-11-27","4.19"
"DGS2","2024-11-28","."
"DGS2","2024-11-29","4.13"
"DGS2","2024-12-02","4.17"
"DGS2","2024-12-03","4.17"
"DGS2","2024-12-04","4.13"
"DGS2","2024-12-05","4.15"
"DGS2","2024-12-06","4.1"
"DGS2","2024-12-09","4.13"
"DGS2","2024-12-10","4.15"
"DGS2","2024-12-11","4.15"
"DGS2","2024-12-12","4.18"
"DGS2","2024-12-13","4.25"
"DGS2","2024-12-16","4.25"
"DGS2","2024-12-17","4.25"
"DGS2","2024-12-18","4.35"
"DGS2","2024-12-19","4.32"
"DGS2","2024-12-20","4.3"
"DGS2","2024-12-23","4.3"
"DGS2","2024-12-24","4.29"
"DGS2","2024-12-25","."
"DGS2","2024-12-26","4.3"
"DGS2","2024-12-27","4.31"
"DGS2","2024-12-30","4.24"
"DGS2","2024-12-31","4.25"
"DGS2","2025-01-01","."
"DGS2","2025-01-02","4.25"
"DGS2","2025-01-03","4.28"
"DGS2","2025-01-06","4.28"
"DGS2","2025-01-07","4.3"
"DGS2","2025-01-08","4.28"
"DGS2","2025-01-09","4.27"
"DGS2","2025-01-10","4.4"
"DGS2","2025-01-13","4.4"
"DGS2","2025-01-14","4.37"
"DGS2","2025-01-15","4.27"
"DGS2","2025-01-16","4.23"
"DGS2","2025-01-17","4.27"
"DGS2","2025-01-20","."
"DGS2","2025-01-21","4.29"
"DGS2","2025-01-22","4.29"
"DGS2","2025-01-23","4.29"
"DGS2","2025-01-24","4.27"
"DGS2","2025-01-27","4.17"
"DGS2","2025-01-28","4.19"
"DGS2","2025-01-29","4.21"
"DGS2","2025-01-30","4.18"
"DGS2","2025-01-31","4.22"
"DGS2","2025-02-03","4.26"
"DGS2","2025-02-04","4.21"
"DGS2","2025-02-05","4.17"
"DGS2","2025-02-06","4.21"
"DGS2","2025-02-07","4.29"
"DGS2","2025-02-10","4.28"
"DGS2","2025-02-11","4.29"
"DGS2","2025-02-12","4.36"
"DGS2","2025-02-13","4.31"
"DGS2","2025-02-14","4.26"
"DGS2","2025-02-17","."
"DGS2","2025-02-18","4.29"
"DGS2","2025-02-19","4.28"
"DGS2","2025-02-20","4.28"
"DGS2","2025-02-21","4.19"
"DGS2","2025-02-24","4.13"
"DGS2","2025-02-25","4.07"
"DGS2","2025-02-26","4.05"
"DGS2","2025-02-27","4.07"
"DGS2","2025-02-28","3.99"
"DGS2","2025-03-03","3.96"
"DGS2","2025-03-04","3.96"
"DGS2","2025-03-05","3.99"
"DGS2","2025-03-06","3.96"
"DGS2","2025-03-07","3.99"
"DGS2","2025-03-10","3.89"
"DGS2","2025-03-11","3.94"
"DGS2","2025-03-12","4.01"
"DGS2","2025-03-13","3.94"
"DGS2","2025-03-14","4.02"
"DGS2","2025-03-17","4.06"
"DGS2","2025-03-18","4.04"
"DGS2","2025-03-19","3.99"
"DGS2","2025-03-20","3.95"
"DGS2","2025-03-21","3.94"
"DGS2","2025-03-24","4.04"
"DGS2","2025-03-25","3.96"
"DGS2","2025-03-26","3.98"
"DGS2","2025-03-27","3.97"
"DGS2","2025-03-28","3.89"
"DGS2","2025-03-31","3.89"
"DGS2","2025-04-01","3.87"
"DGS2","2025-04-02","3.91"
"DGS2","2025-04-03","3.71"
"DGS2","2025-04-04","3.68"
"DGS2","2025-04-07","3.73"
"DGS2","2025-04-08","3.71"
"DGS2","2025-04-09","3.91"
"DGS2","2025-04-10","3.84"
"DGS2","2025-04-11","3.96"
"DGS2","2025-04-14","3.84"
"DGS2","2025-04-15","3.84"
"DGS2","2025-04-16","3.77"
"DGS2","2025-04-17","3.81"
"DGS2","2025-04-18","."
"DGS2","2025-04-21","3.75"
"DGS2","2025-04-22","3.76"
"DGS2","2025-04-23","3.81"
"DGS2","2025-04-24","3.77"
"DGS2","2025-04-25","3.74"
"DGS2","2025-04-28","3.67"
"DGS2","2025-04-29","3.65"
"DGS2","2025-04-30","3.6"
"DGS2","2025-05-01","3.7"
"DGS2","2025-05-02","3.83"
"DGS2","2025-05-05","3.83"
"DGS2","2025-05-06","3.78"
"DGS2","2025-05-07","3.78"
"DGS2","2025-05-08","3.9"
"DGS2","2025-05-09","3.88"
"DGS2","2025-05-12","3.98"
"DGS2","2025-05-13","4.02"
"DGS2","2025-05-14","4.05"
"DGS2","2025-05-15","3.96"
"DGS2","2025-05-16","3.98"
"DGS2","2025-05-19","3.97"
"DGS2","2025-05-20","3.97"
"DGS2","2025-05-21","4.0"
"DGS2","2025-05-22","4.0"
"DGS2","2025-05-23","4.0"
"DGS2","2025-05-26","."
"DGS2","2025-05-27","3.92"
"DGS2","2025-05-28","3.96"
"DGS2","2025-05-29","3.92"
"DGS2","2025-05-30","3.89"
"DGS2","2025-06-02","3.94"
"DGS2","2025-06-03","3.96"
"DGS2","2025-06-04","3.87"
"DGS2","2025-06-05","3.92"
"DGS2","2025-06-06","4.04"
"DGS2","2025-06-09","4.01"
"DGS2","2025-06-10","4.01"
"DGS2","2025-06-11","3.94"
"DGS2","2025-06-12","3.9"
"DGS2","2025-06-13","3.96"
"DGS2","2025-06-16","3.97"
"DGS2","2025-06-17","3.94"
"DGS2","2025-06-18","3.94"
"DGS2","2025-06-19","."
"DGS2","2025-06-20","3.9"
"DGS2","2025-06-23","3.84"
"DGS2","2025-06-24","3.75"
"DGS2","2025-06-25","3.74"
"DGS2","2025-06-26","3.7"
"DGS2","2025-06-27","3.73"
"DGS2","2025-06-30","3.72"
"DGS2","2025-07-01","3.78"
"DGS2","2025-07-02","3.78"
"DGS2","2025-07-03","3.88"
"DGS2","2025-07-04","."
"DGS2","2025-07-07","3.9"
"DGS2","2025-07-08","3.9"
"DGS2","2025-07-09","3.86"
"DGS2","2025-07-10","3.86"
"DGS2","2025-07-11","3.9"
"DGS2","2025-07-14","3.9"
"DGS2","2025-07-15","3.95"
"DGS2","2025-07-16","3.88"
"DGS2","2025-07-17","3.91"
"DGS2","2025-07-18","3.88"
"DGS2","2025-07-21","3.85"
"DGS2","2025-07-22","3.83"
"DGS2","2025-07-23","3.88"
"DGS2","2025-07-24","3.91"
"DGS2","2025-07-25","3.91"
"DGS2","2025-07-28","3.91"
"DGS2","2025-07-29","3.86"
"DGS2","2025-07-30","3.94"
"DGS2","2025-07-31","3.94"
"DGS2","2025-08-01","3.69"
"DGS2","2025-08-04","3.69"
"DGS2","2025-08-05","3.72"
"DGS2","2025-08-06","3.69"
"DGS2","2025-08-07","3.72"
"DGS2","2025-08-08","3.76"
"DGS2","2025-08-11","3.76"
"DGS2","2025-08-12","3.72"
"DGS2","2025-08-13","3.67"
"DGS2","2025-08-14","3.74"
"DGS2","2025-08-15","3.75"
"DGS2","2025-08-18","3.77"
"DGS2","2025-08-19","3.75"
"DGS2","2025-08-20","3.74"
"DGS2","2025-08-21","3.79"
"DGS2","2025-08-22","3.68"
"DGS2","2025-08-25","3.73"
"DGS2","2025-08-26","3.61"
"DGS2","2025-08-27","3.59"
"DGS2","2025-08-28","3.62"
"DGS2","2025-08-29","3.59"
"DGS2","2025-09-01","."
"DGS2","2025-09-02","3.66"
"DGS2","2025-09-03","3.61"
"DGS2","2025-09-04","3.59"
"DGS2","2025-09-05","3.51"
"DGS2","2025-09-08","3.49"
"DGS2","2025-09-09","3.54"
"DGS2","2025-09-10","3.54"
"DGS2","2025-09-11","3.52"
"DGS2","2025-09-12","3.56"
"DGS2","2025-09-15","3.54"
"DGS2","2025-09-16","3.51"
"DGS2","2025-09-17","3.52"
"DGS2","2025-09-18","3.57"
"DGS2","2025-09-19","3.57"
"DGS2","2025-09-22","3.61"
"DGS2","2025-09-23","3.53"
"DGS2","2025-09-24","3.57"
"DGS2","2025-09-25","3.64"
"DGS2","2025-09-26","3.63"
"DGS2","2025-09-29","3.63"
"DGS2","2025-09-30","3.6"
"DGS2","2025-10-01","3.55"
"DGS2","2025-10-02","3.55"
"DGS2","2025-10-03","3.58"
"DGS2","2025-10-06","3.6"
"DGS2","2025-10-07","3.57"
"DGS2","2025-10-08","3.58"
"DGS2","2025-10-09","3.6"
"DGS2","2025-10-10","3.52"
"DGS2","2025-10-13","."
"DGS2","2025-10-14","3.48"
"DGS2","2025-10-15","3.5"
"DGS2","2025-10-16","3.41"
"DGS2","2025-10-17","3.46"
"DGS2","2025-10-20","3.46"
"DGS2","2025-10-21","3.45"
"DGS2","2025-10-22","3.45"
"DGS2","2025-10-23","3.48"
"DGS2","2025-10-24","3.48"
"DGS2","2025-10-27","3.48"
"DGS2","2025-10-28","3.47"
"DGS2","2025-10-29","3.59"
"DGS2","2025-10-30","3.61"
"DGS2","2025-10-31","3.6"
"DGS2","2025-11-03","3.6"
"DGS2","2025-11-04","3.58"
"DGS2","2025-11-05","3.63"
"DGS2","2025-11-06","3.57"
"DGS2","2025-11-07","3.55"
"DGS2","2025-11-10","3.58"
"DGS2","2025-11-11","."
"DGS2","2025-11-12","3.56"
"DGS2","2025-11-13","3.58"
"DGS2","2025-11-14","3.62"
"DGS2","2025-11-17","3.6"
"DGS2","2025-11-18","3.58"
"DGS2","2025-11-19","3.58"
"DGS2","2025-11-20","3.55"
"DGS2","2025-11-21","3.51"
"DGS2","2025-11-24","3.46"
"DGS2","2025-11-25","3.43"
"DGS2","2025-11-26","3.45"
"DGS2","2025-11-27","."
"DGS2","2025-11-28","3.47"
"DGS2","2025-12-01","3.54"
"DGS2","2025-12-02","3.51"
"DGS2","2025-12-03","3.49"
"DGS2","2025-12-04","3.52"
"DGS2","2025-12-05","3.56"
"DGS2","2025-12-08","3.57"
"DGS2","2025-12-09","3.61"
"DGS2","2025-12-10","3.54"
"DGS2","2025-12-11","3.52"
"DGS2","2025-12-12","3.52"
"DGS2","2025-12-15","3.51"
"DGS2","2025-12-16","3.48"
"DGS2","2025-12-17","3.49"
"DGS2","2025-12-18","3.46"
"DGS2","2025-12-19","3.48"
"DGS2","2025-12-22","3.44"
"DGS2","2025-12-23","3.48"
"DGS2","2025-12-24","3.47"
"DGS2","2025-12-25","."
"DGS2","2025-12-26","3.46"
"DGS2","2025-12-29","3.45"
"DGS2","2025-12-30","3.45"
"DGS2","2025-12-31","3.47"
"DGS3","2018-01-01","."
"DGS3","2018-01-02","2.01"
"DGS3","2018-01-03","2.02"
"DGS3","2018-01-04","2.05"
"DGS3","2018-01-05","2.06"
"DGS3","2018-01-08","2.07"
"DGS3","2018-01-09","2.09"
"DGS3","2018-01-10","2.08"
"DGS3","2018-01-11","2.09"
"DGS3","2018-01-12","2.12"
"DGS3","2018-01-15","."
"DGS3","2018-01-16","2.12"
"DGS3","2018-01-17","2.15"
"DGS3","2018-01-18","2.17"
"DGS3","2018-01-19","2.20"
"DGS3","2018-01-22","2.21"
"DGS3","2018-01-23","2.18"
"DGS3","2018-01-24","2.20"
"DGS3","2018-01-25","2.20"
"DGS3","2018-01-26","2.24"
"DGS3","2018-01-29","2.26"
"DGS3","2018-01-30","2.27"
"DGS3","2018-01-31","2.29"
"DGS3","2018-02-01","2.33"
"DGS3","2018-02-02","2.33"
"DGS3","2018-02-05","2.25"
"DGS3","2018-02-06","2.30"
"DGS3","2018-02-07","2.33"
"DGS3","2018-02-08","2.32"
"DGS3","2018-02-09","2.26"
"DGS3","2018-02-12","2.30"
"DGS3","2018-02-13","2.30"
"DGS3","2018-02-14","2.40"
"DGS3","2018-02-15","2.40"
"DGS3","2018-02-16","2.38"
"DGS3","2018-02-19","."
"DGS3","2018-02-20","2.40"
"DGS3","2018-02-21","2.44"
"DGS3","2018-02-22","2.42"
"DGS3","2018-02-23","2.39"
"DGS3","2018-02-26","2.37"
"DGS3","2018-02-27","2.43"
"DGS3","2018-02-28","2.42"
"DGS3","2018-03-01","2.36"
"DGS3","2018-03-02","2.40"
"DGS3","2018-03-05","2.41"
"DGS3","2018-03-06","2.42"
"DGS3","2018-03-07","2.42"
"DGS3","2018-03-08","2.42"
"DGS3","2018-03-09","2.45"
"DGS3","2018-03-12","2.43"
"DGS3","2018-03-13","2.41"
"DGS3","2018-03-14","2.41"
"DGS3","2018-03-15","2.42"
"DGS3","2018-03-16","2.44"
"DGS3","2018-03-19","2.45"
"DGS3","2018-03-20","2.49"
"DGS3","2018-03-21","2.46"
"DGS3","2018-03-22","2.43"
"DGS3","2018-03-23","2.41"
"DGS3","2018-03-26","2.44"
"DGS3","2018-03-27","2.39"
"DGS3","2018-03-28","2.41"
"DGS3","2018-03-29","2.39"
"DGS3","2018-03-30","."
"DGS3","2018-04-02","2.37"
"DGS3","2018-04-03","2.41"
"DGS3","2018-04-04","2.42"
"DGS3","2018-04-05","2.45"
"DGS3","2018-04-06","2.40"
"DGS3","2018-04-09","2.43"
"DGS3","2018-04-10","2.45"
"DGS3","2018-04-11","2.45"
"DGS3","2018-04-12","2.49"
"DGS3","2018-04-13","2.51"
"DGS3","2018-04-16","2.52"
"DGS3","2018-04-17","2.52"
"DGS3","2018-04-18","2.57"
"DGS3","2018-04-19","2.58"
"DGS3","2018-04-20","2.62"
"DGS3","2018-04-23","2.64"
"DGS3","2018-04-24","2.63"
"DGS3","2018-04-25","2.64"
"DGS3","2018-04-26","2.63"
"DGS3","2018-04-27","2.62"
"DGS3","2018-04-30","2.62"
"DGS3","2018-05-01","2.66"
"DGS3","2018-05-02","2.64"
"DGS3","2018-05-03","2.62"
"DGS3","2018-05-04","2.63"
"DGS3","2018-05-07","2.64"
"DGS3","2018-05-08","2.66"
"DGS3","2018-05-09","2.68"
"DGS3","2018-05-10","2.69"
"DGS3","2018-05-11","2.69"
"DGS3","2018-05-14","2.70"
"DGS3","2018-05-15","2.75"
"DGS3","2018-05-16","2.76"
"DGS3","2018-05-17","2.75"
"DGS3","2018-05-18","2.71"
"DGS3","2018-05-21","2.73"
"DGS3","2018-05-22","2.73"
"DGS3","2018-05-23","2.67"
"DGS3","2018-05-24","2.65"
"DGS3","2018-05-25","2.60"
"DGS3","2018-05-28","."
"DGS3","2018-05-29","2.43"
"DGS3","2018-05-30","2.53"
"DGS3","2018-05-31","2.54"
"DGS3","2018-06-01","2.61"
"DGS3","2018-06-04","2.64"
"DGS3","2018-06-05","2.62"
"DGS3","2018-06-06","2.65"
"DGS3","2018-06-07","2.63"
"DGS3","2018-06-08","2.63"
"DGS3","2018-06-11","2.66"
"DGS3","2018-06-12","2.67"
"DGS3","2018-06-13","2.71"
"DGS3","2018-06-14","2.69"
"DGS3","2018-06-15","2.68"
"DGS3","2018-06-18","2.67"
"DGS3","2018-06-19","2.64"
"DGS3","2018-06-20","2.67"
"DGS3","2018-06-21","2.65"
"DGS3","2018-06-22","2.65"
"DGS3","2018-06-25","2.63"
"DGS3","2018-06-26","2.63"
"DGS3","2018-06-27","2.59"
"DGS3","2018-06-28","2.60"
"DGS3","2018-06-29","2.63"
"DGS3","2018-07-02","2.65"
"DGS3","2018-07-03","2.63"
"DGS3","2018-07-04","."
"DGS3","2018-07-05","2.65"
"DGS3","2018-07-06","2.64"
"DGS3","2018-07-09","2.66"
"DGS3","2018-07-10","2.69"
"DGS3","2018-07-11","2.67"
"DGS3","2018-07-12","2.68"
"DGS3","2018-07-13","2.66"
"DGS3","2018-07-16","2.67"
"DGS3","2018-07-17","2.69"
"DGS3","2018-07-18","2.69"
"DGS3","2018-07-19","2.67"
"DGS3","2018-07-20","2.68"
"DGS3","2018-07-23","2.72"
"DGS3","2018-07-24","2.74"
"DGS3","2018-07-25","2.74"
"DGS3","2018-07-26","2.78"
"DGS3","2018-07-27","2.76"
"DGS3","2018-07-30","2.77"
"DGS3","2018-07-31","2.77"
"DGS3","2018-08-01","2.78"
"DGS3","2018-08-02","2.76"
"DGS3","2018-08-03","2.74"
"DGS3","2018-08-06","2.73"
"DGS3","2018-08-07","2.76"
"DGS3","2018-08-08","2.77"
"DGS3","2018-08-09","2.74"
"DGS3","2018-08-10","2.68"
"DGS3","2018-08-13","2.68"
"DGS3","2018-08-14","2.71"
"DGS3","2018-08-15","2.68"
"DGS3","2018-08-16","2.70"
"DGS3","2018-08-17","2.68"
"DGS3","2018-08-20","2.65"
"DGS3","2018-08-21","2.67"
"DGS3","2018-08-22","2.65"
"DGS3","2018-08-23","2.66"
"DGS3","2018-08-24","2.68"
"DGS3","2018-08-27","2.70"
"DGS3","2018-08-28","2.73"
"DGS3","2018-08-29","2.75"
"DGS3","2018-08-30","2.72"
"DGS3","2018-08-31","2.70"
"DGS3","2018-09-03","."
"DGS3","2018-09-04","2.73"
"DGS3","2018-09-05","2.72"
"DGS3","2018-09-06","2.71"
"DGS3","2018-09-07","2.78"
"DGS3","2018-09-10","2.78"
"DGS3","2018-09-11","2.83"
"DGS3","2018-09-12","2.82"
"DGS3","2018-09-13","2.83"
"DGS3","2018-09-14","2.85"
"DGS3","2018-09-17","2.85"
"DGS3","2018-09-18","2.88"
"DGS3","2018-09-19","2.89"
"DGS3","2018-09-20","2.89"
"DGS3","2018-09-21","2.89"
"DGS3","2018-09-24","2.89"
"DGS3","2018-09-25","2.91"
"DGS3","2018-09-26","2.89"
"DGS3","2018-09-27","2.89"
"DGS3","2018-09-28","2.88"
"DGS3","2018-10-01","2.90"
"DGS3","2018-10-02","2.88"
"DGS3","2018-10-03","2.94"
"DGS3","2018-10-04","2.97"
"DGS3","2018-10-05","2.99"
"DGS3","2018-10-08","."
"DGS3","2018-10-09","2.98"
"DGS3","2018-10-10","2.97"
"DGS3","2018-10-11","2.94"
"DGS3","2018-10-12","2.93"
"DGS3","2018-10-15","2.94"
"DGS3","2018-10-16","2.95"
"DGS3","2018-10-17","2.97"
"DGS3","2018-10-18","2.95"
"DGS3","2018-10-19","2.99"
"DGS3","2018-10-22","2.99"
"DGS3","2018-10-23","2.95"
"DGS3","2018-10-24","2.89"
"DGS3","2018-10-25","2.92"
"DGS3","2018-10-26","2.85"
"DGS3","2018-10-29","2.86"
"DGS3","2018-10-30","2.90"
"DGS3","2018-10-31","2.93"
"DGS3","2018-11-01","2.91"
"DGS3","2018-11-02","2.98"
"DGS3","2018-11-05","2.99"
"DGS3","2018-11-06","3.01"
"DGS3","2018-11-07","3.03"
"DGS3","2018-11-08","3.05"
"DGS3","2018-11-09","3.01"
"DGS3","2018-11-12","."
"DGS3","2018-11-13","2.95"
"DGS3","2018-11-14","2.92"
"DGS3","2018-11-15","2.91"
"DGS3","2018-11-16","2.85"
"DGS3","2018-11-19","2.82"
"DGS3","2018-11-20","2.83"
"DGS3","2018-11-21","2.84"
"DGS3","2018-11-22","."
"DGS3","2018-11-23","2.83"
"DGS3","2018-11-26","2.86"
"DGS3","2018-11-27","2.86"
"DGS3","2018-11-28","2.84"
"DGS3","2018-11-29","2.83"
"DGS3","2018-11-30","2.83"
"DGS3","2018-12-03","2.84"
"DGS3","2018-12-04","2.81"
"DGS3","2018-12-05","."
"DGS3","2018-12-06","2.76"
"DGS3","2018-12-07","2.72"
"DGS3","2018-12-10","2.73"
"DGS3","2018-12-11","2.78"
"DGS3","2018-12-12","2.78"
"DGS3","2018-12-13","2.76"
"DGS3","2018-12-14","2.72"
"DGS3","2018-12-17","2.68"
"DGS3","2018-12-18","2.64"
"DGS3","2018-12-19","2.61"
"DGS3","2018-12-20","2.65"
"DGS3","2018-12-21","2.61"
"DGS3","2018-12-24","2.56"
"DGS3","2018-12-25","."
"DGS3","2018-12-26","2.60"
"DGS3","2018-12-27","2.55"
"DGS3","2018-12-28","2.50"
"DGS3","2018-12-31","2.46"
"DGS3","2019-01-01","."
"DGS3","2019-01-02","2.47"
"DGS3","2019-01-03","2.35"
"DGS3","2019-01-04","2.47"
"DGS3","2019-01-07","2.51"
"DGS3","2019-01-08","2.57"
"DGS3","2019-01-09","2.54"
"DGS3","2019-01-10","2.54"
"DGS3","2019-01-11","2.51"
"DGS3","2019-01-14","2.51"
"DGS3","2019-01-15","2.51"
"DGS3","2019-01-16","2.53"
"DGS3","2019-01-17","2.55"
"DGS3","2019-01-18","2.60"
"DGS3","2019-01-21","."
"DGS3","2019-01-22","2.55"
"DGS3","2019-01-23","2.57"
"DGS3","2019-01-24","2.54"
"DGS3","2019-01-25","2.58"
"DGS3","2019-01-28","2.58"
"DGS3","2019-01-29","2.54"
"DGS3","2019-01-30","2.49"
"DGS3","2019-01-31","2.43"
"DGS3","2019-02-01","2.50"
"DGS3","2019-02-04","2.52"
"DGS3","2019-02-05","2.50"
"DGS3","2019-02-06","2.50"
"DGS3","2019-02-07","2.46"
"DGS3","2019-02-08","2.43"
"DGS3","2019-02-11","2.47"
"DGS3","2019-02-12","2.48"
"DGS3","2019-02-13","2.52"
"DGS3","2019-02-14","2.48"
"DGS3","2019-02-15","2.50"
"DGS3","2019-02-18","."
"DGS3","2019-02-19","2.47"
"DGS3","2019-02-20","2.47"
"DGS3","2019-02-21","2.49"
"DGS3","2019-02-22","2.46"
"DGS3","2019-02-25","2.48"
"DGS3","2019-02-26","2.44"
"DGS3","2019-02-27","2.48"
"DGS3","2019-02-28","2.50"
"DGS3","2019-03-01","2.54"
"DGS3","2019-03-04","2.52"
"DGS3","2019-03-05","2.52"
"DGS3","2019-03-06","2.49"
"DGS3","2019-03-07","2.44"
"DGS3","2019-03-08","2.43"
"DGS3","2019-03-11","2.45"
"DGS3","2019-03-12","2.41"
"DGS3","2019-03-13","2.41"
"DGS3","2019-03-14","2.42"
"DGS3","2019-03-15","2.39"
"DGS3","2019-03-18","2.41"
"DGS3","2019-03-19","2.42"
"DGS3","2019-03-20","2.34"
"DGS3","2019-03-21","2.34"
"DGS3","2019-03-22","2.24"
"DGS3","2019-03-25","2.19"
"DGS3","2019-03-26","2.18"
"DGS3","2019-03-27","2.16"
"DGS3","2019-03-28","2.18"
"DGS3","2019-03-29","2.21"
"DGS3","2019-04-01","2.29"
"DGS3","2019-04-02","2.26"
"DGS3","2019-04-03","2.29"
"DGS3","2019-04-04","2.29"
"DGS3","2019-04-05","2.30"
"DGS3","2019-04-08","2.31"
"DGS3","2019-04-09","2.31"
"DGS3","2019-04-10","2.27"
"DGS3","2019-04-11","2.30"
"DGS3","2019-04-12","2.36"
"DGS3","2019-04-15","2.36"
"DGS3","2019-04-16","2.38"
"DGS3","2019-04-17","2.37"
"DGS3","2019-04-18","2.36"
"DGS3","2019-04-19","."
"DGS3","2019-04-22","2.36"
"DGS3","2019-04-23","2.34"
"DGS3","2019-04-24","2.28"
"DGS3","2019-04-25","2.29"
"DGS3","2019-04-26","2.25"
"DGS3","2019-04-29","2.27"
"DGS3","2019-04-30","2.24"
"DGS3","2019-05-01","2.28"
"DGS3","2019-05-02","2.32"
"DGS3","2019-05-03","2.30"
"DGS3","2019-05-06","2.27"
"DGS3","2019-05-07","2.24"
"DGS3","2019-05-08","2.26"
"DGS3","2019-05-09","2.22"
"DGS3","2019-05-10","2.23"
"DGS3","2019-05-13","2.15"
"DGS3","2019-05-14","2.17"
"DGS3","2019-05-15","2.12"
"DGS3","2019-05-16","2.15"
"DGS3","2019-05-17","2.15"
"DGS3","2019-05-20","2.17"
"DGS3","2019-05-21","2.20"
"DGS3","2019-05-22","2.17"
"DGS3","2019-05-23","2.08"
"DGS3","2019-05-24","2.10"
"DGS3","2019-05-27","."
"DGS3","2019-05-28","2.06"
"DGS3","2019-05-29","2.04"
"DGS3","2019-05-30","2.00"
"DGS3","2019-05-31","1.90"
"DGS3","2019-06-03","1.79"
"DGS3","2019-06-04","1.84"
"DGS3","2019-06-05","1.81"
"DGS3","2019-06-06","1.85"
"DGS3","2019-06-07","1.82"
"DGS3","2019-06-10","1.87"
"DGS3","2019-06-11","1.87"
"DGS3","2019-06-12","1.83"
"DGS3","2019-06-13","1.78"
"DGS3","2019-06-14","1.79"
"DGS3","2019-06-17","1.80"
"DGS3","2019-06-18","1.80"
"DGS3","2019-06-19","1.70"
"DGS3","2019-06-20","1.69"
"DGS3","2019-06-21","1.74"
"DGS3","2019-06-24","1.69"
"DGS3","2019-06-25","1.67"
"DGS3","2019-06-26","1.74"
"DGS3","2019-06-27","1.71"
"DGS3","2019-06-28","1.71"
"DGS3","2019-07-01","1.74"
"DGS3","2019-07-02","1.71"
"DGS3","2019-07-03","1.71"
"DGS3","2019-07-04","."
"DGS3","2019-07-05","1.82"
"DGS3","2019-07-08","1.84"
"DGS3","2019-07-09","1.88"
"DGS3","2019-07-10","1.79"
"DGS3","2019-07-11","1.84"
"DGS3","2019-07-12","1.81"
"DGS3","2019-07-15","1.80"
"DGS3","2019-07-16","1.84"
"DGS3","2019-07-17","1.80"
"DGS3","2019-07-18","1.74"
"DGS3","2019-07-19","1.77"
"DGS3","2019-07-22","1.77"
"DGS3","2019-07-23","1.79"
"DGS3","2019-07-24","1.79"
"DGS3","2019-07-25","1.83"
"DGS3","2019-07-26","1.83"
"DGS3","2019-07-29","1.81"
"DGS3","2019-07-30","1.82"
"DGS3","2019-07-31","1.84"
"DGS3","2019-08-01","1.67"
"DGS3","2019-08-02","1.67"
"DGS3","2019-08-05","1.55"
"DGS3","2019-08-06","1.54"
"DGS3","2019-08-07","1.51"
"DGS3","2019-08-08","1.54"
"DGS3","2019-08-09","1.58"
"DGS3","2019-08-12","1.51"
"DGS3","2019-08-13","1.60"
"DGS3","2019-08-14","1.53"
"DGS3","2019-08-15","1.44"
"DGS3","2019-08-16","1.44"
"DGS3","2019-08-19","1.49"
"DGS3","2019-08-20","1.44"
"DGS3","2019-08-21","1.50"
"DGS3","2019-08-22","1.53"
"DGS3","2019-08-23","1.43"
"DGS3","2019-08-26","1.47"
"DGS3","2019-08-27","1.43"
"DGS3","2019-08-28","1.42"
"DGS3","2019-08-29","1.44"
"DGS3","2019-08-30","1.42"
"DGS3","2019-09-02","."
"DGS3","2019-09-03","1.38"
"DGS3","2019-09-04","1.36"
"DGS3","2019-09-05","1.47"
"DGS3","2019-09-06","1.46"
"DGS3","2019-09-09","1.52"
"DGS3","2019-09-10","1.61"
"DGS3","2019-09-11","1.62"
"DGS3","2019-09-12","1.67"
"DGS3","2019-09-13","1.76"
"DGS3","2019-09-16","1.71"
"DGS3","2019-09-17","1.68"
"DGS3","2019-09-18","1.72"
"DGS3","2019-09-19","1.68"
"DGS3","2019-09-20","1.63"
"DGS3","2019-09-23","1.61"
"DGS3","2019-09-24","1.53"
"DGS3","2019-09-25","1.61"
"DGS3","2019-09-26","1.61"
"DGS3","2019-09-27","1.58"
"DGS3","2019-09-30","1.56"
"DGS3","2019-10-01","1.51"
"DGS3","2019-10-02","1.43"
"DGS3","2019-10-03","1.34"
"DGS3","2019-10-04","1.35"
"DGS3","2019-10-07","1.41"
"DGS3","2019-10-08","1.38"
"DGS3","2019-10-09","1.43"
"DGS3","2019-10-10","1.49"
"DGS3","2019-10-11","1.60"
"DGS3","2019-10-14","."
"DGS3","2019-10-15","1.60"
"DGS3","2019-10-16","1.57"
"DGS3","2019-10-17","1.57"
"DGS3","2019-10-18","1.56"
"DGS3","2019-10-21","1.59"
"DGS3","2019-10-22","1.59"
"DGS3","2019-10-23","1.58"
"DGS3","2019-10-24","1.58"
"DGS3","2019-10-25","1.62"
"DGS3","2019-10-28","1.65"
"DGS3","2019-10-29","1.65"
"DGS3","2019-10-30","1.60"
"DGS3","2019-10-31","1.52"
"DGS3","2019-11-01","1.55"
"DGS3","2019-11-04","1.59"
"DGS3","2019-11-05","1.63"
"DGS3","2019-11-06","1.60"
"DGS3","2019-11-07","1.70"
"DGS3","2019-11-08","1.70"
"DGS3","2019-11-11","."
"DGS3","2019-11-12","1.69"
"DGS3","2019-11-13","1.65"
"DGS3","2019-11-14","1.59"
"DGS3","2019-11-15","1.61"
"DGS3","2019-11-18","1.59"
"DGS3","2019-11-19","1.59"
"DGS3","2019-11-20","1.55"
"DGS3","2019-11-21","1.59"
"DGS3","2019-11-22","1.60"
"DGS3","2019-11-25","1.60"
"DGS3","2019-11-26","1.58"
"DGS3","2019-11-27","1.61"
"DGS3","2019-11-28","."
"DGS3","2019-11-29","1.61"
"DGS3","2019-12-02","1.63"
"DGS3","2019-12-03","1.54"
"DGS3","2019-12-04","1.58"
"DGS3","2019-12-05","1.60"
"DGS3","2019-12-06","1.64"
"DGS3","2019-12-09","1.63"
"DGS3","2019-12-10","1.67"
"DGS3","2019-12-11","1.62"
"DGS3","2019-12-12","1.69"
"DGS3","2019-12-13","1.62"
"DGS3","2019-12-16","1.67"
"DGS3","2019-12-17","1.66"
"DGS3","2019-12-18","1.67"
"DGS3","2019-12-19","1.65"
"DGS3","2019-12-20","1.67"
"DGS3","2019-12-23","1.67"
"DGS3","2019-12-24","1.64"
"DGS3","2019-12-25","."
"DGS3","2019-12-26","1.65"
"DGS3","2019-12-27","1.60"
"DGS3","2019-12-30","1.59"
"DGS3","2019-12-31","1.62"
"DGS3","2020-01-01","."
"DGS3","2020-01-02","1.59"
"DGS3","2020-01-03","1.54"
"DGS3","2020-01-06","1.56"
"DGS3","2020-01-07","1.55"
"DGS3","2020-01-08","1.61"
"DGS3","2020-01-09","1.59"
"DGS3","2020-01-10","1.59"
"DGS3","2020-01-13","1.60"
"DGS3","2020-01-14","1.59"
"DGS3","2020-01-15","1.56"
"DGS3","2020-01-16","1.58"
"DGS3","2020-01-17","1.56"
"DGS3","2020-01-20","."
"DGS3","2020-01-21","1.53"
"DGS3","2020-01-22","1.52"
"DGS3","2020-01-23","1.51"
"DGS3","2020-01-24","1.48"
"DGS3","2020-01-27","1.41"
"DGS3","2020-01-28","1.45"
"DGS3","2020-01-29","1.39"
"DGS3","2020-01-30","1.37"
"DGS3","2020-01-31","1.30"
"DGS3","2020-02-03","1.34"
"DGS3","2020-02-04","1.40"
"DGS3","2020-02-05","1.43"
"DGS3","2020-02-06","1.43"
"DGS3","2020-02-07","1.39"
"DGS3","2020-02-10","1.36"
"DGS3","2020-02-11","1.39"
"DGS3","2020-02-12","1.42"
"DGS3","2020-02-13","1.42"
"DGS3","2020-02-14","1.40"
"DGS3","2020-02-17","."
"DGS3","2020-02-18","1.37"
"DGS3","2020-02-19","1.39"
"DGS3","2020-02-20","1.35"
"DGS3","2020-02-21","1.30"
"DGS3","2020-02-24","1.21"
"DGS3","2020-02-25","1.16"
"DGS3","2020-02-26","1.14"
"DGS3","2020-02-27","1.08"
"DGS3","2020-02-28","0.85"
"DGS3","2020-03-02","0.85"
"DGS3","2020-03-03","0.72"
"DGS3","2020-03-04","0.68"
"DGS3","2020-03-05","0.61"
"DGS3","2020-03-06","0.53"
"DGS3","2020-03-09","0.40"
"DGS3","2020-03-10","0.58"
"DGS3","2020-03-11","0.58"
"DGS3","2020-03-12","0.58"
"DGS3","2020-03-13","0.58"
"DGS3","2020-03-16","0.43"
"DGS3","2020-03-17","0.54"
"DGS3","2020-03-18","0.66"
"DGS3","2020-03-19","0.53"
"DGS3","2020-03-20","0.41"
"DGS3","2020-03-23","0.31"
"DGS3","2020-03-24","0.44"
"DGS3","2020-03-25","0.41"
"DGS3","2020-03-26","0.36"
"DGS3","2020-03-27","0.30"
"DGS3","2020-03-30","0.29"
"DGS3","2020-03-31","0.29"
"DGS3","2020-04-01","0.28"
"DGS3","2020-04-02","0.29"
"DGS3","2020-04-03","0.30"
"DGS3","2020-04-06","0.35"
"DGS3","2020-04-07","0.36"
"DGS3","2020-04-08","0.34"
"DGS3","2020-04-09","0.29"
"DGS3","2020-04-10","."
"DGS3","2020-04-13","0.31"
"DGS3","2020-04-14","0.29"
"DGS3","2020-04-15","0.24"
"DGS3","2020-04-16","0.25"
"DGS3","2020-04-17","0.26"
"DGS3","2020-04-20","0.26"
"DGS3","2020-04-21","0.24"
"DGS3","2020-04-22","0.26"
"DGS3","2020-04-23","0.26"
"DGS3","2020-04-24","0.26"
"DGS3","2020-04-27","0.29"
"DGS3","2020-04-28","0.26"
"DGS3","2020-04-29","0.24"
"DGS3","2020-04-30","0.24"
"DGS3","2020-05-01","0.25"
"DGS3","2020-05-04","0.24"
"DGS3","2020-05-05","0.24"
"DGS3","2020-05-06","0.24"
"DGS3","2020-05-07","0.19"
"DGS3","2020-05-08","0.21"
"DGS3","2020-05-11","0.24"
"DGS3","2020-05-12","0.22"
"DGS3","2020-05-13","0.20"
"DGS3","2020-05-14","0.20"
"DGS3","2020-05-15","0.19"
"DGS3","2020-05-18","0.24"
"DGS3","2020-05-19","0.22"
"DGS3","2020-05-20","0.21"
"DGS3","2020-05-21","0.21"
"DGS3","2020-05-22","0.21"
"DGS3","2020-05-25","."
"DGS3","2020-05-26","0.22"
"DGS3","2020-05-27","0.22"
"DGS3","2020-05-28","0.22"
"DGS3","2020-05-29","0.19"
"DGS3","2020-06-01","0.20"
"DGS3","2020-06-02","0.20"
"DGS3","2020-06-03","0.26"
"DGS3","2020-06-04","0.26"
"DGS3","2020-06-05","0.29"
"DGS3","2020-06-08","0.29"
"DGS3","2020-06-09","0.25"
"DGS3","2020-06-10","0.22"
"DGS3","2020-06-11","0.22"
"DGS3","2020-06-12","0.22"
"DGS3","2020-06-15","0.22"
"DGS3","2020-06-16","0.23"
"DGS3","2020-06-17","0.23"
"DGS3","2020-06-18","0.22"
"DGS3","2020-06-19","0.22"
"DGS3","2020-06-22","0.22"
"DGS3","2020-06-23","0.22"
"DGS3","2020-06-24","0.21"
"DGS3","2020-06-25","0.21"
"DGS3","2020-06-26","0.19"
"DGS3","2020-06-29","0.18"
"DGS3","2020-06-30","0.18"
"DGS3","2020-07-01","0.19"
"DGS3","2020-07-02","0.19"
"DGS3","2020-07-03","."
"DGS3","2020-07-06","0.19"
"DGS3","2020-07-07","0.19"
"DGS3","2020-07-08","0.19"
"DGS3","2020-07-09","0.18"
"DGS3","2020-07-10","0.19"
"DGS3","2020-07-13","0.19"
"DGS3","2020-07-14","0.19"
"DGS3","2020-07-15","0.18"
"DGS3","2020-07-16","0.17"
"DGS3","2020-07-17","0.18"
"DGS3","2020-07-20","0.18"
"DGS3","2020-07-21","0.17"
"DGS3","2020-07-22","0.17"
"DGS3","2020-07-23","0.16"
"DGS3","2020-07-24","0.17"
"DGS3","2020-07-27","0.18"
"DGS3","2020-07-28","0.16"
"DGS3","2020-07-29","0.15"
"DGS3","2020-07-30","0.14"
"DGS3","2020-07-31","0.11"
"DGS3","2020-08-03","0.13"
"DGS3","2020-08-04","0.10"
"DGS3","2020-08-05","0.13"
"DGS3","2020-08-06","0.13"
"DGS3","2020-08-07","0.14"
"DGS3","2020-08-10","0.15"
"DGS3","2020-08-11","0.18"
"DGS3","2020-08-12","0.19"
"DGS3","2020-08-13","0.19"
"DGS3","2020-08-14","0.18"
"DGS3","2020-08-17","0.18"
"DGS3","2020-08-18","0.17"
"DGS3","2020-08-19","0.17"
"DGS3","2020-08-20","0.15"
"DGS3","2020-08-21","0.16"
"DGS3","2020-08-24","0.18"
"DGS3","2020-08-25","0.18"
"DGS3","2020-08-26","0.18"
"DGS3","2020-08-27","0.19"
"DGS3","2020-08-28","0.16"
"DGS3","2020-08-31","0.15"
"DGS3","2020-09-01","0.14"
"DGS3","2020-09-02","0.16"
"DGS3","2020-09-03","0.15"
"DGS3","2020-09-04","0.18"
"DGS3","2020-09-07","."
"DGS3","2020-09-08","0.17"
"DGS3","2020-09-09","0.17"
"DGS3","2020-09-10","0.17"
"DGS3","2020-09-11","0.16"
"DGS3","2020-09-14","0.16"
"DGS3","2020-09-15","0.16"
"DGS3","2020-09-16","0.16"
"DGS3","2020-09-17","0.16"
"DGS3","2020-09-18","0.16"
"DGS3","2020-09-21","0.16"
"DGS3","2020-09-22","0.15"
"DGS3","2020-09-23","0.15"
"DGS3","2020-09-24","0.16"
"DGS3","2020-09-25","0.15"
"DGS3","2020-09-28","0.16"
"DGS3","2020-09-29","0.13"
"DGS3","2020-09-30","0.16"
"DGS3","2020-10-01","0.16"
"DGS3","2020-10-02","0.16"
"DGS3","2020-10-05","0.19"
"DGS3","2020-10-06","0.17"
"DGS3","2020-10-07","0.21"
"DGS3","2020-10-08","0.18"
"DGS3","2020-10-09","0.20"
"DGS3","2020-10-12","."
"DGS3","2020-10-13","0.18"
"DGS3","2020-10-14","0.18"
"DGS3","2020-10-15","0.18"
"DGS3","2020-10-16","0.18"
"DGS3","2020-10-19","0.19"
"DGS3","2020-10-20","0.19"
"DGS3","2020-10-21","0.20"
"DGS3","2020-10-22","0.21"
"DGS3","2020-10-23","0.21"
"DGS3","2020-10-26","0.18"
"DGS3","2020-10-27","0.19"
"DGS3","2020-10-28","0.19"
"DGS3","2020-10-29","0.20"
"DGS3","2020-10-30","0.19"
"DGS3","2020-11-02","0.20"
"DGS3","2020-11-03","0.21"
"DGS3","2020-11-04","0.18"
"DGS3","2020-11-05","0.18"
"DGS3","2020-11-06","0.21"
"DGS3","2020-11-09","0.25"
"DGS3","2020-11-10","0.26"
"DGS3","2020-11-11","."
"DGS3","2020-11-12","0.23"
"DGS3","2020-11-13","0.23"
"DGS3","2020-11-16","0.24"
"DGS3","2020-11-17","0.22"
"DGS3","2020-11-18","0.22"
"DGS3","2020-11-19","0.22"
"DGS3","2020-11-20","0.21"
"DGS3","2020-11-23","0.22"
"DGS3","2020-11-24","0.22"
"DGS3","2020-11-25","0.21"
"DGS3","2020-11-26","."
"DGS3","2020-11-27","0.20"
"DGS3","2020-11-30","0.19"
"DGS3","2020-12-01","0.22"
"DGS3","2020-12-02","0.22"
"DGS3","2020-12-03","0.21"
"DGS3","2020-12-04","0.21"
"DGS3","2020-12-07","0.20"
"DGS3","2020-12-08","0.20"
"DGS3","2020-12-09","0.21"
"DGS3","2020-12-10","0.20"
"DGS3","2020-12-11","0.18"
"DGS3","2020-12-14","0.17"
"DGS3","2020-12-15","0.18"
"DGS3","2020-12-16","0.18"
"DGS3","2020-12-17","0.19"
"DGS3","2020-12-18","0.19"
"DGS3","2020-12-21","0.18"
"DGS3","2020-12-22","0.17"
"DGS3","2020-12-23","0.18"
"DGS3","2020-12-24","0.17"
"DGS3","2020-12-25","."
"DGS3","2020-12-28","0.17"
"DGS3","2020-12-29","0.17"
"DGS3","2020-12-30","0.17"
"DGS3","2020-12-31","0.17"
"DGS3","2021-01-01","."
"DGS3","2021-01-04","0.16"
"DGS3","2021-01-05","0.17"
"DGS3","2021-01-06","0.20"
"DGS3","2021-01-07","0.22"
"DGS3","2021-01-08","0.24"
"DGS3","2021-01-11","0.22"
"DGS3","2021-01-12","0.23"
"DGS3","2021-01-13","0.22"
"DGS3","2021-01-14","0.23"
"DGS3","2021-01-15","0.20"
"DGS3","2021-01-18","."
"DGS3","2021-01-19","0.21"
"DGS3","2021-01-20","0.19"
"DGS3","2021-01-21","0.19"
"DGS3","2021-01-22","0.19"
"DGS3","2021-01-25","0.17"
"DGS3","2021-01-26","0.18"
"DGS3","2021-01-27","0.18"
"DGS3","2021-01-28","0.18"
"DGS3","2021-01-29","0.19"
"DGS3","2021-02-01","0.17"
"DGS3","2021-02-02","0.18"
"DGS3","2021-02-03","0.19"
"DGS3","2021-02-04","0.18"
"DGS3","2021-02-05","0.19"
"DGS3","2021-02-08","0.20"
"DGS3","2021-02-09","0.19"
"DGS3","2021-02-10","0.19"
"DGS3","2021-02-11","0.19"
"DGS3","2021-02-12","0.20"
"DGS3","2021-02-15","."
"DGS3","2021-02-16","0.23"
"DGS3","2021-02-17","0.21"
"DGS3","2021-02-18","0.21"
"DGS3","2021-02-19","0.22"
"DGS3","2021-02-22","0.22"
"DGS3","2021-02-23","0.22"
"DGS3","2021-02-24","0.24"
"DGS3","2021-02-25","0.34"
"DGS3","2021-02-26","0.30"
"DGS3","2021-03-01","0.27"
"DGS3","2021-03-02","0.26"
"DGS3","2021-03-03","0.29"
"DGS3","2021-03-04","0.32"
"DGS3","2021-03-05","0.32"
"DGS3","2021-03-08","0.34"
"DGS3","2021-03-09","0.35"
"DGS3","2021-03-10","0.32"
"DGS3","2021-03-11","0.31"
"DGS3","2021-03-12","0.34"
"DGS3","2021-03-15","0.33"
"DGS3","2021-03-16","0.33"
"DGS3","2021-03-17","0.29"
"DGS3","2021-03-18","0.33"
"DGS3","2021-03-19","0.33"
"DGS3","2021-03-22","0.32"
"DGS3","2021-03-23","0.31"
"DGS3","2021-03-24","0.31"
"DGS3","2021-03-25","0.30"
"DGS3","2021-03-26","0.31"
"DGS3","2021-03-29","0.32"
"DGS3","2021-03-30","0.33"
"DGS3","2021-03-31","0.35"
"DGS3","2021-04-01","0.35"
"DGS3","2021-04-02","0.39"
"DGS3","2021-04-05","0.37"
"DGS3","2021-04-06","0.35"
"DGS3","2021-04-07","0.34"
"DGS3","2021-04-08","0.33"
"DGS3","2021-04-09","0.35"
"DGS3","2021-04-12","0.38"
"DGS3","2021-04-13","0.35"
"DGS3","2021-04-14","0.35"
"DGS3","2021-04-15","0.32"
"DGS3","2021-04-16","0.34"
"DGS3","2021-04-19","0.34"
"DGS3","2021-04-20","0.31"
"DGS3","2021-04-21","0.32"
"DGS3","2021-04-22","0.32"
"DGS3","2021-04-23","0.34"
"DGS3","2021-04-26","0.35"
"DGS3","2021-04-27","0.36"
"DGS3","2021-04-28","0.35"
"DGS3","2021-04-29","0.35"
"DGS3","2021-04-30","0.35"
"DGS3","2021-05-03","0.33"
"DGS3","2021-05-04","0.33"
"DGS3","2021-05-05","0.32"
"DGS3","2021-05-06","0.32"
"DGS3","2021-05-07","0.29"
"DGS3","2021-05-10","0.32"
"DGS3","2021-05-11","0.31"
"DGS3","2021-05-12","0.35"
"DGS3","2021-05-13","0.33"
"DGS3","2021-05-14","0.33"
"DGS3","2021-05-17","0.34"
"DGS3","2021-05-18","0.34"
"DGS3","2021-05-19","0.35"
"DGS3","2021-05-20","0.34"
"DGS3","2021-05-21","0.34"
"DGS3","2021-05-24","0.32"
"DGS3","2021-05-25","0.30"
"DGS3","2021-05-26","0.31"
"DGS3","2021-05-27","0.31"
"DGS3","2021-05-28","0.30"
"DGS3","2021-05-31","."
"DGS3","2021-06-01","0.31"
"DGS3","2021-06-02","0.30"
"DGS3","2021-06-03","0.34"
"DGS3","2021-06-04","0.32"
"DGS3","2021-06-07","0.33"
"DGS3","2021-06-08","0.32"
"DGS3","2021-06-09","0.31"
"DGS3","2021-06-10","0.30"
"DGS3","2021-06-11","0.31"
"DGS3","2021-06-14","0.33"
"DGS3","2021-06-15","0.34"
"DGS3","2021-06-16","0.41"
"DGS3","2021-06-17","0.43"
"DGS3","2021-06-18","0.47"
"DGS3","2021-06-21","0.48"
"DGS3","2021-06-22","0.44"
"DGS3","2021-06-23","0.47"
"DGS3","2021-06-24","0.48"
"DGS3","2021-06-25","0.48"
"DGS3","2021-06-28","0.47"
"DGS3","2021-06-29","0.47"
"DGS3","2021-06-30","0.46"
"DGS3","2021-07-01","0.47"
"DGS3","2021-07-02","0.45"
"DGS3","2021-07-05","."
"DGS3","2021-07-06","0.42"
"DGS3","2021-07-07","0.41"
"DGS3","2021-07-08","0.37"
"DGS3","2021-07-09","0.41"
"DGS3","2021-07-12","0.43"
"DGS3","2021-07-13","0.47"
"DGS3","2021-07-14","0.44"
"DGS3","2021-07-15","0.43"
"DGS3","2021-07-16","0.43"
"DGS3","2021-07-19","0.38"
"DGS3","2021-07-20","0.37"
"DGS3","2021-07-21","0.39"
"DGS3","2021-07-22","0.37"
"DGS3","2021-07-23","0.38"
"DGS3","2021-07-26","0.38"
"DGS3","2021-07-27","0.37"
"DGS3","2021-07-28","0.38"
"DGS3","2021-07-29","0.37"
"DGS3","2021-07-30","0.35"
"DGS3","2021-08-02","0.33"
"DGS3","2021-08-03","0.33"
"DGS3","2021-08-04","0.34"
"DGS3","2021-08-05","0.38"
"DGS3","2021-08-06","0.42"
"DGS3","2021-08-09","0.43"
"DGS3","2021-08-10","0.47"
"DGS3","2021-08-11","0.45"
"DGS3","2021-08-12","0.46"
"DGS3","2021-08-13","0.44"
"DGS3","2021-08-16","0.42"
"DGS3","2021-08-17","0.43"
"DGS3","2021-08-18","0.43"
"DGS3","2021-08-19","0.44"
"DGS3","2021-08-20","0.44"
"DGS3","2021-08-23","0.43"
"DGS3","2021-08-24","0.44"
"DGS3","2021-08-25","0.47"
"DGS3","2021-08-26","0.46"
"DGS3","2021-08-27","0.41"
"DGS3","2021-08-30","0.40"
"DGS3","2021-08-31","0.40"
"DGS3","2021-09-01","0.42"
"DGS3","2021-09-02","0.42"
"DGS3","2021-09-03","0.42"
"DGS3","2021-09-06","."
"DGS3","2021-09-07","0.45"
"DGS3","2021-09-08","0.43"
"DGS3","2021-09-09","0.43"
"DGS3","2021-09-10","0.45"
"DGS3","2021-09-13","0.44"
"DGS3","2021-09-14","0.43"
"DGS3","2021-09-15","0.43"
"DGS3","2021-09-16","0.46"
"DGS3","2021-09-17","0.47"
"DGS3","2021-09-20","0.45"
"DGS3","2021-09-21","0.46"
"DGS3","2021-09-22","0.48"
"DGS3","2021-09-23","0.53"
"DGS3","2021-09-24","0.55"
"DGS3","2021-09-27","0.56"
"DGS3","2021-09-28","0.55"
"DGS3","2021-09-29","0.55"
"DGS3","2021-09-30","0.53"
"DGS3","2021-10-01","0.49"
"DGS3","2021-10-04","0.52"
"DGS3","2021-10-05","0.54"
"DGS3","2021-10-06","0.55"
"DGS3","2021-10-07","0.57"
"DGS3","2021-10-08","0.59"
"DGS3","2021-10-11","."
"DGS3","2021-10-12","0.64"
"DGS3","2021-10-13","0.66"
"DGS3","2021-10-14","0.62"
"DGS3","2021-10-15","0.70"
"DGS3","2021-10-18","0.72"
"DGS3","2021-10-19","0.71"
"DGS3","2021-10-20","0.70"
"DGS3","2021-10-21","0.78"
"DGS3","2021-10-22","0.79"
"DGS3","2021-10-25","0.76"
"DGS3","2021-10-26","0.77"
"DGS3","2021-10-27","0.77"
"DGS3","2021-10-28","0.77"
"DGS3","2021-10-29","0.75"
"DGS3","2021-11-01","0.79"
"DGS3","2021-11-02","0.73"
"DGS3","2021-11-03","0.77"
"DGS3","2021-11-04","0.69"
"DGS3","2021-11-05","0.66"
"DGS3","2021-11-08","0.75"
"DGS3","2021-11-09","0.71"
"DGS3","2021-11-10","0.83"
"DGS3","2021-11-11","."
"DGS3","2021-11-12","0.85"
"DGS3","2021-11-15","0.87"
"DGS3","2021-11-16","0.87"
"DGS3","2021-11-17","0.85"
"DGS3","2021-11-18","0.84"
"DGS3","2021-11-19","0.86"
"DGS3","2021-11-22","0.95"
"DGS3","2021-11-23","0.95"
"DGS3","2021-11-24","0.97"
"DGS3","2021-11-25","."
"DGS3","2021-11-26","0.81"
"DGS3","2021-11-29","0.83"
"DGS3","2021-11-30","0.81"
"DGS3","2021-12-01","0.85"
"DGS3","2021-12-02","0.90"
"DGS3","2021-12-03","0.86"
"DGS3","2021-12-06","0.91"
"DGS3","2021-12-07","0.99"
"DGS3","2021-12-08","0.99"
"DGS3","2021-12-09","0.99"
"DGS3","2021-12-10","0.98"
"DGS3","2021-12-13","0.95"
"DGS3","2021-12-14","0.98"
"DGS3","2021-12-15","1.00"
"DGS3","2021-12-16","0.92"
"DGS3","2021-12-17","0.93"
"DGS3","2021-12-20","0.91"
"DGS3","2021-12-21","0.96"
"DGS3","2021-12-22","0.96"
"DGS3","2021-12-23","0.97"
"DGS3","2021-12-24","."
"DGS3","2021-12-27","0.98"
"DGS3","2021-12-28","0.99"
"DGS3","2021-12-29","0.99"
"DGS3","2021-12-30","0.98"
"DGS3","2021-12-31","0.97"
"DGS3","2022-01-03","1.04"
"DGS3","2022-01-04","1.02"
"DGS3","2022-01-05","1.10"
"DGS3","2022-01-06","1.15"
"DGS3","2022-01-07","1.17"
"DGS3","2022-01-10","1.21"
"DGS3","2022-01-11","1.22"
"DGS3","2022-01-12","1.21"
"DGS3","2022-01-13","1.18"
"DGS3","2022-01-14","1.26"
"DGS3","2022-01-17","."
"DGS3","2022-01-18","1.35"
"DGS3","2022-01-19","1.33"
"DGS3","2022-01-20","1.34"
"DGS3","2022-01-21","1.28"
"DGS3","2022-01-24","1.25"
"DGS3","2022-01-25","1.28"
"DGS3","2022-01-26","1.39"
"DGS3","2022-01-27","1.43"
"DGS3","2022-01-28","1.38"
"DGS3","2022-01-31","1.39"
"DGS3","2022-02-01","1.39"
"DGS3","2022-02-02","1.38"
"DGS3","2022-02-03","1.42"
"DGS3","2022-02-04","1.55"
"DGS3","2022-02-07","1.54"
"DGS3","2022-02-08","1.59"
"DGS3","2022-02-09","1.61"
"DGS3","2022-02-10","1.82"
"DGS3","2022-02-11","1.71"
"DGS3","2022-02-14","1.80"
"DGS3","2022-02-15","1.80"
"DGS3","2022-02-16","1.75"
"DGS3","2022-02-17","1.70"
"DGS3","2022-02-18","1.68"
"DGS3","2022-02-21","."
"DGS3","2022-02-22","1.74"
"DGS3","2022-02-23","1.78"
"DGS3","2022-02-24","1.73"
"DGS3","2022-02-25","1.76"
"DGS3","2022-02-28","1.62"
"DGS3","2022-03-01","1.47"
"DGS3","2022-03-02","1.67"
"DGS3","2022-03-03","1.69"
"DGS3","2022-03-04","1.62"
"DGS3","2022-03-07","1.68"
"DGS3","2022-03-08","1.78"
"DGS3","2022-03-09","1.83"
"DGS3","2022-03-10","1.88"
"DGS3","2022-03-11","1.91"
"DGS3","2022-03-14","2.04"
"DGS3","2022-03-15","2.04"
"DGS3","2022-03-16","2.14"
"DGS3","2022-03-17","2.14"
"DGS3","2022-03-18","2.15"
"DGS3","2022-03-21","2.34"
"DGS3","2022-03-22","2.38"
"DGS3","2022-03-23","2.32"
"DGS3","2022-03-24","2.35"
"DGS3","2022-03-25","2.51"
"DGS3","2022-03-28","2.55"
"DGS3","2022-03-29","2.54"
"DGS3","2022-03-30","2.49"
"DGS3","2022-03-31","2.45"
"DGS3","2022-04-01","2.61"
"DGS3","2022-04-04","2.61"
"DGS3","2022-04-05","2.69"
"DGS3","2022-04-06","2.67"
"DGS3","2022-04-07","2.66"
"DGS3","2022-04-08","2.73"
"DGS3","2022-04-11","2.73"
"DGS3","2022-04-12","2.58"
"DGS3","2022-04-13","2.57"
"DGS3","2022-04-14","2.67"
"DGS3","2022-04-15","."
"DGS3","2022-04-18","2.68"
"DGS3","2022-04-19","2.81"
"DGS3","2022-04-20","2.79"
"DGS3","2022-04-21","2.87"
"DGS3","2022-04-22","2.88"
"DGS3","2022-04-25","2.79"
"DGS3","2022-04-26","2.72"
"DGS3","2022-04-27","2.75"
"DGS3","2022-04-28","2.80"
"DGS3","2022-04-29","2.87"
"DGS3","2022-05-02","2.93"
"DGS3","2022-05-03","2.95"
"DGS3","2022-05-04","2.85"
"DGS3","2022-05-05","2.91"
"DGS3","2022-05-06","2.94"
"DGS3","2022-05-09","2.81"
"DGS3","2022-05-10","2.81"
"DGS3","2022-05-11","2.81"
"DGS3","2022-05-12","2.73"
"DGS3","2022-05-13","2.79"
"DGS3","2022-05-16","2.75"
"DGS3","2022-05-17","2.89"
"DGS3","2022-05-18","2.84"
"DGS3","2022-05-19","2.78"
"DGS3","2022-05-20","2.73"
"DGS3","2022-05-23","2.80"
"DGS3","2022-05-24","2.66"
"DGS3","2022-05-25","2.63"
"DGS3","2022-05-26","2.63"
"DGS3","2022-05-27","2.64"
"DGS3","2022-05-30","."
"DGS3","2022-05-31","2.71"
"DGS3","2022-06-01","2.84"
"DGS3","2022-06-02","2.83"
"DGS3","2022-06-03","2.87"
"DGS3","2022-06-06","2.94"
"DGS3","2022-06-07","2.91"
"DGS3","2022-06-08","2.94"
"DGS3","2022-06-09","2.99"
"DGS3","2022-06-10","3.21"
"DGS3","2022-06-13","3.56"
"DGS3","2022-06-14","3.60"
"DGS3","2022-06-15","3.35"
"DGS3","2022-06-16","3.33"
"DGS3","2022-06-17","3.35"
"DGS3","2022-06-20","."
"DGS3","2022-06-21","3.35"
"DGS3","2022-06-22","3.20"
"DGS3","2022-06-23","3.12"
"DGS3","2022-06-24","3.13"
"DGS3","2022-06-27","3.21"
"DGS3","2022-06-28","3.21"
"DGS3","2022-06-29","3.13"
"DGS3","2022-06-30","2.99"
"DGS3","2022-07-01","2.85"
"DGS3","2022-07-04","."
"DGS3","2022-07-05","2.82"
"DGS3","2022-07-06","2.99"
"DGS3","2022-07-07","3.05"
"DGS3","2022-07-08","3.14"
"DGS3","2022-07-11","3.09"
"DGS3","2022-07-12","3.07"
"DGS3","2022-07-13","3.14"
"DGS3","2022-07-14","3.16"
"DGS3","2022-07-15","3.14"
"DGS3","2022-07-18","3.15"
"DGS3","2022-07-19","3.22"
"DGS3","2022-07-20","3.25"
"DGS3","2022-07-21","3.07"
"DGS3","2022-07-22","2.93"
"DGS3","2022-07-25","2.98"
"DGS3","2022-07-26","3.01"
"DGS3","2022-07-27","2.93"
"DGS3","2022-07-28","2.81"
"DGS3","2022-07-29","2.83"
"DGS3","2022-08-01","2.82"
"DGS3","2022-08-02","3.02"
"DGS3","2022-08-03","3.04"
"DGS3","2022-08-04","2.95"
"DGS3","2022-08-05","3.18"
"DGS3","2022-08-08","3.14"
"DGS3","2022-08-09","3.20"
"DGS3","2022-08-10","3.13"
"DGS3","2022-08-11","3.16"
"DGS3","2022-08-12","3.18"
"DGS3","2022-08-15","3.14"
"DGS3","2022-08-16","3.19"
"DGS3","2022-08-17","3.27"
"DGS3","2022-08-18","3.23"
"DGS3","2022-08-19","3.28"
"DGS3","2022-08-22","3.36"
"DGS3","2022-08-23","3.35"
"DGS3","2022-08-24","3.40"
"DGS3","2022-08-25","3.37"
"DGS3","2022-08-26","3.40"
"DGS3","2022-08-29","3.45"
"DGS3","2022-08-30","3.47"
"DGS3","2022-08-31","3.46"
"DGS3","2022-09-01","3.54"
"DGS3","2022-09-02","3.44"
"DGS3","2022-09-05","."
"DGS3","2022-09-06","3.55"
"DGS3","2022-09-07","3.50"
"DGS3","2022-09-08","3.54"
"DGS3","2022-09-09","3.61"
"DGS3","2022-09-12","3.60"
"DGS3","2022-09-13","3.75"
"DGS3","2022-09-14","3.79"
"DGS3","2022-09-15","3.85"
"DGS3","2022-09-16","3.81"
"DGS3","2022-09-19","3.90"
"DGS3","2022-09-20","3.94"
"DGS3","2022-09-21","3.98"
"DGS3","2022-09-22","4.12"
"DGS3","2022-09-23","4.21"
"DGS3","2022-09-26","4.37"
"DGS3","2022-09-27","4.39"
"DGS3","2022-09-28","4.12"
"DGS3","2022-09-29","4.19"
"DGS3","2022-09-30","4.25"
"DGS3","2022-10-03","4.12"
"DGS3","2022-10-04","4.08"
"DGS3","2022-10-05","4.17"
"DGS3","2022-10-06","4.24"
"DGS3","2022-10-07","4.33"
"DGS3","2022-10-10","."
"DGS3","2022-10-11","4.31"
"DGS3","2022-10-12","4.29"
"DGS3","2022-10-13","4.44"
"DGS3","2022-10-14","4.47"
"DGS3","2022-10-17","4.45"
"DGS3","2022-10-18","4.43"
"DGS3","2022-10-19","4.56"
"DGS3","2022-10-20","4.66"
"DGS3","2022-10-21","4.52"
"DGS3","2022-10-24","4.52"
"DGS3","2022-10-25","4.45"
"DGS3","2022-10-26","4.41"
"DGS3","2022-10-27","4.29"
"DGS3","2022-10-28","4.38"
"DGS3","2022-10-31","4.45"
"DGS3","2022-11-01","4.48"
"DGS3","2022-11-02","4.54"
"DGS3","2022-11-03","4.63"
"DGS3","2022-11-04","4.58"
"DGS3","2022-11-07","4.63"
"DGS3","2022-11-08","4.55"
"DGS3","2022-11-09","4.49"
"DGS3","2022-11-10","4.17"
"DGS3","2022-11-11","."
"DGS3","2022-11-14","4.24"
"DGS3","2022-11-15","4.17"
"DGS3","2022-11-16","4.13"
"DGS3","2022-11-17","4.22"
"DGS3","2022-11-18","4.28"
"DGS3","2022-11-21","4.32"
"DGS3","2022-11-22","4.27"
"DGS3","2022-11-23","4.23"
"DGS3","2022-11-24","."
"DGS3","2022-11-25","4.20"
"DGS3","2022-11-28","4.22"
"DGS3","2022-11-29","4.24"
"DGS3","2022-11-30","4.13"
"DGS3","2022-12-01","3.98"
"DGS3","2022-12-02","3.99"
"DGS3","2022-12-05","4.13"
"DGS3","2022-12-06","4.07"
"DGS3","2022-12-07","3.97"
"DGS3","2022-12-08","4.04"
"DGS3","2022-12-09","4.07"
"DGS3","2022-12-12","4.10"
"DGS3","2022-12-13","3.96"
"DGS3","2022-12-14","3.94"
"DGS3","2022-12-15","3.96"
"DGS3","2022-12-16","3.91"
"DGS3","2022-12-19","3.99"
"DGS3","2022-12-20","4.03"
"DGS3","2022-12-21","4.00"
"DGS3","2022-12-22","4.02"
"DGS3","2022-12-23","4.09"
"DGS3","2022-12-26","."
"DGS3","2022-12-27","4.17"
"DGS3","2022-12-28","4.18"
"DGS3","2022-12-29","4.16"
"DGS3","2022-12-30","4.22"
"DGS3","2023-01-02","."
"DGS3","2023-01-03","4.18"
"DGS3","2023-01-04","4.11"
"DGS3","2023-01-05","4.18"
"DGS3","2023-01-06","3.96"
"DGS3","2023-01-09","3.93"
"DGS3","2023-01-10","3.94"
"DGS3","2023-01-11","3.90"
"DGS3","2023-01-12","3.79"
"DGS3","2023-01-13","3.88"
"DGS3","2023-01-16","."
"DGS3","2023-01-17","3.86"
"DGS3","2023-01-18","3.72"
"DGS3","2023-01-19","3.76"
"DGS3","2023-01-20","3.83"
"DGS3","2023-01-23","3.88"
"DGS3","2023-01-24","3.86"
"DGS3","2023-01-25","3.84"
"DGS3","2023-01-26","3.88"
"DGS3","2023-01-27","3.90"
"DGS3","2023-01-30","3.96"
"DGS3","2023-01-31","3.90"
"DGS3","2023-02-01","3.75"
"DGS3","2023-02-02","3.75"
"DGS3","2023-02-03","3.96"
"DGS3","2023-02-06","4.10"
"DGS3","2023-02-07","4.11"
"DGS3","2023-02-08","4.08"
"DGS3","2023-02-09","4.15"
"DGS3","2023-02-10","4.19"
"DGS3","2023-02-13","4.22"
"DGS3","2023-02-14","4.32"
"DGS3","2023-02-15","4.35"
"DGS3","2023-02-16","4.35"
"DGS3","2023-02-17","4.33"
"DGS3","2023-02-20","."
"DGS3","2023-02-21","4.44"
"DGS3","2023-02-22","4.43"
"DGS3","2023-02-23","4.40"
"DGS3","2023-02-24","4.52"
"DGS3","2023-02-27","4.49"
"DGS3","2023-02-28","4.51"
"DGS3","2023-03-01","4.61"
"DGS3","2023-03-02","4.63"
"DGS3","2023-03-03","4.60"
"DGS3","2023-03-06","4.61"
"DGS3","2023-03-07","4.66"
"DGS3","2023-03-08","4.71"
"DGS3","2023-03-09","4.56"
"DGS3","2023-03-10","4.31"
"DGS3","2023-03-13","3.88"
"DGS3","2023-03-14","4.05"
"DGS3","2023-03-15","3.83"
"DGS3","2023-03-16","3.99"
"DGS3","2023-03-17","3.68"
"DGS3","2023-03-20","3.77"
"DGS3","2023-03-21","3.98"
"DGS3","2023-03-22","3.76"
"DGS3","2023-03-23","3.57"
"DGS3","2023-03-24","3.58"
"DGS3","2023-03-27","3.79"
"DGS3","2023-03-28","3.84"
"DGS3","2023-03-29","3.87"
"DGS3","2023-03-30","3.87"
"DGS3","2023-03-31","3.81"
"DGS3","2023-04-03","3.73"
"DGS3","2023-04-04","3.60"
"DGS3","2023-04-05","3.55"
"DGS3","2023-04-06","3.59"
"DGS3","2023-04-07","3.72"
"DGS3","2023-04-10","3.75"
"DGS3","2023-04-11","3.76"
"DGS3","2023-04-12","3.68"
"DGS3","2023-04-13","3.70"
"DGS3","2023-04-14","3.83"
"DGS3","2023-04-17","3.92"
"DGS3","2023-04-18","3.92"
"DGS3","2023-04-19","3.97"
"DGS3","2023-04-20","3.87"
"DGS3","2023-04-21","3.89"
"DGS3","2023-04-24","3.84"
"DGS3","2023-04-25","3.62"
"DGS3","2023-04-26","3.65"
"DGS3","2023-04-27","3.82"
"DGS3","2023-04-28","3.75"
"DGS3","2023-05-01","3.85"
"DGS3","2023-05-02","3.67"
"DGS3","2023-05-03","3.58"
"DGS3","2023-05-04","3.47"
"DGS3","2023-05-05","3.63"
"DGS3","2023-05-08","3.70"
"DGS3","2023-05-09","3.67"
"DGS3","2023-05-10","3.55"
"DGS3","2023-05-11","3.56"
"DGS3","2023-05-12","3.65"
"DGS3","2023-05-15","3.67"
"DGS3","2023-05-16","3.74"
"DGS3","2023-05-17","3.80"
"DGS3","2023-05-18","3.94"
"DGS3","2023-05-19","3.98"
"DGS3","2023-05-22","3.98"
"DGS3","2023-05-23","3.99"
"DGS3","2023-05-24","4.04"
"DGS3","2023-05-25","4.21"
"DGS3","2023-05-26","4.23"
"DGS3","2023-05-29","."
"DGS3","2023-05-30","4.10"
"DGS3","2023-05-31","4.04"
"DGS3","2023-06-01","3.98"
"DGS3","2023-06-02","4.13"
"DGS3","2023-06-05","4.10"
"DGS3","2023-06-06","4.15"
"DGS3","2023-06-07","4.21"
"DGS3","2023-06-08","4.17"
"DGS3","2023-06-09","4.23"
"DGS3","2023-06-12","4.16"
"DGS3","2023-06-13","4.30"
"DGS3","2023-06-14","4.37"
"DGS3","2023-06-15","4.23"
"DGS3","2023-06-16","4.32"
"DGS3","2023-06-19","."
"DGS3","2023-06-20","4.29"
"DGS3","2023-06-21","4.29"
"DGS3","2023-06-22","4.37"
"DGS3","2023-06-23","4.32"
"DGS3","2023-06-26","4.30"
"DGS3","2023-06-27","4.38"
"DGS3","2023-06-28","4.32"
"DGS3","2023-06-29","4.49"
"DGS3","2023-06-30","4.49"
"DGS3","2023-07-03","4.56"
"DGS3","2023-07-04","."
"DGS3","2023-07-05","4.59"
"DGS3","2023-07-06","4.68"
"DGS3","2023-07-07","4.64"
"DGS3","2023-07-10","4.54"
"DGS3","2023-07-11","4.52"
"DGS3","2023-07-12","4.36"
"DGS3","2023-07-13","4.21"
"DGS3","2023-07-14","4.35"
"DGS3","2023-07-17","4.34"
"DGS3","2023-07-18","4.35"
"DGS3","2023-07-19","4.34"
"DGS3","2023-07-20","4.43"
"DGS3","2023-07-21","4.44"
"DGS3","2023-07-24","4.48"
"DGS3","2023-07-25","4.53"
"DGS3","2023-07-26","4.47"
"DGS3","2023-07-27","4.58"
"DGS3","2023-07-28","4.52"
"DGS3","2023-07-31","4.51"
"DGS3","2023-08-01","4.57"
"DGS3","2023-08-02","4.54"
"DGS3","2023-08-03","4.58"
"DGS3","2023-08-04","4.45"
"DGS3","2023-08-07","4.44"
"DGS3","2023-08-08","4.36"
"DGS3","2023-08-09","4.41"
"DGS3","2023-08-10","4.47"
"DGS3","2023-08-11","4.56"
"DGS3","2023-08-14","4.64"
"DGS3","2023-08-15","4.64"
"DGS3","2023-08-16","4.68"
"DGS3","2023-08-17","4.67"
"DGS3","2023-08-18","4.63"
"DGS3","2023-08-21","4.70"
"DGS3","2023-08-22","4.75"
"DGS3","2023-08-23","4.64"
"DGS3","2023-08-24","4.69"
"DGS3","2023-08-25","4.72"
"DGS3","2023-08-28","4.69"
"DGS3","2023-08-29","4.56"
"DGS3","2023-08-30","4.57"
"DGS3","2023-08-31","4.54"
"DGS3","2023-09-01","4.57"
"DGS3","2023-09-04","."
"DGS3","2023-09-05","4.65"
"DGS3","2023-09-06","4.73"
"DGS3","2023-09-07","4.66"
"DGS3","2023-09-08","4.68"
"DGS3","2023-09-11","4.64"
"DGS3","2023-09-12","4.66"
"DGS3","2023-09-13","4.64"
"DGS3","2023-09-14","4.68"
"DGS3","2023-09-15","4.72"
"DGS3","2023-09-18","4.74"
"DGS3","2023-09-19","4.79"
"DGS3","2023-09-20","4.82"
"DGS3","2023-09-21","4.85"
"DGS3","2023-09-22","4.80"
"DGS3","2023-09-25","4.83"
"DGS3","2023-09-26","4.84"
"DGS3","2023-09-27","4.89"
"DGS3","2023-09-28","4.83"
"DGS3","2023-09-29","4.80"
"DGS3","2023-10-02","4.88"
"DGS3","2023-10-03","4.95"
"DGS3","2023-10-04","4.85"
"DGS3","2023-10-05","4.82"
"DGS3","2023-10-06","4.87"
"DGS3","2023-10-09","."
"DGS3","2023-10-10","4.74"
"DGS3","2023-10-11","4.73"
"DGS3","2023-10-12","4.82"
"DGS3","2023-10-13","4.80"
"DGS3","2023-10-16","4.87"
"DGS3","2023-10-17","5.01"
"DGS3","2023-10-18","5.03"
"DGS3","2023-10-19","5.01"
"DGS3","2023-10-20","4.93"
"DGS3","2023-10-23","4.89"
"DGS3","2023-10-24","4.91"
"DGS3","2023-10-25","4.98"
"DGS3","2023-10-26","4.89"
"DGS3","2023-10-27","4.84"
"DGS3","2023-10-30","4.87"
"DGS3","2023-10-31","4.90"
"DGS3","2023-11-01","4.76"
"DGS3","2023-11-02","4.78"
"DGS3","2023-11-03","4.62"
"DGS3","2023-11-06","4.72"
"DGS3","2023-11-07","4.64"
"DGS3","2023-11-08","4.65"
"DGS3","2023-11-09","4.77"
"DGS3","2023-11-10","4.80"
"DGS3","2023-11-13","4.80"
"DGS3","2023-11-14","4.56"
"DGS3","2023-11-15","4.68"
"DGS3","2023-11-16","4.59"
"DGS3","2023-11-17","4.64"
"DGS3","2023-11-20","4.62"
"DGS3","2023-11-21","4.60"
"DGS3","2023-11-22","4.62"
"DGS3","2023-11-23","."
"DGS3","2023-11-24","4.67"
"DGS3","2023-11-27","4.60"
"DGS3","2023-11-28","4.49"
"DGS3","2023-11-29","4.40"
"DGS3","2023-11-30","4.48"
"DGS3","2023-12-01","4.31"
"DGS3","2023-12-04","4.40"
"DGS3","2023-12-05","4.33"
"DGS3","2023-12-06","4.33"
"DGS3","2023-12-07","4.31"
"DGS3","2023-12-08","4.45"
"DGS3","2023-12-11","4.42"
"DGS3","2023-12-12","4.42"
"DGS3","2023-12-13","4.18"
"DGS3","2023-12-14","4.09"
"DGS3","2023-12-15","4.13"
"DGS3","2023-12-18","4.15"
"DGS3","2023-12-19","4.15"
"DGS3","2023-12-20","4.06"
"DGS3","2023-12-21","4.06"
"DGS3","2023-12-22","4.04"
"DGS3","2023-12-25","."
"DGS3","2023-12-26","4.05"
"DGS3","2023-12-27","3.97"
"DGS3","2023-12-28","4.02"
"DGS3","2023-12-29","4.01"
"DGS3","2024-01-01","."
"DGS3","2024-01-02","4.09"
"DGS3","2024-01-03","4.07"
"DGS3","2024-01-04","4.14"
"DGS3","2024-01-05","4.17"
"DGS3","2024-01-08","4.11"
"DGS3","2024-01-09","4.09"
"DGS3","2024-01-10","4.10"
"DGS3","2024-01-11","4.02"
"DGS3","2024-01-12","3.92"
"DGS3","2024-01-15","."
"DGS3","2024-01-16","4.02"
"DGS3","2024-01-17","4.12"
"DGS3","2024-01-18","4.13"
"DGS3","2024-01-19","4.18"
"DGS3","2024-01-22","4.14"
"DGS3","2024-01-23","4.16"
"DGS3","2024-01-24","4.19"
"DGS3","2024-01-25","4.12"
"DGS3","2024-01-26","4.15"
"DGS3","2024-01-29","4.10"
"DGS3","2024-01-30","4.14"
"DGS3","2024-01-31","4.05"
"DGS3","2024-02-01","3.96"
"DGS3","2024-02-02","4.14"
"DGS3","2024-02-05","4.27"
"DGS3","2024-02-06","4.14"
"DGS3","2024-02-07","4.16"
"DGS3","2024-02-08","4.22"
"DGS3","2024-02-09","4.25"
"DGS3","2024-02-12","4.25"
"DGS3","2024-02-13","4.44"
"DGS3","2024-02-14","4.38"
"DGS3","2024-02-15","4.36"
"DGS3","2024-02-16","4.43"
"DGS3","2024-02-19","."
"DGS3","2024-02-20","4.38"
"DGS3","2024-02-21","4.43"
"DGS3","2024-02-22","4.49"
"DGS3","2024-02-23","4.45"
"DGS3","2024-02-26","4.48"
"DGS3","2024-02-27","4.5"
"DGS3","2024-02-28","4.44"
"DGS3","2024-02-29","4.43"
"DGS3","2024-03-01","4.32"
"DGS3","2024-03-04","4.39"
"DGS3","2024-03-05","4.32"
"DGS3","2024-03-06","4.32"
"DGS3","2024-03-07","4.28"
"DGS3","2024-03-08","4.25"
"DGS3","2024-03-11","4.26"
"DGS3","2024-03-12","4.33"
"DGS3","2024-03-13","4.37"
"DGS3","2024-03-14","4.46"
"DGS3","2024-03-15","4.51"
"DGS3","2024-03-18","4.52"
"DGS3","2024-03-19","4.47"
"DGS3","2024-03-20","4.41"
"DGS3","2024-03-21","4.42"
"DGS3","2024-03-22","4.36"
"DGS3","2024-03-25","4.39"
"DGS3","2024-03-26","4.38"
"DGS3","2024-03-27","4.36"
"DGS3","2024-03-28","4.4"
"DGS3","2024-03-29","."
"DGS3","2024-04-01","4.51"
"DGS3","2024-04-02","4.51"
"DGS3","2024-04-03","4.48"
"DGS3","2024-04-04","4.46"
"DGS3","2024-04-05","4.54"
"DGS3","2024-04-08","4.6"
"DGS3","2024-04-09","4.52"
"DGS3","2024-04-10","4.77"
"DGS3","2024-04-11","4.77"
"DGS3","2024-04-12","4.7"
"DGS3","2024-04-15","4.78"
"DGS3","2024-04-16","4.83"
"DGS3","2024-04-17","4.77"
"DGS3","2024-04-18","4.83"
"DGS3","2024-04-19","4.81"
"DGS3","2024-04-22","4.81"
"DGS3","2024-04-23","4.76"
"DGS3","2024-04-24","4.78"
"DGS3","2024-04-25","4.85"
"DGS3","2024-04-26","4.84"
"DGS3","2024-04-29","4.8"
"DGS3","2024-04-30","4.87"
"DGS3","2024-05-01","4.79"
"DGS3","2024-05-02","4.71"
"DGS3","2024-05-03","4.63"
"DGS3","2024-05-06","4.64"
"DGS3","2024-05-07","4.6"
"DGS3","2024-05-08","4.63"
"DGS3","2024-05-09","4.6"
"DGS3","2024-05-10","4.65"
"DGS3","2024-05-13","4.66"
"DGS3","2024-05-14","4.62"
"DGS3","2024-05-15","4.51"
"DGS3","2024-05-16","4.58"
"DGS3","2024-05-17","4.6"
"DGS3","2024-05-20","4.62"
"DGS3","2024-05-21","4.61"
"DGS3","2024-05-22","4.64"
"DGS3","2024-05-23","4.71"
"DGS3","2024-05-24","4.71"
"DGS3","2024-05-27","."
"DGS3","2024-05-28","4.75"
"DGS3","2024-05-29","4.79"
"DGS3","2024-05-30","4.74"
"DGS3","2024-05-31","4.69"
"DGS3","2024-06-03","4.62"
"DGS3","2024-06-04","4.55"
"DGS3","2024-06-05","4.5"
"DGS3","2024-06-06","4.49"
"DGS3","2024-06-07","4.65"
"DGS3","2024-06-10","4.62"
"DGS3","2024-06-11","4.57"
"DGS3","2024-06-12","4.48"
"DGS3","2024-06-13","4.42"
"DGS3","2024-06-14","4.41"
"DGS3","2024-06-17","4.5"
"DGS3","2024-06-18","4.43"
"DGS3","2024-06-19","."
"DGS3","2024-06-20","4.45"
"DGS3","2024-06-21","4.45"
"DGS3","2024-06-24","4.46"
"DGS3","2024-06-25","4.45"
"DGS3","2024-06-26","4.53"
"DGS3","2024-06-27","4.49"
"DGS3","2024-06-28","4.52"
"DGS3","2024-07-01","4.58"
"DGS3","2024-07-02","4.54"
"DGS3","2024-07-03","4.48"
"DGS3","2024-07-04","."
"DGS3","2024-07-05","4.39"
"DGS3","2024-07-08","4.4"
"DGS3","2024-07-09","4.37"
"DGS3","2024-07-10","4.38"
"DGS3","2024-07-11","4.26"
"DGS3","2024-07-12","4.22"
"DGS3","2024-07-15","4.23"
"DGS3","2024-07-16","4.21"
"DGS3","2024-07-17","4.19"
"DGS3","2024-07-18","4.24"
"DGS3","2024-07-19","4.28"
"DGS3","2024-07-22","4.29"
"DGS3","2024-07-23","4.26"
"DGS3","2024-07-24","4.24"
"DGS3","2024-07-25","4.26"
"DGS3","2024-07-26","4.2"
"DGS3","2024-07-29","4.19"
"DGS3","2024-07-30","4.16"
"DGS3","2024-07-31","4.1"
"DGS3","2024-08-01","3.96"
"DGS3","2024-08-02","3.7"
"DGS3","2024-08-05","3.71"
"DGS3","2024-08-06","3.76"
"DGS3","2024-08-07","3.81"
"DGS3","2024-08-08","3.86"
"DGS3","2024-08-09","3.86"
"DGS3","2024-08-12","3.82"
"DGS3","2024-08-13","3.75"
"DGS3","2024-08-14","3.76"
"DGS3","2024-08-15","3.9"
"DGS3","2024-08-16","3.87"
"DGS3","2024-08-19","3.86"
"DGS3","2024-08-20","3.8"
"DGS3","2024-08-21","3.74"
"DGS3","2024-08-22","3.82"
"DGS3","2024-08-23","3.73"
"DGS3","2024-08-26","3.74"
"DGS3","2024-08-27","3.72"
"DGS3","2024-08-28","3.72"
"DGS3","2024-08-29","3.76"
"DGS3","2024-08-30","3.79"
"DGS3","2024-09-02","."
"DGS3","2024-09-03","3.73"
"DGS3","2024-09-04","3.63"
"DGS3","2024-09-05","3.61"
"DGS3","2024-09-06","3.54"
"DGS3","2024-09-09","3.54"
"DGS3","2024-09-10","3.42"
"DGS3","2024-09-11","3.45"
"DGS3","2024-09-12","3.47"
"DGS3","2024-09-13","3.42"
"DGS3","2024-09-16","3.42"
"DGS3","2024-09-17","3.45"
"DGS3","2024-09-18","3.49"
"DGS3","2024-09-19","3.47"
"DGS3","2024-09-20","3.46"
"DGS3","2024-09-23","3.47"
"DGS3","2024-09-24","3.44"
"DGS3","2024-09-25","3.49"
"DGS3","2024-09-26","3.54"
"DGS3","2024-09-27","3.49"
"DGS3","2024-09-30","3.58"
"DGS3","2024-10-01","3.52"
"DGS3","2024-10-02","3.54"
"DGS3","2024-10-03","3.62"
"DGS3","2024-10-04","3.84"
"DGS3","2024-10-07","3.89"
"DGS3","2024-10-08","3.86"
"DGS3","2024-10-09","3.89"
"DGS3","2024-10-10","3.88"
"DGS3","2024-10-11","3.85"
"DGS3","2024-10-14","."
"DGS3","2024-10-15","3.86"
"DGS3","2024-10-16","3.84"
"DGS3","2024-10-17","3.89"
"DGS3","2024-10-18","3.86"
"DGS3","2024-10-21","3.95"
"DGS3","2024-10-22","3.98"
"DGS3","2024-10-23","4.03"
"DGS3","2024-10-24","4.02"
"DGS3","2024-10-25","4.05"
"DGS3","2024-10-28","4.09"
"DGS3","2024-10-29","4.08"
"DGS3","2024-10-30","4.14"
"DGS3","2024-10-31","4.12"
"DGS3","2024-11-01","4.18"
"DGS3","2024-11-04","4.1"
"DGS3","2024-11-05","4.11"
"DGS3","2024-11-06","4.2"
"DGS3","2024-11-07","4.13"
"DGS3","2024-11-08","4.18"
"DGS3","2024-11-11","."
"DGS3","2024-11-12","4.29"
"DGS3","2024-11-13","4.25"
"DGS3","2024-11-14","4.3"
"DGS3","2024-11-15","4.27"
"DGS3","2024-11-18","4.25"
"DGS3","2024-11-19","4.24"
"DGS3","2024-11-20","4.26"
"DGS3","2024-11-21","4.3"
"DGS3","2024-11-22","4.32"
"DGS3","2024-11-25","4.21"
"DGS3","2024-11-26","4.21"
"DGS3","2024-11-27","4.17"
"DGS3","2024-11-28","."
"DGS3","2024-11-29","4.1"
"DGS3","2024-12-02","4.11"
"DGS3","2024-12-03","4.13"
"DGS3","2024-12-04","4.09"
"DGS3","2024-12-05","4.1"
"DGS3","2024-12-06","4.05"
"DGS3","2024-12-09","4.09"
"DGS3","2024-12-10","4.08"
"DGS3","2024-12-11","4.09"
"DGS3","2024-12-12","4.14"
"DGS3","2024-12-13","4.21"
"DGS3","2024-12-16","4.22"
"DGS3","2024-12-17","4.22"
"DGS3","2024-12-18","4.35"
"DGS3","2024-12-19","4.35"
"DGS3","2024-12-20","4.32"
"DGS3","2024-12-23","4.36"
"DGS3","2024-12-24","4.36"
"DGS3","2024-12-25","."
"DGS3","2024-12-26","4.35"
"DGS3","2024-12-27","4.36"
"DGS3","2024-12-30","4.29"
"DGS3","2024-12-31","4.27"
"DGS3","2025-01-01","."
"DGS3","2025-01-02","4.29"
"DGS3","2025-01-03","4.32"
"DGS3","2025-01-06","4.3"
"DGS3","2025-01-07","4.33"
"DGS3","2025-01-08","4.31"
"DGS3","2025-01-09","4.31"
"DGS3","2025-01-10","4.46"
"DGS3","2025-01-13","4.49"
"DGS3","2025-01-14","4.46"
"DGS3","2025-01-15","4.34"
"DGS3","2025-01-16","4.29"
"DGS3","2025-01-17","4.33"
"DGS3","2025-01-20","."
"DGS3","2025-01-21","4.33"
"DGS3","2025-01-22","4.34"
"DGS3","2025-01-23","4.35"
"DGS3","2025-01-24","4.33"
"DGS3","2025-01-27","4.24"
"DGS3","2025-01-28","4.25"
"DGS3","2025-01-29","4.27"
"DGS3","2025-01-30","4.24"
"DGS3","2025-01-31","4.27"
"DGS3","2025-02-03","4.28"
"DGS3","2025-02-04","4.25"
"DGS3","2025-02-05","4.19"
"DGS3","2025-02-06","4.23"
"DGS3","2025-02-07","4.31"
"DGS3","2025-02-10","4.3"
"DGS3","2025-02-11","4.28"
"DGS3","2025-02-12","4.37"
"DGS3","2025-02-13","4.31"
"DGS3","2025-02-14","4.26"
"DGS3","2025-02-17","."
"DGS3","2025-02-18","4.33"
"DGS3","2025-02-19","4.3"
"DGS3","2025-02-20","4.27"
"DGS3","2025-02-21","4.19"
"DGS3","2025-02-24","4.17"
"DGS3","2025-02-25","4.08"
"DGS3","2025-02-26","4.04"
"DGS3","2025-02-27","4.05"
"DGS3","2025-02-28","3.99"
"DGS3","2025-03-03","3.93"
"DGS3","2025-03-04","3.94"
"DGS3","2025-03-05","4.01"
"DGS3","2025-03-06","3.98"
"DGS3","2025-03-07","4.01"
"DGS3","2025-03-10","3.91"
"DGS3","2025-03-11","3.92"
"DGS3","2025-03-12","3.98"
"DGS3","2025-03-13","3.93"
"DGS3","2025-03-14","4.0"
"DGS3","2025-03-17","4.03"
"DGS3","2025-03-18","4.01"
"DGS3","2025-03-19","3.95"
"DGS3","2025-03-20","3.93"
"DGS3","2025-03-21","3.92"
"DGS3","2025-03-24","4.01"
"DGS3","2025-03-25","3.98"
"DGS3","2025-03-26","4.01"
"DGS3","2025-03-27","4.0"
"DGS3","2025-03-28","3.91"
"DGS3","2025-03-31","3.89"
"DGS3","2025-04-01","3.85"
"DGS3","2025-04-02","3.89"
"DGS3","2025-04-03","3.68"
"DGS3","2025-04-04","3.66"
"DGS3","2025-04-07","3.72"
"DGS3","2025-04-08","3.71"
"DGS3","2025-04-09","3.91"
"DGS3","2025-04-10","3.85"
"DGS3","2025-04-11","3.98"
"DGS3","2025-04-14","3.87"
"DGS3","2025-04-15","3.85"
"DGS3","2025-04-16","3.77"
"DGS3","2025-04-17","3.82"
"DGS3","2025-04-18","."
"DGS3","2025-04-21","3.77"
"DGS3","2025-04-22","3.82"
"DGS3","2025-04-23","3.87"
"DGS3","2025-04-24","3.8"
"DGS3","2025-04-25","3.76"
"DGS3","2025-04-28","3.67"
"DGS3","2025-04-29","3.65"
"DGS3","2025-04-30","3.58"
"DGS3","2025-05-01","3.69"
"DGS3","2025-05-02","3.82"
"DGS3","2025-05-05","3.78"
"DGS3","2025-05-06","3.73"
"DGS3","2025-05-07","3.72"
"DGS3","2025-05-08","3.85"
"DGS3","2025-05-09","3.85"
"DGS3","2025-05-12","3.97"
"DGS3","2025-05-13","4.0"
"DGS3","2025-05-14","4.05"
"DGS3","2025-05-15","3.95"
"DGS3","2025-05-16","3.95"
"DGS3","2025-05-19","3.95"
"DGS3","2025-05-20","3.95"
"DGS3","2025-05-21","4.0"
"DGS3","2025-05-22","3.99"
"DGS3","2025-05-23","3.96"
"DGS3","2025-05-26","."
"DGS3","2025-05-27","3.93"
"DGS3","2025-05-28","3.95"
"DGS3","2025-05-29","3.91"
"DGS3","2025-05-30","3.87"
"DGS3","2025-06-02","3.91"
"DGS3","2025-06-03","3.93"
"DGS3","2025-06-04","3.84"
"DGS3","2025-06-05","3.9"
"DGS3","2025-06-06","4.02"
"DGS3","2025-06-09","3.99"
"DGS3","2025-06-10","3.95"
"DGS3","2025-06-11","3.89"
"DGS3","2025-06-12","3.85"
"DGS3","2025-06-13","3.9"
"DGS3","2025-06-16","3.93"
"DGS3","2025-06-17","3.9"
"DGS3","2025-06-18","3.89"
"DGS3","2025-06-19","."
"DGS3","2025-06-20","3.86"
"DGS3","2025-06-23","3.8"
"DGS3","2025-06-24","3.75"
"DGS3","2025-06-25","3.74"
"DGS3","2025-06-26","3.68"
"DGS3","2025-06-27","3.72"
"DGS3","2025-06-30","3.68"
"DGS3","2025-07-01","3.75"
"DGS3","2025-07-02","3.77"
"DGS3","2025-07-03","3.84"
"DGS3","2025-07-04","."
"DGS3","2025-07-07","3.85"
"DGS3","2025-07-08","3.86"
"DGS3","2025-07-09","3.8"
"DGS3","2025-07-10","3.82"
"DGS3","2025-07-11","3.86"
"DGS3","2025-07-14","3.86"
"DGS3","2025-07-15","3.93"
"DGS3","2025-07-16","3.86"
"DGS3","2025-07-17","3.89"
"DGS3","2025-07-18","3.84"
"DGS3","2025-07-21","3.81"
"DGS3","2025-07-22","3.77"
"DGS3","2025-07-23","3.84"
"DGS3","2025-07-24","3.87"
"DGS3","2025-07-25","3.86"
"DGS3","2025-07-28","3.87"
"DGS3","2025-07-29","3.82"
"DGS3","2025-07-30","3.89"
"DGS3","2025-07-31","3.89"
"DGS3","2025-08-01","3.67"
"DGS3","2025-08-04","3.66"
"DGS3","2025-08-05","3.63"
"DGS3","2025-08-06","3.63"
"DGS3","2025-08-07","3.66"
"DGS3","2025-08-08","3.7"
"DGS3","2025-08-11","3.71"
"DGS3","2025-08-12","3.69"
"DGS3","2025-08-13","3.64"
"DGS3","2025-08-14","3.7"
"DGS3","2025-08-15","3.73"
"DGS3","2025-08-18","3.73"
"DGS3","2025-08-19","3.7"
"DGS3","2025-08-20","3.69"
"DGS3","2025-08-21","3.75"
"DGS3","2025-08-22","3.64"
"DGS3","2025-08-25","3.68"
"DGS3","2025-08-26","3.63"
"DGS3","2025-08-27","3.59"
"DGS3","2025-08-28","3.6"
"DGS3","2025-08-29","3.58"
"DGS3","2025-09-01","."
"DGS3","2025-09-02","3.63"
"DGS3","2025-09-03","3.58"
"DGS3","2025-09-04","3.55"
"DGS3","2025-09-05","3.48"
"DGS3","2025-09-08","3.47"
"DGS3","2025-09-09","3.48"
"DGS3","2025-09-10","3.47"
"DGS3","2025-09-11","3.47"
"DGS3","2025-09-12","3.52"
"DGS3","2025-09-15","3.5"
"DGS3","2025-09-16","3.47"
"DGS3","2025-09-17","3.51"
"DGS3","2025-09-18","3.55"
"DGS3","2025-09-19","3.56"
"DGS3","2025-09-22","3.59"
"DGS3","2025-09-23","3.57"
"DGS3","2025-09-24","3.6"
"DGS3","2025-09-25","3.66"
"DGS3","2025-09-26","3.66"
"DGS3","2025-09-29","3.63"
"DGS3","2025-09-30","3.61"
"DGS3","2025-10-01","3.56"
"DGS3","2025-10-02","3.56"
"DGS3","2025-10-03","3.59"
"DGS3","2025-10-06","3.63"
"DGS3","2025-10-07","3.56"
"DGS3","2025-10-08","3.58"
"DGS3","2025-10-09","3.59"
"DGS3","2025-10-10","3.52"
"DGS3","2025-10-13","."
"DGS3","2025-10-14","3.47"
"DGS3","2025-10-15","3.51"
"DGS3","2025-10-16","3.42"
"DGS3","2025-10-17","3.47"
"DGS3","2025-10-20","3.47"
"DGS3","2025-10-21","3.46"
"DGS3","2025-10-22","3.44"
"DGS3","2025-10-23","3.49"
"DGS3","2025-10-24","3.49"
"DGS3","2025-10-27","3.5"
"DGS3","2025-10-28","3.5"
"DGS3","2025-10-29","3.6"
"DGS3","2025-10-30","3.61"
"DGS3","2025-10-31","3.6"
"DGS3","2025-11-03","3.61"
"DGS3","2025-11-04","3.59"
"DGS3","2025-11-05","3.65"
"DGS3","2025-11-06","3.58"
"DGS3","2025-11-07","3.57"
"DGS3","2025-11-10","3.56"
"DGS3","2025-11-11","."
"DGS3","2025-11-12","3.55"
"DGS3","2025-11-13","3.57"
"DGS3","2025-11-14","3.61"
"DGS3","2025-11-17","3.6"
"DGS3","2025-11-18","3.58"
"DGS3","2025-11-19","3.59"
"DGS3","2025-11-20","3.56"
"DGS3","2025-11-21","3.5"
"DGS3","2025-11-24","3.49"
"DGS3","2025-11-25","3.46"
"DGS3","2025-11-26","3.47"
"DGS3","2025-11-27","."
"DGS3","2025-11-28","3.49"
"DGS3","2025-12-01","3.55"
"DGS3","2025-12-02","3.54"
"DGS3","2025-12-03","3.5"
"DGS3","2025-12-04","3.55"
"DGS3","2025-12-05","3.59"
"DGS3","2025-12-08","3.59"
"DGS3","2025-12-09","3.62"
"DGS3","2025-12-10","3.56"
"DGS3","2025-12-11","3.55"
"DGS3","2025-12-12","3.58"
"DGS3","2025-12-15","3.56"
"DGS3","2025-12-16","3.52"
"DGS3","2025-12-17","3.53"
"DGS3","2025-12-18","3.5"
"DGS3","2025-12-19","3.53"
"DGS3","2025-12-22","3.56"
"DGS3","2025-12-23","3.58"
"DGS3","2025-12-24","3.56"
"DGS3","2025-12-25","."
"DGS3","2025-12-26","3.54"
"DGS3","2025-12-29","3.51"
"DGS3","2025-12-30","3.5"
"DGS3","2025-12-31","3.55"
"DGS5","2018-01-01","."
"DGS5","2018-01-02","2.25"
"DGS5","2018-01-03","2.25"
"DGS5","2018-01-04","2.27"
"DGS5","2018-01-05","2.29"
"DGS5","2018-01-08","2.29"
"DGS5","2018-01-09","2.33"
"DGS5","2018-01-10","2.32"
"DGS5","2018-01-11","2.32"
"DGS5","2018-01-12","2.35"
"DGS5","2018-01-15","."
"DGS5","2018-01-16","2.36"
"DGS5","2018-01-17","2.39"
"DGS5","2018-01-18","2.43"
"DGS5","2018-01-19","2.45"
"DGS5","2018-01-22","2.46"
"DGS5","2018-01-23","2.43"
"DGS5","2018-01-24","2.43"
"DGS5","2018-01-25","2.41"
"DGS5","2018-01-26","2.47"
"DGS5","2018-01-29","2.49"
"DGS5","2018-01-30","2.51"
"DGS5","2018-01-31","2.52"
"DGS5","2018-02-01","2.56"
"DGS5","2018-02-02","2.58"
"DGS5","2018-02-05","2.50"
"DGS5","2018-02-06","2.52"
"DGS5","2018-02-07","2.57"
"DGS5","2018-02-08","2.57"
"DGS5","2018-02-09","2.52"
"DGS5","2018-02-12","2.56"
"DGS5","2018-02-13","2.54"
"DGS5","2018-02-14","2.65"
"DGS5","2018-02-15","2.65"
"DGS5","2018-02-16","2.63"
"DGS5","2018-02-19","."
"DGS5","2018-02-20","2.65"
"DGS5","2018-02-21","2.69"
"DGS5","2018-02-22","2.66"
"DGS5","2018-02-23","2.62"
"DGS5","2018-02-26","2.60"
"DGS5","2018-02-27","2.67"
"DGS5","2018-02-28","2.65"
"DGS5","2018-03-01","2.58"
"DGS5","2018-03-02","2.63"
"DGS5","2018-03-05","2.65"
"DGS5","2018-03-06","2.65"
"DGS5","2018-03-07","2.65"
"DGS5","2018-03-08","2.63"
"DGS5","2018-03-09","2.65"
"DGS5","2018-03-12","2.64"
"DGS5","2018-03-13","2.62"
"DGS5","2018-03-14","2.61"
"DGS5","2018-03-15","2.62"
"DGS5","2018-03-16","2.65"
"DGS5","2018-03-19","2.65"
"DGS5","2018-03-20","2.69"
"DGS5","2018-03-21","2.69"
"DGS5","2018-03-22","2.63"
"DGS5","2018-03-23","2.61"
"DGS5","2018-03-26","2.64"
"DGS5","2018-03-27","2.58"
"DGS5","2018-03-28","2.59"
"DGS5","2018-03-29","2.56"
"DGS5","2018-03-30","."
"DGS5","2018-04-02","2.55"
"DGS5","2018-04-03","2.60"
"DGS5","2018-04-04","2.61"
"DGS5","2018-04-05","2.64"
"DGS5","2018-04-06","2.58"
"DGS5","2018-04-09","2.60"
"DGS5","2018-04-10","2.62"
"DGS5","2018-04-11","2.62"
"DGS5","2018-04-12","2.67"
"DGS5","2018-04-13","2.67"
"DGS5","2018-04-16","2.69"
"DGS5","2018-04-17","2.68"
"DGS5","2018-04-18","2.73"
"DGS5","2018-04-19","2.77"
"DGS5","2018-04-20","2.80"
"DGS5","2018-04-23","2.83"
"DGS5","2018-04-24","2.83"
"DGS5","2018-04-25","2.84"
"DGS5","2018-04-26","2.82"
"DGS5","2018-04-27","2.80"
"DGS5","2018-04-30","2.79"
"DGS5","2018-05-01","2.82"
"DGS5","2018-05-02","2.80"
"DGS5","2018-05-03","2.78"
"DGS5","2018-05-04","2.78"
"DGS5","2018-05-07","2.78"
"DGS5","2018-05-08","2.81"
"DGS5","2018-05-09","2.84"
"DGS5","2018-05-10","2.83"
"DGS5","2018-05-11","2.84"
"DGS5","2018-05-14","2.85"
"DGS5","2018-05-15","2.92"
"DGS5","2018-05-16","2.94"
"DGS5","2018-05-17","2.94"
"DGS5","2018-05-18","2.90"
"DGS5","2018-05-21","2.90"
"DGS5","2018-05-22","2.90"
"DGS5","2018-05-23","2.83"
"DGS5","2018-05-24","2.82"
"DGS5","2018-05-25","2.76"
"DGS5","2018-05-28","."
"DGS5","2018-05-29","2.58"
"DGS5","2018-05-30","2.67"
"DGS5","2018-05-31","2.68"
"DGS5","2018-06-01","2.74"
"DGS5","2018-06-04","2.78"
"DGS5","2018-06-05","2.76"
"DGS5","2018-06-06","2.81"
"DGS5","2018-06-07","2.77"
"DGS5","2018-06-08","2.77"
"DGS5","2018-06-11","2.80"
"DGS5","2018-06-12","2.81"
"DGS5","2018-06-13","2.85"
"DGS5","2018-06-14","2.81"
"DGS5","2018-06-15","2.81"
"DGS5","2018-06-18","2.80"
"DGS5","2018-06-19","2.77"
"DGS5","2018-06-20","2.80"
"DGS5","2018-06-21","2.77"
"DGS5","2018-06-22","2.77"
"DGS5","2018-06-25","2.75"
"DGS5","2018-06-26","2.75"
"DGS5","2018-06-27","2.71"
"DGS5","2018-06-28","2.73"
"DGS5","2018-06-29","2.73"
"DGS5","2018-07-02","2.75"
"DGS5","2018-07-03","2.72"
"DGS5","2018-07-04","."
"DGS5","2018-07-05","2.74"
"DGS5","2018-07-06","2.71"
"DGS5","2018-07-09","2.75"
"DGS5","2018-07-10","2.77"
"DGS5","2018-07-11","2.74"
"DGS5","2018-07-12","2.75"
"DGS5","2018-07-13","2.73"
"DGS5","2018-07-16","2.75"
"DGS5","2018-07-17","2.76"
"DGS5","2018-07-18","2.77"
"DGS5","2018-07-19","2.74"
"DGS5","2018-07-20","2.77"
"DGS5","2018-07-23","2.83"
"DGS5","2018-07-24","2.83"
"DGS5","2018-07-25","2.82"
"DGS5","2018-07-26","2.86"
"DGS5","2018-07-27","2.84"
"DGS5","2018-07-30","2.85"
"DGS5","2018-07-31","2.85"
"DGS5","2018-08-01","2.87"
"DGS5","2018-08-02","2.85"
"DGS5","2018-08-03","2.82"
"DGS5","2018-08-06","2.80"
"DGS5","2018-08-07","2.84"
"DGS5","2018-08-08","2.83"
"DGS5","2018-08-09","2.80"
"DGS5","2018-08-10","2.75"
"DGS5","2018-08-13","2.75"
"DGS5","2018-08-14","2.77"
"DGS5","2018-08-15","2.73"
"DGS5","2018-08-16","2.75"
"DGS5","2018-08-17","2.75"
"DGS5","2018-08-20","2.70"
"DGS5","2018-08-21","2.73"
"DGS5","2018-08-22","2.70"
"DGS5","2018-08-23","2.72"
"DGS5","2018-08-24","2.72"
"DGS5","2018-08-27","2.74"
"DGS5","2018-08-28","2.77"
"DGS5","2018-08-29","2.78"
"DGS5","2018-08-30","2.75"
"DGS5","2018-08-31","2.74"
"DGS5","2018-09-03","."
"DGS5","2018-09-04","2.78"
"DGS5","2018-09-05","2.77"
"DGS5","2018-09-06","2.76"
"DGS5","2018-09-07","2.82"
"DGS5","2018-09-10","2.83"
"DGS5","2018-09-11","2.87"
"DGS5","2018-09-12","2.87"
"DGS5","2018-09-13","2.87"
"DGS5","2018-09-14","2.90"
"DGS5","2018-09-17","2.89"
"DGS5","2018-09-18","2.94"
"DGS5","2018-09-19","2.96"
"DGS5","2018-09-20","2.96"
"DGS5","2018-09-21","2.95"
"DGS5","2018-09-24","2.96"
"DGS5","2018-09-25","2.99"
"DGS5","2018-09-26","2.96"
"DGS5","2018-09-27","2.96"
"DGS5","2018-09-28","2.94"
"DGS5","2018-10-01","2.96"
"DGS5","2018-10-02","2.94"
"DGS5","2018-10-03","3.02"
"DGS5","2018-10-04","3.05"
"DGS5","2018-10-05","3.07"
"DGS5","2018-10-08","."
"DGS5","2018-10-09","3.05"
"DGS5","2018-10-10","3.05"
"DGS5","2018-10-11","3.00"
"DGS5","2018-10-12","3.00"
"DGS5","2018-10-15","3.01"
"DGS5","2018-10-16","3.02"
"DGS5","2018-10-17","3.04"
"DGS5","2018-10-18","3.03"
"DGS5","2018-10-19","3.05"
"DGS5","2018-10-22","3.05"
"DGS5","2018-10-23","3.01"
"DGS5","2018-10-24","2.94"
"DGS5","2018-10-25","2.98"
"DGS5","2018-10-26","2.91"
"DGS5","2018-10-29","2.91"
"DGS5","2018-10-30","2.94"
"DGS5","2018-10-31","2.98"
"DGS5","2018-11-01","2.96"
"DGS5","2018-11-02","3.04"
"DGS5","2018-11-05","3.03"
"DGS5","2018-11-06","3.05"
"DGS5","2018-11-07","3.07"
"DGS5","2018-11-08","3.09"
"DGS5","2018-11-09","3.05"
"DGS5","2018-11-12","."
"DGS5","2018-11-13","2.99"
"DGS5","2018-11-14","2.95"
"DGS5","2018-11-15","2.94"
"DGS5","2018-11-16","2.90"
"DGS5","2018-11-19","2.87"
"DGS5","2018-11-20","2.88"
"DGS5","2018-11-21","2.89"
"DGS5","2018-11-22","."
"DGS5","2018-11-23","2.88"
"DGS5","2018-11-26","2.90"
"DGS5","2018-11-27","2.89"
"DGS5","2018-11-28","2.87"
"DGS5","2018-11-29","2.85"
"DGS5","2018-11-30","2.84"
"DGS5","2018-12-03","2.83"
"DGS5","2018-12-04","2.79"
"DGS5","2018-12-05","."
"DGS5","2018-12-06","2.75"
"DGS5","2018-12-07","2.70"
"DGS5","2018-12-10","2.71"
"DGS5","2018-12-11","2.75"
"DGS5","2018-12-12","2.77"
"DGS5","2018-12-13","2.75"
"DGS5","2018-12-14","2.73"
"DGS5","2018-12-17","2.69"
"DGS5","2018-12-18","2.65"
"DGS5","2018-12-19","2.62"
"DGS5","2018-12-20","2.65"
"DGS5","2018-12-21","2.64"
"DGS5","2018-12-24","2.58"
"DGS5","2018-12-25","."
"DGS5","2018-12-26","2.67"
"DGS5","2018-12-27","2.60"
"DGS5","2018-12-28","2.56"
"DGS5","2018-12-31","2.51"
"DGS5","2019-01-01","."
"DGS5","2019-01-02","2.49"
"DGS5","2019-01-03","2.37"
"DGS5","2019-01-04","2.49"
"DGS5","2019-01-07","2.53"
"DGS5","2019-01-08","2.58"
"DGS5","2019-01-09","2.57"
"DGS5","2019-01-10","2.56"
"DGS5","2019-01-11","2.52"
"DGS5","2019-01-14","2.53"
"DGS5","2019-01-15","2.53"
"DGS5","2019-01-16","2.54"
"DGS5","2019-01-17","2.58"
"DGS5","2019-01-18","2.62"
"DGS5","2019-01-21","."
"DGS5","2019-01-22","2.57"
"DGS5","2019-01-23","2.59"
"DGS5","2019-01-24","2.55"
"DGS5","2019-01-25","2.59"
"DGS5","2019-01-28","2.58"
"DGS5","2019-01-29","2.55"
"DGS5","2019-01-30","2.49"
"DGS5","2019-01-31","2.43"
"DGS5","2019-02-01","2.51"
"DGS5","2019-02-04","2.53"
"DGS5","2019-02-05","2.51"
"DGS5","2019-02-06","2.50"
"DGS5","2019-02-07","2.46"
"DGS5","2019-02-08","2.44"
"DGS5","2019-02-11","2.47"
"DGS5","2019-02-12","2.49"
"DGS5","2019-02-13","2.53"
"DGS5","2019-02-14","2.48"
"DGS5","2019-02-15","2.49"
"DGS5","2019-02-18","."
"DGS5","2019-02-19","2.47"
"DGS5","2019-02-20","2.47"
"DGS5","2019-02-21","2.51"
"DGS5","2019-02-22","2.47"
"DGS5","2019-02-25","2.48"
"DGS5","2019-02-26","2.45"
"DGS5","2019-02-27","2.49"
"DGS5","2019-02-28","2.52"
"DGS5","2019-03-01","2.56"
"DGS5","2019-03-04","2.53"
"DGS5","2019-03-05","2.53"
"DGS5","2019-03-06","2.49"
"DGS5","2019-03-07","2.44"
"DGS5","2019-03-08","2.42"
"DGS5","2019-03-11","2.44"
"DGS5","2019-03-12","2.41"
"DGS5","2019-03-13","2.42"
"DGS5","2019-03-14","2.43"
"DGS5","2019-03-15","2.40"
"DGS5","2019-03-18","2.42"
"DGS5","2019-03-19","2.42"
"DGS5","2019-03-20","2.34"
"DGS5","2019-03-21","2.34"
"DGS5","2019-03-22","2.24"
"DGS5","2019-03-25","2.21"
"DGS5","2019-03-26","2.18"
"DGS5","2019-03-27","2.18"
"DGS5","2019-03-28","2.20"
"DGS5","2019-03-29","2.23"
"DGS5","2019-04-01","2.31"
"DGS5","2019-04-02","2.28"
"DGS5","2019-04-03","2.32"
"DGS5","2019-04-04","2.32"
"DGS5","2019-04-05","2.31"
"DGS5","2019-04-08","2.33"
"DGS5","2019-04-09","2.31"
"DGS5","2019-04-10","2.28"
"DGS5","2019-04-11","2.31"
"DGS5","2019-04-12","2.38"
"DGS5","2019-04-15","2.37"
"DGS5","2019-04-16","2.41"
"DGS5","2019-04-17","2.40"
"DGS5","2019-04-18","2.38"
"DGS5","2019-04-19","."
"DGS5","2019-04-22","2.39"
"DGS5","2019-04-23","2.36"
"DGS5","2019-04-24","2.32"
"DGS5","2019-04-25","2.33"
"DGS5","2019-04-26","2.29"
"DGS5","2019-04-29","2.32"
"DGS5","2019-04-30","2.28"
"DGS5","2019-05-01","2.31"
"DGS5","2019-05-02","2.34"
"DGS5","2019-05-03","2.33"
"DGS5","2019-05-06","2.30"
"DGS5","2019-05-07","2.25"
"DGS5","2019-05-08","2.28"
"DGS5","2019-05-09","2.25"
"DGS5","2019-05-10","2.26"
"DGS5","2019-05-13","2.18"
"DGS5","2019-05-14","2.20"
"DGS5","2019-05-15","2.15"
"DGS5","2019-05-16","2.18"
"DGS5","2019-05-17","2.17"
"DGS5","2019-05-20","2.21"
"DGS5","2019-05-21","2.23"
"DGS5","2019-05-22","2.19"
"DGS5","2019-05-23","2.11"
"DGS5","2019-05-24","2.12"
"DGS5","2019-05-27","."
"DGS5","2019-05-28","2.06"
"DGS5","2019-05-29","2.05"
"DGS5","2019-05-30","2.03"
"DGS5","2019-05-31","1.93"
"DGS5","2019-06-03","1.83"
"DGS5","2019-06-04","1.89"
"DGS5","2019-06-05","1.86"
"DGS5","2019-06-06","1.88"
"DGS5","2019-06-07","1.85"
"DGS5","2019-06-10","1.91"
"DGS5","2019-06-11","1.92"
"DGS5","2019-06-12","1.88"
"DGS5","2019-06-13","1.84"
"DGS5","2019-06-14","1.85"
"DGS5","2019-06-17","1.85"
"DGS5","2019-06-18","1.83"
"DGS5","2019-06-19","1.77"
"DGS5","2019-06-20","1.74"
"DGS5","2019-06-21","1.80"
"DGS5","2019-06-24","1.75"
"DGS5","2019-06-25","1.73"
"DGS5","2019-06-26","1.80"
"DGS5","2019-06-27","1.76"
"DGS5","2019-06-28","1.76"
"DGS5","2019-07-01","1.79"
"DGS5","2019-07-02","1.75"
"DGS5","2019-07-03","1.74"
"DGS5","2019-07-04","."
"DGS5","2019-07-05","1.84"
"DGS5","2019-07-08","1.86"
"DGS5","2019-07-09","1.88"
"DGS5","2019-07-10","1.82"
"DGS5","2019-07-11","1.88"
"DGS5","2019-07-12","1.86"
"DGS5","2019-07-15","1.84"
"DGS5","2019-07-16","1.88"
"DGS5","2019-07-17","1.83"
"DGS5","2019-07-18","1.78"
"DGS5","2019-07-19","1.80"
"DGS5","2019-07-22","1.80"
"DGS5","2019-07-23","1.83"
"DGS5","2019-07-24","1.82"
"DGS5","2019-07-25","1.85"
"DGS5","2019-07-26","1.85"
"DGS5","2019-07-29","1.84"
"DGS5","2019-07-30","1.84"
"DGS5","2019-07-31","1.84"
"DGS5","2019-08-01","1.68"
"DGS5","2019-08-02","1.66"
"DGS5","2019-08-05","1.55"
"DGS5","2019-08-06","1.53"
"DGS5","2019-08-07","1.52"
"DGS5","2019-08-08","1.54"
"DGS5","2019-08-09","1.57"
"DGS5","2019-08-12","1.49"
"DGS5","2019-08-13","1.57"
"DGS5","2019-08-14","1.51"
"DGS5","2019-08-15","1.42"
"DGS5","2019-08-16","1.42"
"DGS5","2019-08-19","1.47"
"DGS5","2019-08-20","1.42"
"DGS5","2019-08-21","1.47"
"DGS5","2019-08-22","1.50"
"DGS5","2019-08-23","1.40"
"DGS5","2019-08-26","1.43"
"DGS5","2019-08-27","1.40"
"DGS5","2019-08-28","1.37"
"DGS5","2019-08-29","1.40"
"DGS5","2019-08-30","1.39"
"DGS5","2019-09-02","."
"DGS5","2019-09-03","1.35"
"DGS5","2019-09-04","1.32"
"DGS5","2019-09-05","1.43"
"DGS5","2019-09-06","1.42"
"DGS5","2019-09-09","1.49"
"DGS5","2019-09-10","1.58"
"DGS5","2019-09-11","1.60"
"DGS5","2019-09-12","1.65"
"DGS5","2019-09-13","1.75"
"DGS5","2019-09-16","1.69"
"DGS5","2019-09-17","1.66"
"DGS5","2019-09-18","1.68"
"DGS5","2019-09-19","1.66"
"DGS5","2019-09-20","1.61"
"DGS5","2019-09-23","1.59"
"DGS5","2019-09-24","1.52"
"DGS5","2019-09-25","1.60"
"DGS5","2019-09-26","1.59"
"DGS5","2019-09-27","1.56"
"DGS5","2019-09-30","1.55"
"DGS5","2019-10-01","1.51"
"DGS5","2019-10-02","1.43"
"DGS5","2019-10-03","1.34"
"DGS5","2019-10-04","1.34"
"DGS5","2019-10-07","1.38"
"DGS5","2019-10-08","1.36"
"DGS5","2019-10-09","1.40"
"DGS5","2019-10-10","1.48"
"DGS5","2019-10-11","1.59"
"DGS5","2019-10-14","."
"DGS5","2019-10-15","1.59"
"DGS5","2019-10-16","1.57"
"DGS5","2019-10-17","1.57"
"DGS5","2019-10-18","1.56"
"DGS5","2019-10-21","1.61"
"DGS5","2019-10-22","1.60"
"DGS5","2019-10-23","1.58"
"DGS5","2019-10-24","1.58"
"DGS5","2019-10-25","1.62"
"DGS5","2019-10-28","1.66"
"DGS5","2019-10-29","1.66"
"DGS5","2019-10-30","1.61"
"DGS5","2019-10-31","1.51"
"DGS5","2019-11-01","1.55"
"DGS5","2019-11-04","1.60"
"DGS5","2019-11-05","1.66"
"DGS5","2019-11-06","1.63"
"DGS5","2019-11-07","1.74"
"DGS5","2019-11-08","1.74"
"DGS5","2019-11-11","."
"DGS5","2019-11-12","1.73"
"DGS5","2019-11-13","1.69"
"DGS5","2019-11-14","1.63"
"DGS5","2019-11-15","1.65"
"DGS5","2019-11-18","1.63"
"DGS5","2019-11-19","1.63"
"DGS5","2019-11-20","1.58"
"DGS5","2019-11-21","1.62"
"DGS5","2019-11-22","1.62"
"DGS5","2019-11-25","1.62"
"DGS5","2019-11-26","1.58"
"DGS5","2019-11-27","1.63"
"DGS5","2019-11-28","."
"DGS5","2019-11-29","1.62"
"DGS5","2019-12-02","1.65"
"DGS5","2019-12-03","1.54"
"DGS5","2019-12-04","1.60"
"DGS5","2019-12-05","1.62"
"DGS5","2019-12-06","1.67"
"DGS5","2019-12-09","1.67"
"DGS5","2019-12-10","1.68"
"DGS5","2019-12-11","1.64"
"DGS5","2019-12-12","1.73"
"DGS5","2019-12-13","1.66"
"DGS5","2019-12-16","1.72"
"DGS5","2019-12-17","1.71"
"DGS5","2019-12-18","1.74"
"DGS5","2019-12-19","1.73"
"DGS5","2019-12-20","1.73"
"DGS5","2019-12-23","1.75"
"DGS5","2019-12-24","1.72"
"DGS5","2019-12-25","."
"DGS5","2019-12-26","1.72"
"DGS5","2019-12-27","1.68"
"DGS5","2019-12-30","1.68"
"DGS5","2019-12-31","1.69"
"DGS5","2020-01-01","."
"DGS5","2020-01-02","1.67"
"DGS5","2020-01-03","1.59"
"DGS5","2020-01-06","1.61"
"DGS5","2020-01-07","1.62"
"DGS5","2020-01-08","1.67"
"DGS5","2020-01-09","1.65"
"DGS5","2020-01-10","1.63"
"DGS5","2020-01-13","1.65"
"DGS5","2020-01-14","1.63"
"DGS5","2020-01-15","1.60"
"DGS5","2020-01-16","1.63"
"DGS5","2020-01-17","1.63"
"DGS5","2020-01-20","."
"DGS5","2020-01-21","1.57"
"DGS5","2020-01-22","1.57"
"DGS5","2020-01-23","1.55"
"DGS5","2020-01-24","1.51"
"DGS5","2020-01-27","1.44"
"DGS5","2020-01-28","1.47"
"DGS5","2020-01-29","1.41"
"DGS5","2020-01-30","1.39"
"DGS5","2020-01-31","1.32"
"DGS5","2020-02-03","1.35"
"DGS5","2020-02-04","1.42"
"DGS5","2020-02-05","1.46"
"DGS5","2020-02-06","1.45"
"DGS5","2020-02-07","1.41"
"DGS5","2020-02-10","1.38"
"DGS5","2020-02-11","1.40"
"DGS5","2020-02-12","1.45"
"DGS5","2020-02-13","1.43"
"DGS5","2020-02-14","1.42"
"DGS5","2020-02-17","."
"DGS5","2020-02-18","1.39"
"DGS5","2020-02-19","1.41"
"DGS5","2020-02-20","1.37"
"DGS5","2020-02-21","1.30"
"DGS5","2020-02-24","1.21"
"DGS5","2020-02-25","1.16"
"DGS5","2020-02-26","1.14"
"DGS5","2020-02-27","1.11"
"DGS5","2020-02-28","0.89"
"DGS5","2020-03-02","0.88"
"DGS5","2020-03-03","0.77"
"DGS5","2020-03-04","0.75"
"DGS5","2020-03-05","0.67"
"DGS5","2020-03-06","0.58"
"DGS5","2020-03-09","0.46"
"DGS5","2020-03-10","0.63"
"DGS5","2020-03-11","0.66"
"DGS5","2020-03-12","0.66"
"DGS5","2020-03-13","0.70"
"DGS5","2020-03-16","0.49"
"DGS5","2020-03-17","0.66"
"DGS5","2020-03-18","0.79"
"DGS5","2020-03-19","0.66"
"DGS5","2020-03-20","0.52"
"DGS5","2020-03-23","0.38"
"DGS5","2020-03-24","0.52"
"DGS5","2020-03-25","0.56"
"DGS5","2020-03-26","0.51"
"DGS5","2020-03-27","0.41"
"DGS5","2020-03-30","0.39"
"DGS5","2020-03-31","0.37"
"DGS5","2020-04-01","0.37"
"DGS5","2020-04-02","0.39"
"DGS5","2020-04-03","0.39"
"DGS5","2020-04-06","0.44"
"DGS5","2020-04-07","0.48"
"DGS5","2020-04-08","0.47"
"DGS5","2020-04-09","0.41"
"DGS5","2020-04-10","."
"DGS5","2020-04-13","0.44"
"DGS5","2020-04-14","0.42"
"DGS5","2020-04-15","0.34"
"DGS5","2020-04-16","0.35"
"DGS5","2020-04-17","0.36"
"DGS5","2020-04-20","0.35"
"DGS5","2020-04-21","0.34"
"DGS5","2020-04-22","0.37"
"DGS5","2020-04-23","0.37"
"DGS5","2020-04-24","0.36"
"DGS5","2020-04-27","0.41"
"DGS5","2020-04-28","0.37"
"DGS5","2020-04-29","0.36"
"DGS5","2020-04-30","0.36"
"DGS5","2020-05-01","0.36"
"DGS5","2020-05-04","0.36"
"DGS5","2020-05-05","0.36"
"DGS5","2020-05-06","0.37"
"DGS5","2020-05-07","0.29"
"DGS5","2020-05-08","0.33"
"DGS5","2020-05-11","0.36"
"DGS5","2020-05-12","0.34"
"DGS5","2020-05-13","0.31"
"DGS5","2020-05-14","0.31"
"DGS5","2020-05-15","0.31"
"DGS5","2020-05-18","0.38"
"DGS5","2020-05-19","0.35"
"DGS5","2020-05-20","0.34"
"DGS5","2020-05-21","0.35"
"DGS5","2020-05-22","0.34"
"DGS5","2020-05-25","."
"DGS5","2020-05-26","0.35"
"DGS5","2020-05-27","0.34"
"DGS5","2020-05-28","0.34"
"DGS5","2020-05-29","0.30"
"DGS5","2020-06-01","0.31"
"DGS5","2020-06-02","0.32"
"DGS5","2020-06-03","0.38"
"DGS5","2020-06-04","0.40"
"DGS5","2020-06-05","0.47"
"DGS5","2020-06-08","0.45"
"DGS5","2020-06-09","0.40"
"DGS5","2020-06-10","0.33"
"DGS5","2020-06-11","0.32"
"DGS5","2020-06-12","0.33"
"DGS5","2020-06-15","0.33"
"DGS5","2020-06-16","0.34"
"DGS5","2020-06-17","0.34"
"DGS5","2020-06-18","0.34"
"DGS5","2020-06-19","0.33"
"DGS5","2020-06-22","0.34"
"DGS5","2020-06-23","0.33"
"DGS5","2020-06-24","0.33"
"DGS5","2020-06-25","0.32"
"DGS5","2020-06-26","0.30"
"DGS5","2020-06-29","0.28"
"DGS5","2020-06-30","0.29"
"DGS5","2020-07-01","0.31"
"DGS5","2020-07-02","0.29"
"DGS5","2020-07-03","."
"DGS5","2020-07-06","0.31"
"DGS5","2020-07-07","0.29"
"DGS5","2020-07-08","0.30"
"DGS5","2020-07-09","0.28"
"DGS5","2020-07-10","0.30"
"DGS5","2020-07-13","0.30"
"DGS5","2020-07-14","0.28"
"DGS5","2020-07-15","0.28"
"DGS5","2020-07-16","0.28"
"DGS5","2020-07-17","0.29"
"DGS5","2020-07-20","0.29"
"DGS5","2020-07-21","0.27"
"DGS5","2020-07-22","0.27"
"DGS5","2020-07-23","0.27"
"DGS5","2020-07-24","0.27"
"DGS5","2020-07-27","0.30"
"DGS5","2020-07-28","0.26"
"DGS5","2020-07-29","0.25"
"DGS5","2020-07-30","0.23"
"DGS5","2020-07-31","0.21"
"DGS5","2020-08-03","0.22"
"DGS5","2020-08-04","0.19"
"DGS5","2020-08-05","0.22"
"DGS5","2020-08-06","0.21"
"DGS5","2020-08-07","0.23"
"DGS5","2020-08-10","0.24"
"DGS5","2020-08-11","0.27"
"DGS5","2020-08-12","0.30"
"DGS5","2020-08-13","0.32"
"DGS5","2020-08-14","0.29"
"DGS5","2020-08-17","0.29"
"DGS5","2020-08-18","0.27"
"DGS5","2020-08-19","0.29"
"DGS5","2020-08-20","0.26"
"DGS5","2020-08-21","0.27"
"DGS5","2020-08-24","0.28"
"DGS5","2020-08-25","0.30"
"DGS5","2020-08-26","0.28"
"DGS5","2020-08-27","0.31"
"DGS5","2020-08-28","0.28"
"DGS5","2020-08-31","0.28"
"DGS5","2020-09-01","0.26"
"DGS5","2020-09-02","0.26"
"DGS5","2020-09-03","0.24"
"DGS5","2020-09-04","0.30"
"DGS5","2020-09-07","."
"DGS5","2020-09-08","0.28"
"DGS5","2020-09-09","0.28"
"DGS5","2020-09-10","0.26"
"DGS5","2020-09-11","0.26"
"DGS5","2020-09-14","0.27"
"DGS5","2020-09-15","0.27"
"DGS5","2020-09-16","0.28"
"DGS5","2020-09-17","0.28"
"DGS5","2020-09-18","0.29"
"DGS5","2020-09-21","0.27"
"DGS5","2020-09-22","0.27"
"DGS5","2020-09-23","0.28"
"DGS5","2020-09-24","0.27"
"DGS5","2020-09-25","0.26"
"DGS5","2020-09-28","0.26"
"DGS5","2020-09-29","0.24"
"DGS5","2020-09-30","0.28"
"DGS5","2020-10-01","0.27"
"DGS5","2020-10-02","0.28"
"DGS5","2020-10-05","0.33"
"DGS5","2020-10-06","0.32"
"DGS5","2020-10-07","0.35"
"DGS5","2020-10-08","0.33"
"DGS5","2020-10-09","0.34"
"DGS5","2020-10-12","."
"DGS5","2020-10-13","0.31"
"DGS5","2020-10-14","0.30"
"DGS5","2020-10-15","0.32"
"DGS5","2020-10-16","0.32"
"DGS5","2020-10-19","0.34"
"DGS5","2020-10-20","0.34"
"DGS5","2020-10-21","0.36"
"DGS5","2020-10-22","0.38"
"DGS5","2020-10-23","0.37"
"DGS5","2020-10-26","0.35"
"DGS5","2020-10-27","0.34"
"DGS5","2020-10-28","0.34"
"DGS5","2020-10-29","0.38"
"DGS5","2020-10-30","0.38"
"DGS5","2020-11-02","0.38"
"DGS5","2020-11-03","0.39"
"DGS5","2020-11-04","0.33"
"DGS5","2020-11-05","0.33"
"DGS5","2020-11-06","0.36"
"DGS5","2020-11-09","0.44"
"DGS5","2020-11-10","0.46"
"DGS5","2020-11-11","."
"DGS5","2020-11-12","0.40"
"DGS5","2020-11-13","0.41"
"DGS5","2020-11-16","0.41"
"DGS5","2020-11-17","0.39"
"DGS5","2020-11-18","0.40"
"DGS5","2020-11-19","0.39"
"DGS5","2020-11-20","0.38"
"DGS5","2020-11-23","0.39"
"DGS5","2020-11-24","0.39"
"DGS5","2020-11-25","0.39"
"DGS5","2020-11-26","."
"DGS5","2020-11-27","0.37"
"DGS5","2020-11-30","0.36"
"DGS5","2020-12-01","0.42"
"DGS5","2020-12-02","0.42"
"DGS5","2020-12-03","0.40"
"DGS5","2020-12-04","0.42"
"DGS5","2020-12-07","0.40"
"DGS5","2020-12-08","0.39"
"DGS5","2020-12-09","0.41"
"DGS5","2020-12-10","0.39"
"DGS5","2020-12-11","0.37"
"DGS5","2020-12-14","0.37"
"DGS5","2020-12-15","0.37"
"DGS5","2020-12-16","0.37"
"DGS5","2020-12-17","0.38"
"DGS5","2020-12-18","0.39"
"DGS5","2020-12-21","0.39"
"DGS5","2020-12-22","0.37"
"DGS5","2020-12-23","0.38"
"DGS5","2020-12-24","0.37"
"DGS5","2020-12-25","."
"DGS5","2020-12-28","0.38"
"DGS5","2020-12-29","0.37"
"DGS5","2020-12-30","0.37"
"DGS5","2020-12-31","0.36"
"DGS5","2021-01-01","."
"DGS5","2021-01-04","0.36"
"DGS5","2021-01-05","0.38"
"DGS5","2021-01-06","0.43"
"DGS5","2021-01-07","0.46"
"DGS5","2021-01-08","0.49"
"DGS5","2021-01-11","0.50"
"DGS5","2021-01-12","0.50"
"DGS5","2021-01-13","0.48"
"DGS5","2021-01-14","0.49"
"DGS5","2021-01-15","0.46"
"DGS5","2021-01-18","."
"DGS5","2021-01-19","0.45"
"DGS5","2021-01-20","0.45"
"DGS5","2021-01-21","0.45"
"DGS5","2021-01-22","0.44"
"DGS5","2021-01-25","0.42"
"DGS5","2021-01-26","0.42"
"DGS5","2021-01-27","0.41"
"DGS5","2021-01-28","0.42"
"DGS5","2021-01-29","0.45"
"DGS5","2021-02-01","0.42"
"DGS5","2021-02-02","0.45"
"DGS5","2021-02-03","0.46"
"DGS5","2021-02-04","0.46"
"DGS5","2021-02-05","0.47"
"DGS5","2021-02-08","0.48"
"DGS5","2021-02-09","0.48"
"DGS5","2021-02-10","0.46"
"DGS5","2021-02-11","0.46"
"DGS5","2021-02-12","0.50"
"DGS5","2021-02-15","."
"DGS5","2021-02-16","0.57"
"DGS5","2021-02-17","0.57"
"DGS5","2021-02-18","0.56"
"DGS5","2021-02-19","0.59"
"DGS5","2021-02-22","0.61"
"DGS5","2021-02-23","0.59"
"DGS5","2021-02-24","0.62"
"DGS5","2021-02-25","0.81"
"DGS5","2021-02-26","0.75"
"DGS5","2021-03-01","0.71"
"DGS5","2021-03-02","0.67"
"DGS5","2021-03-03","0.73"
"DGS5","2021-03-04","0.77"
"DGS5","2021-03-05","0.79"
"DGS5","2021-03-08","0.86"
"DGS5","2021-03-09","0.83"
"DGS5","2021-03-10","0.80"
"DGS5","2021-03-11","0.78"
"DGS5","2021-03-12","0.85"
"DGS5","2021-03-15","0.84"
"DGS5","2021-03-16","0.83"
"DGS5","2021-03-17","0.80"
"DGS5","2021-03-18","0.86"
"DGS5","2021-03-19","0.90"
"DGS5","2021-03-22","0.87"
"DGS5","2021-03-23","0.83"
"DGS5","2021-03-24","0.83"
"DGS5","2021-03-25","0.82"
"DGS5","2021-03-26","0.85"
"DGS5","2021-03-29","0.89"
"DGS5","2021-03-30","0.90"
"DGS5","2021-03-31","0.92"
"DGS5","2021-04-01","0.90"
"DGS5","2021-04-02","0.97"
"DGS5","2021-04-05","0.94"
"DGS5","2021-04-06","0.88"
"DGS5","2021-04-07","0.87"
"DGS5","2021-04-08","0.85"
"DGS5","2021-04-09","0.87"
"DGS5","2021-04-12","0.89"
"DGS5","2021-04-13","0.85"
"DGS5","2021-04-14","0.87"
"DGS5","2021-04-15","0.81"
"DGS5","2021-04-16","0.84"
"DGS5","2021-04-19","0.85"
"DGS5","2021-04-20","0.81"
"DGS5","2021-04-21","0.81"
"DGS5","2021-04-22","0.81"
"DGS5","2021-04-23","0.83"
"DGS5","2021-04-26","0.85"
"DGS5","2021-04-27","0.88"
"DGS5","2021-04-28","0.86"
"DGS5","2021-04-29","0.86"
"DGS5","2021-04-30","0.86"
"DGS5","2021-05-03","0.84"
"DGS5","2021-05-04","0.82"
"DGS5","2021-05-05","0.80"
"DGS5","2021-05-06","0.81"
"DGS5","2021-05-07","0.77"
"DGS5","2021-05-10","0.80"
"DGS5","2021-05-11","0.80"
"DGS5","2021-05-12","0.87"
"DGS5","2021-05-13","0.84"
"DGS5","2021-05-14","0.82"
"DGS5","2021-05-17","0.84"
"DGS5","2021-05-18","0.83"
"DGS5","2021-05-19","0.87"
"DGS5","2021-05-20","0.83"
"DGS5","2021-05-21","0.84"
"DGS5","2021-05-24","0.82"
"DGS5","2021-05-25","0.79"
"DGS5","2021-05-26","0.80"
"DGS5","2021-05-27","0.81"
"DGS5","2021-05-28","0.79"
"DGS5","2021-05-31","."
"DGS5","2021-06-01","0.81"
"DGS5","2021-06-02","0.80"
"DGS5","2021-06-03","0.84"
"DGS5","2021-06-04","0.78"
"DGS5","2021-06-07","0.79"
"DGS5","2021-06-08","0.77"
"DGS5","2021-06-09","0.75"
"DGS5","2021-06-10","0.73"
"DGS5","2021-06-11","0.76"
"DGS5","2021-06-14","0.80"
"DGS5","2021-06-15","0.79"
"DGS5","2021-06-16","0.89"
"DGS5","2021-06-17","0.90"
"DGS5","2021-06-18","0.89"
"DGS5","2021-06-21","0.90"
"DGS5","2021-06-22","0.87"
"DGS5","2021-06-23","0.90"
"DGS5","2021-06-24","0.90"
"DGS5","2021-06-25","0.92"
"DGS5","2021-06-28","0.90"
"DGS5","2021-06-29","0.89"
"DGS5","2021-06-30","0.87"
"DGS5","2021-07-01","0.89"
"DGS5","2021-07-02","0.86"
"DGS5","2021-07-05","."
"DGS5","2021-07-06","0.81"
"DGS5","2021-07-07","0.79"
"DGS5","2021-07-08","0.74"
"DGS5","2021-07-09","0.79"
"DGS5","2021-07-12","0.81"
"DGS5","2021-07-13","0.85"
"DGS5","2021-07-14","0.80"
"DGS5","2021-07-15","0.78"
"DGS5","2021-07-16","0.79"
"DGS5","2021-07-19","0.70"
"DGS5","2021-07-20","0.69"
"DGS5","2021-07-21","0.74"
"DGS5","2021-07-22","0.71"
"DGS5","2021-07-23","0.72"
"DGS5","2021-07-26","0.73"
"DGS5","2021-07-27","0.71"
"DGS5","2021-07-28","0.72"
"DGS5","2021-07-29","0.73"
"DGS5","2021-07-30","0.69"
"DGS5","2021-08-02","0.66"
"DGS5","2021-08-03","0.65"
"DGS5","2021-08-04","0.67"
"DGS5","2021-08-05","0.72"
"DGS5","2021-08-06","0.77"
"DGS5","2021-08-09","0.79"
"DGS5","2021-08-10","0.82"
"DGS5","2021-08-11","0.81"
"DGS5","2021-08-12","0.83"
"DGS5","2021-08-13","0.79"
"DGS5","2021-08-16","0.75"
"DGS5","2021-08-17","0.77"
"DGS5","2021-08-18","0.79"
"DGS5","2021-08-19","0.78"
"DGS5","2021-08-20","0.80"
"DGS5","2021-08-23","0.78"
"DGS5","2021-08-24","0.80"
"DGS5","2021-08-25","0.84"
"DGS5","2021-08-26","0.84"
"DGS5","2021-08-27","0.79"
"DGS5","2021-08-30","0.77"
"DGS5","2021-08-31","0.77"
"DGS5","2021-09-01","0.78"
"DGS5","2021-09-02","0.78"
"DGS5","2021-09-03","0.78"
"DGS5","2021-09-06","."
"DGS5","2021-09-07","0.82"
"DGS5","2021-09-08","0.81"
"DGS5","2021-09-09","0.79"
"DGS5","2021-09-10","0.82"
"DGS5","2021-09-13","0.81"
"DGS5","2021-09-14","0.79"
"DGS5","2021-09-15","0.81"
"DGS5","2021-09-16","0.84"
"DGS5","2021-09-17","0.88"
"DGS5","2021-09-20","0.83"
"DGS5","2021-09-21","0.84"
"DGS5","2021-09-22","0.86"
"DGS5","2021-09-23","0.94"
"DGS5","2021-09-24","0.97"
"DGS5","2021-09-27","0.98"
"DGS5","2021-09-28","1.02"
"DGS5","2021-09-29","1.01"
"DGS5","2021-09-30","0.98"
"DGS5","2021-10-01","0.93"
"DGS5","2021-10-04","0.95"
"DGS5","2021-10-05","0.98"
"DGS5","2021-10-06","0.99"
"DGS5","2021-10-07","1.02"
"DGS5","2021-10-08","1.05"
"DGS5","2021-10-11","."
"DGS5","2021-10-12","1.08"
"DGS5","2021-10-13","1.09"
"DGS5","2021-10-14","1.05"
"DGS5","2021-10-15","1.13"
"DGS5","2021-10-18","1.16"
"DGS5","2021-10-19","1.17"
"DGS5","2021-10-20","1.16"
"DGS5","2021-10-21","1.23"
"DGS5","2021-10-22","1.22"
"DGS5","2021-10-25","1.19"
"DGS5","2021-10-26","1.20"
"DGS5","2021-10-27","1.16"
"DGS5","2021-10-28","1.18"
"DGS5","2021-10-29","1.18"
"DGS5","2021-11-01","1.20"
"DGS5","2021-11-02","1.15"
"DGS5","2021-11-03","1.19"
"DGS5","2021-11-04","1.10"
"DGS5","2021-11-05","1.04"
"DGS5","2021-11-08","1.13"
"DGS5","2021-11-09","1.08"
"DGS5","2021-11-10","1.23"
"DGS5","2021-11-11","."
"DGS5","2021-11-12","1.24"
"DGS5","2021-11-15","1.26"
"DGS5","2021-11-16","1.27"
"DGS5","2021-11-17","1.24"
"DGS5","2021-11-18","1.22"
"DGS5","2021-11-19","1.22"
"DGS5","2021-11-22","1.33"
"DGS5","2021-11-23","1.33"
"DGS5","2021-11-24","1.34"
"DGS5","2021-11-25","."
"DGS5","2021-11-26","1.16"
"DGS5","2021-11-29","1.18"
"DGS5","2021-11-30","1.14"
"DGS5","2021-12-01","1.15"
"DGS5","2021-12-02","1.21"
"DGS5","2021-12-03","1.13"
"DGS5","2021-12-06","1.21"
"DGS5","2021-12-07","1.26"
"DGS5","2021-12-08","1.27"
"DGS5","2021-12-09","1.26"
"DGS5","2021-12-10","1.25"
"DGS5","2021-12-13","1.21"
"DGS5","2021-12-14","1.23"
"DGS5","2021-12-15","1.26"
"DGS5","2021-12-16","1.19"
"DGS5","2021-12-17","1.18"
"DGS5","2021-12-20","1.17"
"DGS5","2021-12-21","1.24"
"DGS5","2021-12-22","1.23"
"DGS5","2021-12-23","1.25"
"DGS5","2021-12-24","."
"DGS5","2021-12-27","1.26"
"DGS5","2021-12-28","1.27"
"DGS5","2021-12-29","1.29"
"DGS5","2021-12-30","1.27"
"DGS5","2021-12-31","1.26"
"DGS5","2022-01-03","1.37"
"DGS5","2022-01-04","1.37"
"DGS5","2022-01-05","1.43"
"DGS5","2022-01-06","1.47"
"DGS5","2022-01-07","1.50"
"DGS5","2022-01-10","1.53"
"DGS5","2022-01-11","1.51"
"DGS5","2022-01-12","1.50"
"DGS5","2022-01-13","1.47"
"DGS5","2022-01-14","1.55"
"DGS5","2022-01-17","."
"DGS5","2022-01-18","1.65"
"DGS5","2022-01-19","1.62"
"DGS5","2022-01-20","1.62"
"DGS5","2022-01-21","1.54"
"DGS5","2022-01-24","1.53"
"DGS5","2022-01-25","1.56"
"DGS5","2022-01-26","1.66"
"DGS5","2022-01-27","1.66"
"DGS5","2022-01-28","1.61"
"DGS5","2022-01-31","1.62"
"DGS5","2022-02-01","1.63"
"DGS5","2022-02-02","1.60"
"DGS5","2022-02-03","1.66"
"DGS5","2022-02-04","1.78"
"DGS5","2022-02-07","1.76"
"DGS5","2022-02-08","1.81"
"DGS5","2022-02-09","1.82"
"DGS5","2022-02-10","1.96"
"DGS5","2022-02-11","1.84"
"DGS5","2022-02-14","1.90"
"DGS5","2022-02-15","1.94"
"DGS5","2022-02-16","1.90"
"DGS5","2022-02-17","1.85"
"DGS5","2022-02-18","1.82"
"DGS5","2022-02-21","."
"DGS5","2022-02-22","1.85"
"DGS5","2022-02-23","1.89"
"DGS5","2022-02-24","1.84"
"DGS5","2022-02-25","1.86"
"DGS5","2022-02-28","1.71"
"DGS5","2022-03-01","1.56"
"DGS5","2022-03-02","1.74"
"DGS5","2022-03-03","1.74"
"DGS5","2022-03-04","1.65"
"DGS5","2022-03-07","1.71"
"DGS5","2022-03-08","1.80"
"DGS5","2022-03-09","1.87"
"DGS5","2022-03-10","1.92"
"DGS5","2022-03-11","1.96"
"DGS5","2022-03-14","2.10"
"DGS5","2022-03-15","2.10"
"DGS5","2022-03-16","2.18"
"DGS5","2022-03-17","2.17"
"DGS5","2022-03-18","2.14"
"DGS5","2022-03-21","2.33"
"DGS5","2022-03-22","2.39"
"DGS5","2022-03-23","2.34"
"DGS5","2022-03-24","2.37"
"DGS5","2022-03-25","2.55"
"DGS5","2022-03-28","2.54"
"DGS5","2022-03-29","2.49"
"DGS5","2022-03-30","2.44"
"DGS5","2022-03-31","2.42"
"DGS5","2022-04-01","2.55"
"DGS5","2022-04-04","2.56"
"DGS5","2022-04-05","2.69"
"DGS5","2022-04-06","2.70"
"DGS5","2022-04-07","2.70"
"DGS5","2022-04-08","2.76"
"DGS5","2022-04-11","2.79"
"DGS5","2022-04-12","2.66"
"DGS5","2022-04-13","2.66"
"DGS5","2022-04-14","2.79"
"DGS5","2022-04-15","."
"DGS5","2022-04-18","2.79"
"DGS5","2022-04-19","2.91"
"DGS5","2022-04-20","2.87"
"DGS5","2022-04-21","2.96"
"DGS5","2022-04-22","2.94"
"DGS5","2022-04-25","2.84"
"DGS5","2022-04-26","2.79"
"DGS5","2022-04-27","2.81"
"DGS5","2022-04-28","2.86"
"DGS5","2022-04-29","2.92"
"DGS5","2022-05-02","3.01"
"DGS5","2022-05-03","3.01"
"DGS5","2022-05-04","2.93"
"DGS5","2022-05-05","3.01"
"DGS5","2022-05-06","3.06"
"DGS5","2022-05-09","2.95"
"DGS5","2022-05-10","2.91"
"DGS5","2022-05-11","2.89"
"DGS5","2022-05-12","2.81"
"DGS5","2022-05-13","2.89"
"DGS5","2022-05-16","2.83"
"DGS5","2022-05-17","2.96"
"DGS5","2022-05-18","2.89"
"DGS5","2022-05-19","2.84"
"DGS5","2022-05-20","2.80"
"DGS5","2022-05-23","2.88"
"DGS5","2022-05-24","2.76"
"DGS5","2022-05-25","2.71"
"DGS5","2022-05-26","2.70"
"DGS5","2022-05-27","2.71"
"DGS5","2022-05-30","."
"DGS5","2022-05-31","2.81"
"DGS5","2022-06-01","2.94"
"DGS5","2022-06-02","2.92"
"DGS5","2022-06-03","2.95"
"DGS5","2022-06-06","3.03"
"DGS5","2022-06-07","2.99"
"DGS5","2022-06-08","3.03"
"DGS5","2022-06-09","3.07"
"DGS5","2022-06-10","3.25"
"DGS5","2022-06-13","3.56"
"DGS5","2022-06-14","3.61"
"DGS5","2022-06-15","3.38"
"DGS5","2022-06-16","3.35"
"DGS5","2022-06-17","3.34"
"DGS5","2022-06-20","."
"DGS5","2022-06-21","3.38"
"DGS5","2022-06-22","3.22"
"DGS5","2022-06-23","3.14"
"DGS5","2022-06-24","3.18"
"DGS5","2022-06-27","3.24"
"DGS5","2022-06-28","3.25"
"DGS5","2022-06-29","3.15"
"DGS5","2022-06-30","3.01"
"DGS5","2022-07-01","2.88"
"DGS5","2022-07-04","."
"DGS5","2022-07-05","2.82"
"DGS5","2022-07-06","2.96"
"DGS5","2022-07-07","3.05"
"DGS5","2022-07-08","3.13"
"DGS5","2022-07-11","3.05"
"DGS5","2022-07-12","3.01"
"DGS5","2022-07-13","3.02"
"DGS5","2022-07-14","3.06"
"DGS5","2022-07-15","3.05"
"DGS5","2022-07-18","3.06"
"DGS5","2022-07-19","3.14"
"DGS5","2022-07-20","3.18"
"DGS5","2022-07-21","3.00"
"DGS5","2022-07-22","2.87"
"DGS5","2022-07-25","2.89"
"DGS5","2022-07-26","2.89"
"DGS5","2022-07-27","2.82"
"DGS5","2022-07-28","2.69"
"DGS5","2022-07-29","2.70"
"DGS5","2022-08-01","2.66"
"DGS5","2022-08-02","2.85"
"DGS5","2022-08-03","2.86"
"DGS5","2022-08-04","2.76"
"DGS5","2022-08-05","2.97"
"DGS5","2022-08-08","2.91"
"DGS5","2022-08-09","2.97"
"DGS5","2022-08-10","2.93"
"DGS5","2022-08-11","2.98"
"DGS5","2022-08-12","2.97"
"DGS5","2022-08-15","2.91"
"DGS5","2022-08-16","2.95"
"DGS5","2022-08-17","3.04"
"DGS5","2022-08-18","3.02"
"DGS5","2022-08-19","3.11"
"DGS5","2022-08-22","3.17"
"DGS5","2022-08-23","3.18"
"DGS5","2022-08-24","3.20"
"DGS5","2022-08-25","3.15"
"DGS5","2022-08-26","3.20"
"DGS5","2022-08-29","3.27"
"DGS5","2022-08-30","3.27"
"DGS5","2022-08-31","3.30"
"DGS5","2022-09-01","3.39"
"DGS5","2022-09-02","3.30"
"DGS5","2022-09-05","."
"DGS5","2022-09-06","3.43"
"DGS5","2022-09-07","3.37"
"DGS5","2022-09-08","3.39"
"DGS5","2022-09-09","3.45"
"DGS5","2022-09-12","3.47"
"DGS5","2022-09-13","3.58"
"DGS5","2022-09-14","3.60"
"DGS5","2022-09-15","3.66"
"DGS5","2022-09-16","3.62"
"DGS5","2022-09-19","3.69"
"DGS5","2022-09-20","3.75"
"DGS5","2022-09-21","3.74"
"DGS5","2022-09-22","3.91"
"DGS5","2022-09-23","3.96"
"DGS5","2022-09-26","4.15"
"DGS5","2022-09-27","4.21"
"DGS5","2022-09-28","3.92"
"DGS5","2022-09-29","3.98"
"DGS5","2022-09-30","4.06"
"DGS5","2022-10-03","3.90"
"DGS5","2022-10-04","3.84"
"DGS5","2022-10-05","3.96"
"DGS5","2022-10-06","4.05"
"DGS5","2022-10-07","4.14"
"DGS5","2022-10-10","."
"DGS5","2022-10-11","4.14"
"DGS5","2022-10-12","4.12"
"DGS5","2022-10-13","4.21"
"DGS5","2022-10-14","4.25"
"DGS5","2022-10-17","4.24"
"DGS5","2022-10-18","4.21"
"DGS5","2022-10-19","4.35"
"DGS5","2022-10-20","4.45"
"DGS5","2022-10-21","4.34"
"DGS5","2022-10-24","4.36"
"DGS5","2022-10-25","4.25"
"DGS5","2022-10-26","4.20"
"DGS5","2022-10-27","4.09"
"DGS5","2022-10-28","4.19"
"DGS5","2022-10-31","4.27"
"DGS5","2022-11-01","4.27"
"DGS5","2022-11-02","4.30"
"DGS5","2022-11-03","4.36"
"DGS5","2022-11-04","4.33"
"DGS5","2022-11-07","4.39"
"DGS5","2022-11-08","4.31"
"DGS5","2022-11-09","4.27"
"DGS5","2022-11-10","3.95"
"DGS5","2022-11-11","."
"DGS5","2022-11-14","4.00"
"DGS5","2022-11-15","3.93"
"DGS5","2022-11-16","3.83"
"DGS5","2022-11-17","3.93"
"DGS5","2022-11-18","3.99"
"DGS5","2022-11-21","3.97"
"DGS5","2022-11-22","3.93"
"DGS5","2022-11-23","3.88"
"DGS5","2022-11-24","."
"DGS5","2022-11-25","3.85"
"DGS5","2022-11-28","3.88"
"DGS5","2022-11-29","3.92"
"DGS5","2022-11-30","3.82"
"DGS5","2022-12-01","3.68"
"DGS5","2022-12-02","3.67"
"DGS5","2022-12-05","3.80"
"DGS5","2022-12-06","3.73"
"DGS5","2022-12-07","3.62"
"DGS5","2022-12-08","3.71"
"DGS5","2022-12-09","3.75"
"DGS5","2022-12-12","3.80"
"DGS5","2022-12-13","3.66"
"DGS5","2022-12-14","3.64"
"DGS5","2022-12-15","3.62"
"DGS5","2022-12-16","3.61"
"DGS5","2022-12-19","3.70"
"DGS5","2022-12-20","3.79"
"DGS5","2022-12-21","3.78"
"DGS5","2022-12-22","3.79"
"DGS5","2022-12-23","3.86"
"DGS5","2022-12-26","."
"DGS5","2022-12-27","3.94"
"DGS5","2022-12-28","3.97"
"DGS5","2022-12-29","3.94"
"DGS5","2022-12-30","3.99"
"DGS5","2023-01-02","."
"DGS5","2023-01-03","3.94"
"DGS5","2023-01-04","3.85"
"DGS5","2023-01-05","3.90"
"DGS5","2023-01-06","3.69"
"DGS5","2023-01-09","3.66"
"DGS5","2023-01-10","3.72"
"DGS5","2023-01-11","3.66"
"DGS5","2023-01-12","3.53"
"DGS5","2023-01-13","3.60"
"DGS5","2023-01-16","."
"DGS5","2023-01-17","3.60"
"DGS5","2023-01-18","3.43"
"DGS5","2023-01-19","3.48"
"DGS5","2023-01-20","3.56"
"DGS5","2023-01-23","3.61"
"DGS5","2023-01-24","3.58"
"DGS5","2023-01-25","3.54"
"DGS5","2023-01-26","3.58"
"DGS5","2023-01-27","3.62"
"DGS5","2023-01-30","3.68"
"DGS5","2023-01-31","3.63"
"DGS5","2023-02-01","3.48"
"DGS5","2023-02-02","3.49"
"DGS5","2023-02-03","3.67"
"DGS5","2023-02-06","3.81"
"DGS5","2023-02-07","3.85"
"DGS5","2023-02-08","3.82"
"DGS5","2023-02-09","3.87"
"DGS5","2023-02-10","3.93"
"DGS5","2023-02-13","3.93"
"DGS5","2023-02-14","4.00"
"DGS5","2023-02-15","4.04"
"DGS5","2023-02-16","4.06"
"DGS5","2023-02-17","4.03"
"DGS5","2023-02-20","."
"DGS5","2023-02-21","4.16"
"DGS5","2023-02-22","4.13"
"DGS5","2023-02-23","4.09"
"DGS5","2023-02-24","4.19"
"DGS5","2023-02-27","4.17"
"DGS5","2023-02-28","4.18"
"DGS5","2023-03-01","4.27"
"DGS5","2023-03-02","4.32"
"DGS5","2023-03-03","4.26"
"DGS5","2023-03-06","4.27"
"DGS5","2023-03-07","4.31"
"DGS5","2023-03-08","4.34"
"DGS5","2023-03-09","4.22"
"DGS5","2023-03-10","3.96"
"DGS5","2023-03-13","3.68"
"DGS5","2023-03-14","3.78"
"DGS5","2023-03-15","3.59"
"DGS5","2023-03-16","3.72"
"DGS5","2023-03-17","3.44"
"DGS5","2023-03-20","3.56"
"DGS5","2023-03-21","3.73"
"DGS5","2023-03-22","3.54"
"DGS5","2023-03-23","3.39"
"DGS5","2023-03-24","3.41"
"DGS5","2023-03-27","3.59"
"DGS5","2023-03-28","3.63"
"DGS5","2023-03-29","3.67"
"DGS5","2023-03-30","3.66"
"DGS5","2023-03-31","3.60"
"DGS5","2023-04-03","3.52"
"DGS5","2023-04-04","3.39"
"DGS5","2023-04-05","3.36"
"DGS5","2023-04-06","3.37"
"DGS5","2023-04-07","3.49"
"DGS5","2023-04-10","3.52"
"DGS5","2023-04-11","3.54"
"DGS5","2023-04-12","3.46"
"DGS5","2023-04-13","3.51"
"DGS5","2023-04-14","3.60"
"DGS5","2023-04-17","3.69"
"DGS5","2023-04-18","3.69"
"DGS5","2023-04-19","3.71"
"DGS5","2023-04-20","3.63"
"DGS5","2023-04-21","3.66"
"DGS5","2023-04-24","3.60"
"DGS5","2023-04-25","3.43"
"DGS5","2023-04-26","3.46"
"DGS5","2023-04-27","3.60"
"DGS5","2023-04-28","3.51"
"DGS5","2023-05-01","3.64"
"DGS5","2023-05-02","3.46"
"DGS5","2023-05-03","3.37"
"DGS5","2023-05-04","3.29"
"DGS5","2023-05-05","3.41"
"DGS5","2023-05-08","3.49"
"DGS5","2023-05-09","3.51"
"DGS5","2023-05-10","3.37"
"DGS5","2023-05-11","3.36"
"DGS5","2023-05-12","3.45"
"DGS5","2023-05-15","3.46"
"DGS5","2023-05-16","3.52"
"DGS5","2023-05-17","3.58"
"DGS5","2023-05-18","3.69"
"DGS5","2023-05-19","3.76"
"DGS5","2023-05-22","3.77"
"DGS5","2023-05-23","3.76"
"DGS5","2023-05-24","3.75"
"DGS5","2023-05-25","3.90"
"DGS5","2023-05-26","3.92"
"DGS5","2023-05-29","."
"DGS5","2023-05-30","3.81"
"DGS5","2023-05-31","3.74"
"DGS5","2023-06-01","3.70"
"DGS5","2023-06-02","3.84"
"DGS5","2023-06-05","3.82"
"DGS5","2023-06-06","3.85"
"DGS5","2023-06-07","3.93"
"DGS5","2023-06-08","3.87"
"DGS5","2023-06-09","3.92"
"DGS5","2023-06-12","3.89"
"DGS5","2023-06-13","4.01"
"DGS5","2023-06-14","4.06"
"DGS5","2023-06-15","3.91"
"DGS5","2023-06-16","3.99"
"DGS5","2023-06-19","."
"DGS5","2023-06-20","3.96"
"DGS5","2023-06-21","3.95"
"DGS5","2023-06-22","4.03"
"DGS5","2023-06-23","3.99"
"DGS5","2023-06-26","3.96"
"DGS5","2023-06-27","4.02"
"DGS5","2023-06-28","3.97"
"DGS5","2023-06-29","4.14"
"DGS5","2023-06-30","4.13"
"DGS5","2023-07-03","4.19"
"DGS5","2023-07-04","."
"DGS5","2023-07-05","4.25"
"DGS5","2023-07-06","4.37"
"DGS5","2023-07-07","4.35"
"DGS5","2023-07-10","4.25"
"DGS5","2023-07-11","4.24"
"DGS5","2023-07-12","4.07"
"DGS5","2023-07-13","3.93"
"DGS5","2023-07-14","4.04"
"DGS5","2023-07-17","4.02"
"DGS5","2023-07-18","4.00"
"DGS5","2023-07-19","3.98"
"DGS5","2023-07-20","4.08"
"DGS5","2023-07-21","4.09"
"DGS5","2023-07-24","4.13"
"DGS5","2023-07-25","4.15"
"DGS5","2023-07-26","4.09"
"DGS5","2023-07-27","4.24"
"DGS5","2023-07-28","4.18"
"DGS5","2023-07-31","4.18"
"DGS5","2023-08-01","4.24"
"DGS5","2023-08-02","4.24"
"DGS5","2023-08-03","4.30"
"DGS5","2023-08-04","4.15"
"DGS5","2023-08-07","4.16"
"DGS5","2023-08-08","4.10"
"DGS5","2023-08-09","4.12"
"DGS5","2023-08-10","4.21"
"DGS5","2023-08-11","4.31"
"DGS5","2023-08-14","4.36"
"DGS5","2023-08-15","4.36"
"DGS5","2023-08-16","4.42"
"DGS5","2023-08-17","4.42"
"DGS5","2023-08-18","4.38"
"DGS5","2023-08-21","4.46"
"DGS5","2023-08-22","4.49"
"DGS5","2023-08-23","4.36"
"DGS5","2023-08-24","4.39"
"DGS5","2023-08-25","4.44"
"DGS5","2023-08-28","4.38"
"DGS5","2023-08-29","4.26"
"DGS5","2023-08-30","4.27"
"DGS5","2023-08-31","4.23"
"DGS5","2023-09-01","4.29"
"DGS5","2023-09-04","."
"DGS5","2023-09-05","4.37"
"DGS5","2023-09-06","4.44"
"DGS5","2023-09-07","4.38"
"DGS5","2023-09-08","4.39"
"DGS5","2023-09-11","4.40"
"DGS5","2023-09-12","4.41"
"DGS5","2023-09-13","4.39"
"DGS5","2023-09-14","4.42"
"DGS5","2023-09-15","4.45"
"DGS5","2023-09-18","4.46"
"DGS5","2023-09-19","4.51"
"DGS5","2023-09-20","4.52"
"DGS5","2023-09-21","4.61"
"DGS5","2023-09-22","4.57"
"DGS5","2023-09-25","4.62"
"DGS5","2023-09-26","4.62"
"DGS5","2023-09-27","4.67"
"DGS5","2023-09-28","4.62"
"DGS5","2023-09-29","4.60"
"DGS5","2023-10-02","4.72"
"DGS5","2023-10-03","4.80"
"DGS5","2023-10-04","4.72"
"DGS5","2023-10-05","4.68"
"DGS5","2023-10-06","4.75"
"DGS5","2023-10-09","."
"DGS5","2023-10-10","4.62"
"DGS5","2023-10-11","4.59"
"DGS5","2023-10-12","4.69"
"DGS5","2023-10-13","4.65"
"DGS5","2023-10-16","4.72"
"DGS5","2023-10-17","4.86"
"DGS5","2023-10-18","4.92"
"DGS5","2023-10-19","4.95"
"DGS5","2023-10-20","4.86"
"DGS5","2023-10-23","4.81"
"DGS5","2023-10-24","4.82"
"DGS5","2023-10-25","4.89"
"DGS5","2023-10-26","4.79"
"DGS5","2023-10-27","4.76"
"DGS5","2023-10-30","4.80"
"DGS5","2023-10-31","4.82"
"DGS5","2023-11-01","4.67"
"DGS5","2023-11-02","4.65"
"DGS5","2023-11-03","4.49"
"DGS5","2023-11-06","4.60"
"DGS5","2023-11-07","4.53"
"DGS5","2023-11-08","4.51"
"DGS5","2023-11-09","4.65"
"DGS5","2023-11-10","4.65"
"DGS5","2023-11-13","4.66"
"DGS5","2023-11-14","4.42"
"DGS5","2023-11-15","4.52"
"DGS5","2023-11-16","4.43"
"DGS5","2023-11-17","4.45"
"DGS5","2023-11-20","4.44"
"DGS5","2023-11-21","4.41"
"DGS5","2023-11-22","4.44"
"DGS5","2023-11-23","."
"DGS5","2023-11-24","4.49"
"DGS5","2023-11-27","4.38"
"DGS5","2023-11-28","4.29"
"DGS5","2023-11-29","4.22"
"DGS5","2023-11-30","4.31"
"DGS5","2023-12-01","4.14"
"DGS5","2023-12-04","4.23"
"DGS5","2023-12-05","4.14"
"DGS5","2023-12-06","4.12"
"DGS5","2023-12-07","4.11"
"DGS5","2023-12-08","4.24"
"DGS5","2023-12-11","4.25"
"DGS5","2023-12-12","4.23"
"DGS5","2023-12-13","4.00"
"DGS5","2023-12-14","3.90"
"DGS5","2023-12-15","3.91"
"DGS5","2023-12-18","3.94"
"DGS5","2023-12-19","3.94"
"DGS5","2023-12-20","3.86"
"DGS5","2023-12-21","3.87"
"DGS5","2023-12-22","3.87"
"DGS5","2023-12-25","."
"DGS5","2023-12-26","3.89"
"DGS5","2023-12-27","3.78"
"DGS5","2023-12-28","3.83"
"DGS5","2023-12-29","3.84"
"DGS5","2024-01-01","."
"DGS5","2024-01-02","3.93"
"DGS5","2024-01-03","3.90"
"DGS5","2024-01-04","3.97"
"DGS5","2024-01-05","4.02"
"DGS5","2024-01-08","3.97"
"DGS5","2024-01-09","3.97"
"DGS5","2024-01-10","3.99"
"DGS5","2024-01-11","3.90"
"DGS5","2024-01-12","3.84"
"DGS5","2024-01-15","."
"DGS5","2024-01-16","3.95"
"DGS5","2024-01-17","4.02"
"DGS5","2024-01-18","4.04"
"DGS5","2024-01-19","4.08"
"DGS5","2024-01-22","4.03"
"DGS5","2024-01-23","4.06"
"DGS5","2024-01-24","4.06"
"DGS5","2024-01-25","4.01"
"DGS5","2024-01-26","4.04"
"DGS5","2024-01-29","3.97"
"DGS5","2024-01-30","4.00"
"DGS5","2024-01-31","3.91"
"DGS5","2024-02-01","3.80"
"DGS5","2024-02-02","3.99"
"DGS5","2024-02-05","4.13"
"DGS5","2024-02-06","4.03"
"DGS5","2024-02-07","4.06"
"DGS5","2024-02-08","4.12"
"DGS5","2024-02-09","4.14"
"DGS5","2024-02-12","4.13"
"DGS5","2024-02-13","4.31"
"DGS5","2024-02-14","4.25"
"DGS5","2024-02-15","4.22"
"DGS5","2024-02-16","4.29"
"DGS5","2024-02-19","."
"DGS5","2024-02-20","4.25"
"DGS5","2024-02-21","4.3"
"DGS5","2024-02-22","4.33"
"DGS5","2024-02-23","4.28"
"DGS5","2024-02-26","4.29"
"DGS5","2024-02-27","4.32"
"DGS5","2024-02-28","4.26"
"DGS5","2024-02-29","4.26"
"DGS5","2024-03-01","4.17"
"DGS5","2024-03-04","4.21"
"DGS5","2024-03-05","4.13"
"DGS5","2024-03-06","4.12"
"DGS5","2024-03-07","4.07"
"DGS5","2024-03-08","4.06"
"DGS5","2024-03-11","4.08"
"DGS5","2024-03-12","4.15"
"DGS5","2024-03-13","4.19"
"DGS5","2024-03-14","4.29"
"DGS5","2024-03-15","4.33"
"DGS5","2024-03-18","4.36"
"DGS5","2024-03-19","4.31"
"DGS5","2024-03-20","4.25"
"DGS5","2024-03-21","4.26"
"DGS5","2024-03-22","4.2"
"DGS5","2024-03-25","4.23"
"DGS5","2024-03-26","4.22"
"DGS5","2024-03-27","4.18"
"DGS5","2024-03-28","4.21"
"DGS5","2024-03-29","."
"DGS5","2024-04-01","4.34"
"DGS5","2024-04-02","4.35"
"DGS5","2024-04-03","4.34"
"DGS5","2024-04-04","4.3"
"DGS5","2024-04-05","4.38"
"DGS5","2024-04-08","4.43"
"DGS5","2024-04-09","4.37"
"DGS5","2024-04-10","4.61"
"DGS5","2024-04-11","4.61"
"DGS5","2024-04-12","4.54"
"DGS5","2024-04-15","4.65"
"DGS5","2024-04-16","4.69"
"DGS5","2024-04-17","4.62"
"DGS5","2024-04-18","4.68"
"DGS5","2024-04-19","4.66"
"DGS5","2024-04-22","4.66"
"DGS5","2024-04-23","4.63"
"DGS5","2024-04-24","4.64"
"DGS5","2024-04-25","4.7"
"DGS5","2024-04-26","4.68"
"DGS5","2024-04-29","4.65"
"DGS5","2024-04-30","4.72"
"DGS5","2024-05-01","4.64"
"DGS5","2024-05-02","4.57"
"DGS5","2024-05-03","4.48"
"DGS5","2024-05-06","4.48"
"DGS5","2024-05-07","4.48"
"DGS5","2024-05-08","4.5"
"DGS5","2024-05-09","4.47"
"DGS5","2024-05-10","4.52"
"DGS5","2024-05-13","4.5"
"DGS5","2024-05-14","4.46"
"DGS5","2024-05-15","4.35"
"DGS5","2024-05-16","4.4"
"DGS5","2024-05-17","4.44"
"DGS5","2024-05-20","4.46"
"DGS5","2024-05-21","4.43"
"DGS5","2024-05-22","4.47"
"DGS5","2024-05-23","4.52"
"DGS5","2024-05-24","4.53"
"DGS5","2024-05-27","."
"DGS5","2024-05-28","4.56"
"DGS5","2024-05-29","4.63"
"DGS5","2024-05-30","4.57"
"DGS5","2024-05-31","4.52"
"DGS5","2024-06-03","4.42"
"DGS5","2024-06-04","4.35"
"DGS5","2024-06-05","4.31"
"DGS5","2024-06-06","4.29"
"DGS5","2024-06-07","4.46"
"DGS5","2024-06-10","4.48"
"DGS5","2024-06-11","4.41"
"DGS5","2024-06-12","4.32"
"DGS5","2024-06-13","4.24"
"DGS5","2024-06-14","4.22"
"DGS5","2024-06-17","4.3"
"DGS5","2024-06-18","4.24"
"DGS5","2024-06-19","."
"DGS5","2024-06-20","4.26"
"DGS5","2024-06-21","4.26"
"DGS5","2024-06-24","4.27"
"DGS5","2024-06-25","4.25"
"DGS5","2024-06-26","4.32"
"DGS5","2024-06-27","4.29"
"DGS5","2024-06-28","4.33"
"DGS5","2024-07-01","4.44"
"DGS5","2024-07-02","4.39"
"DGS5","2024-07-03","4.33"
"DGS5","2024-07-04","."
"DGS5","2024-07-05","4.22"
"DGS5","2024-07-08","4.23"
"DGS5","2024-07-09","4.24"
"DGS5","2024-07-10","4.24"
"DGS5","2024-07-11","4.13"
"DGS5","2024-07-12","4.1"
"DGS5","2024-07-15","4.13"
"DGS5","2024-07-16","4.09"
"DGS5","2024-07-17","4.07"
"DGS5","2024-07-18","4.11"
"DGS5","2024-07-19","4.16"
"DGS5","2024-07-22","4.17"
"DGS5","2024-07-23","4.15"
"DGS5","2024-07-24","4.12"
"DGS5","2024-07-25","4.13"
"DGS5","2024-07-26","4.06"
"DGS5","2024-07-29","4.05"
"DGS5","2024-07-30","4.03"
"DGS5","2024-07-31","3.97"
"DGS5","2024-08-01","3.84"
"DGS5","2024-08-02","3.62"
"DGS5","2024-08-05","3.62"
"DGS5","2024-08-06","3.73"
"DGS5","2024-08-07","3.79"
"DGS5","2024-08-08","3.83"
"DGS5","2024-08-09","3.8"
"DGS5","2024-08-12","3.75"
"DGS5","2024-08-13","3.68"
"DGS5","2024-08-14","3.67"
"DGS5","2024-08-15","3.79"
"DGS5","2024-08-16","3.77"
"DGS5","2024-08-19","3.75"
"DGS5","2024-08-20","3.7"
"DGS5","2024-08-21","3.64"
"DGS5","2024-08-22","3.72"
"DGS5","2024-08-23","3.65"
"DGS5","2024-08-26","3.66"
"DGS5","2024-08-27","3.66"
"DGS5","2024-08-28","3.63"
"DGS5","2024-08-29","3.66"
"DGS5","2024-08-30","3.71"
"DGS5","2024-09-02","."
"DGS5","2024-09-03","3.65"
"DGS5","2024-09-04","3.56"
"DGS5","2024-09-05","3.54"
"DGS5","2024-09-06","3.5"
"DGS5","2024-09-09","3.49"
"DGS5","2024-09-10","3.43"
"DGS5","2024-09-11","3.45"
"DGS5","2024-09-12","3.47"
"DGS5","2024-09-13","3.43"
"DGS5","2024-09-16","3.41"
"DGS5","2024-09-17","3.44"
"DGS5","2024-09-18","3.47"
"DGS5","2024-09-19","3.49"
"DGS5","2024-09-20","3.48"
"DGS5","2024-09-23","3.51"
"DGS5","2024-09-24","3.47"
"DGS5","2024-09-25","3.52"
"DGS5","2024-09-26","3.55"
"DGS5","2024-09-27","3.5"
"DGS5","2024-09-30","3.58"
"DGS5","2024-10-01","3.51"
"DGS5","2024-10-02","3.55"
"DGS5","2024-10-03","3.62"
"DGS5","2024-10-04","3.81"
"DGS5","2024-10-07","3.86"
"DGS5","2024-10-08","3.86"
"DGS5","2024-10-09","3.91"
"DGS5","2024-10-10","3.91"
"DGS5","2024-10-11","3.88"
"DGS5","2024-10-14","."
"DGS5","2024-10-15","3.86"
"DGS5","2024-10-16","3.84"
"DGS5","2024-10-17","3.9"
"DGS5","2024-10-18","3.88"
"DGS5","2024-10-21","3.98"
"DGS5","2024-10-22","4.0"
"DGS5","2024-10-23","4.05"
"DGS5","2024-10-24","4.03"
"DGS5","2024-10-25","4.07"
"DGS5","2024-10-28","4.11"
"DGS5","2024-10-29","4.11"
"DGS5","2024-10-30","4.14"
"DGS5","2024-10-31","4.15"
"DGS5","2024-11-01","4.22"
"DGS5","2024-11-04","4.17"
"DGS5","2024-11-05","4.16"
"DGS5","2024-11-06","4.27"
"DGS5","2024-11-07","4.17"
"DGS5","2024-11-08","4.2"
"DGS5","2024-11-11","."
"DGS5","2024-11-12","4.32"
"DGS5","2024-11-13","4.3"
"DGS5","2024-11-14","4.32"
"DGS5","2024-11-15","4.3"
"DGS5","2024-11-18","4.28"
"DGS5","2024-11-19","4.25"
"DGS5","2024-11-20","4.28"
"DGS5","2024-11-21","4.3"
"DGS5","2024-11-22","4.3"
"DGS5","2024-11-25","4.17"
"DGS5","2024-11-26","4.17"
"DGS5","2024-11-27","4.11"
"DGS5","2024-11-28","."
"DGS5","2024-11-29","4.05"
"DGS5","2024-12-02","4.08"
"DGS5","2024-12-03","4.11"
"DGS5","2024-12-04","4.07"
"DGS5","2024-12-05","4.07"
"DGS5","2024-12-06","4.03"
"DGS5","2024-12-09","4.07"
"DGS5","2024-12-10","4.09"
"DGS5","2024-12-11","4.13"
"DGS5","2024-12-12","4.18"
"DGS5","2024-12-13","4.25"
"DGS5","2024-12-16","4.25"
"DGS5","2024-12-17","4.26"
"DGS5","2024-12-18","4.4"
"DGS5","2024-12-19","4.43"
"DGS5","2024-12-20","4.37"
"DGS5","2024-12-23","4.44"
"DGS5","2024-12-24","4.43"
"DGS5","2024-12-25","."
"DGS5","2024-12-26","4.42"
"DGS5","2024-12-27","4.45"
"DGS5","2024-12-30","4.37"
"DGS5","2024-12-31","4.38"
"DGS5","2025-01-01","."
"DGS5","2025-01-02","4.38"
"DGS5","2025-01-03","4.41"
"DGS5","2025-01-06","4.42"
"DGS5","2025-01-07","4.46"
"DGS5","2025-01-08","4.45"
"DGS5","2025-01-09","4.46"
"DGS5","2025-01-10","4.59"
"DGS5","2025-01-13","4.61"
"DGS5","2025-01-14","4.59"
"DGS5","2025-01-15","4.45"
"DGS5","2025-01-16","4.39"
"DGS5","2025-01-17","4.42"
"DGS5","2025-01-20","."
"DGS5","2025-01-21","4.4"
"DGS5","2025-01-22","4.43"
"DGS5","2025-01-23","4.45"
"DGS5","2025-01-24","4.43"
"DGS5","2025-01-27","4.32"
"DGS5","2025-01-28","4.33"
"DGS5","2025-01-29","4.35"
"DGS5","2025-01-30","4.31"
"DGS5","2025-01-31","4.36"
"DGS5","2025-02-03","4.35"
"DGS5","2025-02-04","4.31"
"DGS5","2025-02-05","4.24"
"DGS5","2025-02-06","4.28"
"DGS5","2025-02-07","4.34"
"DGS5","2025-02-10","4.34"
"DGS5","2025-02-11","4.37"
"DGS5","2025-02-12","4.48"
"DGS5","2025-02-13","4.39"
"DGS5","2025-02-14","4.33"
"DGS5","2025-02-17","."
"DGS5","2025-02-18","4.4"
"DGS5","2025-02-19","4.37"
"DGS5","2025-02-20","4.34"
"DGS5","2025-02-21","4.26"
"DGS5","2025-02-24","4.23"
"DGS5","2025-02-25","4.12"
"DGS5","2025-02-26","4.06"
"DGS5","2025-02-27","4.09"
"DGS5","2025-02-28","4.03"
"DGS5","2025-03-03","3.97"
"DGS5","2025-03-04","4.01"
"DGS5","2025-03-05","4.08"
"DGS5","2025-03-06","4.06"
"DGS5","2025-03-07","4.09"
"DGS5","2025-03-10","3.98"
"DGS5","2025-03-11","4.03"
"DGS5","2025-03-12","4.09"
"DGS5","2025-03-13","4.02"
"DGS5","2025-03-14","4.09"
"DGS5","2025-03-17","4.11"
"DGS5","2025-03-18","4.07"
"DGS5","2025-03-19","4.03"
"DGS5","2025-03-20","4.01"
"DGS5","2025-03-21","4.0"
"DGS5","2025-03-24","4.09"
"DGS5","2025-03-25","4.07"
"DGS5","2025-03-26","4.08"
"DGS5","2025-03-27","4.09"
"DGS5","2025-03-28","3.98"
"DGS5","2025-03-31","3.96"
"DGS5","2025-04-01","3.91"
"DGS5","2025-04-02","3.95"
"DGS5","2025-04-03","3.75"
"DGS5","2025-04-04","3.72"
"DGS5","2025-04-07","3.82"
"DGS5","2025-04-08","3.88"
"DGS5","2025-04-09","4.06"
"DGS5","2025-04-10","4.04"
"DGS5","2025-04-11","4.15"
"DGS5","2025-04-14","4.02"
"DGS5","2025-04-15","3.98"
"DGS5","2025-04-16","3.91"
"DGS5","2025-04-17","3.95"
"DGS5","2025-04-18","."
"DGS5","2025-04-21","3.97"
"DGS5","2025-04-22","3.98"
"DGS5","2025-04-23","4.0"
"DGS5","2025-04-24","3.91"
"DGS5","2025-04-25","3.88"
"DGS5","2025-04-28","3.81"
"DGS5","2025-04-29","3.77"
"DGS5","2025-04-30","3.72"
"DGS5","2025-05-01","3.81"
"DGS5","2025-05-02","3.92"
"DGS5","2025-05-05","3.95"
"DGS5","2025-05-06","3.9"
"DGS5","2025-05-07","3.87"
"DGS5","2025-05-08","4.0"
"DGS5","2025-05-09","4.0"
"DGS5","2025-05-12","4.09"
"DGS5","2025-05-13","4.12"
"DGS5","2025-05-14","4.17"
"DGS5","2025-05-15","4.07"
"DGS5","2025-05-16","4.06"
"DGS5","2025-05-19","4.07"
"DGS5","2025-05-20","4.07"
"DGS5","2025-05-21","4.15"
"DGS5","2025-05-22","4.11"
"DGS5","2025-05-23","4.08"
"DGS5","2025-05-26","."
"DGS5","2025-05-27","4.04"
"DGS5","2025-05-28","4.05"
"DGS5","2025-05-29","4.0"
"DGS5","2025-05-30","3.96"
"DGS5","2025-06-02","4.01"
"DGS5","2025-06-03","4.04"
"DGS5","2025-06-04","3.93"
"DGS5","2025-06-05","3.99"
"DGS5","2025-06-06","4.13"
"DGS5","2025-06-09","4.09"
"DGS5","2025-06-10","4.08"
"DGS5","2025-06-11","4.02"
"DGS5","2025-06-12","3.97"
"DGS5","2025-06-13","4.02"
"DGS5","2025-06-16","4.04"
"DGS5","2025-06-17","3.99"
"DGS5","2025-06-18","3.98"
"DGS5","2025-06-19","."
"DGS5","2025-06-20","3.96"
"DGS5","2025-06-23","3.91"
"DGS5","2025-06-24","3.86"
"DGS5","2025-06-25","3.83"
"DGS5","2025-06-26","3.79"
"DGS5","2025-06-27","3.83"
"DGS5","2025-06-30","3.79"
"DGS5","2025-07-01","3.84"
"DGS5","2025-07-02","3.87"
"DGS5","2025-07-03","3.94"
"DGS5","2025-07-04","."
"DGS5","2025-07-07","3.96"
"DGS5","2025-07-08","3.99"
"DGS5","2025-07-09","3.92"
"DGS5","2025-07-10","3.93"
"DGS5","2025-07-11","3.99"
"DGS5","2025-07-14","3.98"
"DGS5","2025-07-15","4.05"
"DGS5","2025-07-16","3.99"
"DGS5","2025-07-17","4.01"
"DGS5","2025-07-18","3.96"
"DGS5","2025-07-21","3.91"
"DGS5","2025-07-22","3.88"
"DGS5","2025-07-23","3.94"
"DGS5","2025-07-24","3.98"
"DGS5","2025-07-25","3.95"
"DGS5","2025-07-28","3.96"
"DGS5","2025-07-29","3.9"
"DGS5","2025-07-30","3.96"
"DGS5","2025-07-31","3.96"
"DGS5","2025-08-01","3.77"
"DGS5","2025-08-04","3.75"
"DGS5","2025-08-05","3.77"
"DGS5","2025-08-06","3.77"
"DGS5","2025-08-07","3.79"
"DGS5","2025-08-08","3.84"
"DGS5","2025-08-11","3.83"
"DGS5","2025-08-12","3.83"
"DGS5","2025-08-13","3.77"
"DGS5","2025-08-14","3.82"
"DGS5","2025-08-15","3.85"
"DGS5","2025-08-18","3.86"
"DGS5","2025-08-19","3.82"
"DGS5","2025-08-20","3.81"
"DGS5","2025-08-21","3.86"
"DGS5","2025-08-22","3.76"
"DGS5","2025-08-25","3.8"
"DGS5","2025-08-26","3.75"
"DGS5","2025-08-27","3.69"
"DGS5","2025-08-28","3.69"
"DGS5","2025-08-29","3.68"
"DGS5","2025-09-01","."
"DGS5","2025-09-02","3.74"
"DGS5","2025-09-03","3.69"
"DGS5","2025-09-04","3.65"
"DGS5","2025-09-05","3.59"
"DGS5","2025-09-08","3.57"
"DGS5","2025-09-09","3.61"
"DGS5","2025-09-10","3.59"
"DGS5","2025-09-11","3.59"
"DGS5","2025-09-12","3.63"
"DGS5","2025-09-15","3.61"
"DGS5","2025-09-16","3.59"
"DGS5","2025-09-17","3.62"
"DGS5","2025-09-18","3.67"
"DGS5","2025-09-19","3.68"
"DGS5","2025-09-22","3.71"
"DGS5","2025-09-23","3.68"
"DGS5","2025-09-24","3.7"
"DGS5","2025-09-25","3.75"
"DGS5","2025-09-26","3.76"
"DGS5","2025-09-29","3.74"
"DGS5","2025-09-30","3.74"
"DGS5","2025-10-01","3.68"
"DGS5","2025-10-02","3.67"
"DGS5","2025-10-03","3.72"
"DGS5","2025-10-06","3.75"
"DGS5","2025-10-07","3.71"
"DGS5","2025-10-08","3.72"
"DGS5","2025-10-09","3.74"
"DGS5","2025-10-10","3.65"
"DGS5","2025-10-13","."
"DGS5","2025-10-14","3.6"
"DGS5","2025-10-15","3.63"
"DGS5","2025-10-16","3.55"
"DGS5","2025-10-17","3.59"
"DGS5","2025-10-20","3.58"
"DGS5","2025-10-21","3.56"
"DGS5","2025-10-22","3.56"
"DGS5","2025-10-23","3.61"
"DGS5","2025-10-24","3.61"
"DGS5","2025-10-27","3.61"
"DGS5","2025-10-28","3.6"
"DGS5","2025-10-29","3.7"
"DGS5","2025-10-30","3.72"
"DGS5","2025-10-31","3.71"
"DGS5","2025-11-03","3.72"
"DGS5","2025-11-04","3.69"
"DGS5","2025-11-05","3.76"
"DGS5","2025-11-06","3.69"
"DGS5","2025-11-07","3.67"
"DGS5","2025-11-10","3.72"
"DGS5","2025-11-11","."
"DGS5","2025-11-12","3.68"
"DGS5","2025-11-13","3.71"
"DGS5","2025-11-14","3.74"
"DGS5","2025-11-17","3.72"
"DGS5","2025-11-18","3.7"
"DGS5","2025-11-19","3.71"
"DGS5","2025-11-20","3.68"
"DGS5","2025-11-21","3.62"
"DGS5","2025-11-24","3.61"
"DGS5","2025-11-25","3.55"
"DGS5","2025-11-26","3.56"
"DGS5","2025-11-27","."
"DGS5","2025-11-28","3.59"
"DGS5","2025-12-01","3.67"
"DGS5","2025-12-02","3.66"
"DGS5","2025-12-03","3.62"
"DGS5","2025-12-04","3.68"
"DGS5","2025-12-05","3.72"
"DGS5","2025-12-08","3.75"
"DGS5","2025-12-09","3.78"
"DGS5","2025-12-10","3.72"
"DGS5","2025-12-11","3.72"
"DGS5","2025-12-12","3.75"
"DGS5","2025-12-15","3.73"
"DGS5","2025-12-16","3.69"
"DGS5","2025-12-17","3.7"
"DGS5","2025-12-18","3.66"
"DGS5","2025-12-19","3.7"
"DGS5","2025-12-22","3.71"
"DGS5","2025-12-23","3.72"
"DGS5","2025-12-24","3.7"
"DGS5","2025-12-25","."
"DGS5","2025-12-26","3.68"
"DGS5","2025-12-29","3.67"
"DGS5","2025-12-30","3.68"
"DGS5","2025-12-31","3.73"
"DGS7","2018-01-01","."
"DGS7","2018-01-02","2.38"
"DGS7","2018-01-03","2.37"
"DGS7","2018-01-04","2.38"
"DGS7","2018-01-05","2.40"
"DGS7","2018-01-08","2.41"
"DGS7","2018-01-09","2.46"
"DGS7","2018-01-10","2.47"
"DGS7","2018-01-11","2.46"
"DGS7","2018-01-12","2.48"
"DGS7","2018-01-15","."
"DGS7","2018-01-16","2.48"
"DGS7","2018-01-17","2.51"
"DGS7","2018-01-18","2.55"
"DGS7","2018-01-19","2.57"
"DGS7","2018-01-22","2.59"
"DGS7","2018-01-23","2.55"
"DGS7","2018-01-24","2.57"
"DGS7","2018-01-25","2.55"
"DGS7","2018-01-26","2.60"
"DGS7","2018-01-29","2.63"
"DGS7","2018-01-30","2.65"
"DGS7","2018-01-31","2.66"
"DGS7","2018-02-01","2.72"
"DGS7","2018-02-02","2.76"
"DGS7","2018-02-05","2.68"
"DGS7","2018-02-06","2.70"
"DGS7","2018-02-07","2.75"
"DGS7","2018-02-08","2.76"
"DGS7","2018-02-09","2.72"
"DGS7","2018-02-12","2.77"
"DGS7","2018-02-13","2.74"
"DGS7","2018-02-14","2.84"
"DGS7","2018-02-15","2.83"
"DGS7","2018-02-16","2.81"
"DGS7","2018-02-19","."
"DGS7","2018-02-20","2.81"
"DGS7","2018-02-21","2.86"
"DGS7","2018-02-22","2.84"
"DGS7","2018-02-23","2.79"
"DGS7","2018-02-26","2.77"
"DGS7","2018-02-27","2.83"
"DGS7","2018-02-28","2.80"
"DGS7","2018-03-01","2.74"
"DGS7","2018-03-02","2.79"
"DGS7","2018-03-05","2.81"
"DGS7","2018-03-06","2.81"
"DGS7","2018-03-07","2.81"
"DGS7","2018-03-08","2.79"
"DGS7","2018-03-09","2.82"
"DGS7","2018-03-12","2.79"
"DGS7","2018-03-13","2.77"
"DGS7","2018-03-14","2.75"
"DGS7","2018-03-15","2.76"
"DGS7","2018-03-16","2.78"
"DGS7","2018-03-19","2.78"
"DGS7","2018-03-20","2.82"
"DGS7","2018-03-21","2.82"
"DGS7","2018-03-22","2.76"
"DGS7","2018-03-23","2.74"
"DGS7","2018-03-26","2.78"
"DGS7","2018-03-27","2.70"
"DGS7","2018-03-28","2.72"
"DGS7","2018-03-29","2.68"
"DGS7","2018-03-30","."
"DGS7","2018-04-02","2.67"
"DGS7","2018-04-03","2.73"
"DGS7","2018-04-04","2.73"
"DGS7","2018-04-05","2.76"
"DGS7","2018-04-06","2.70"
"DGS7","2018-04-09","2.72"
"DGS7","2018-04-10","2.74"
"DGS7","2018-04-11","2.72"
"DGS7","2018-04-12","2.78"
"DGS7","2018-04-13","2.77"
"DGS7","2018-04-16","2.78"
"DGS7","2018-04-17","2.77"
"DGS7","2018-04-18","2.83"
"DGS7","2018-04-19","2.87"
"DGS7","2018-04-20","2.91"
"DGS7","2018-04-23","2.94"
"DGS7","2018-04-24","2.95"
"DGS7","2018-04-25","2.97"
"DGS7","2018-04-26","2.95"
"DGS7","2018-04-27","2.92"
"DGS7","2018-04-30","2.91"
"DGS7","2018-05-01","2.93"
"DGS7","2018-05-02","2.92"
"DGS7","2018-05-03","2.90"
"DGS7","2018-05-04","2.90"
"DGS7","2018-05-07","2.90"
"DGS7","2018-05-08","2.93"
"DGS7","2018-05-09","2.96"
"DGS7","2018-05-10","2.94"
"DGS7","2018-05-11","2.94"
"DGS7","2018-05-14","2.96"
"DGS7","2018-05-15","3.04"
"DGS7","2018-05-16","3.05"
"DGS7","2018-05-17","3.07"
"DGS7","2018-05-18","3.02"
"DGS7","2018-05-21","3.02"
"DGS7","2018-05-22","3.02"
"DGS7","2018-05-23","2.95"
"DGS7","2018-05-24","2.93"
"DGS7","2018-05-25","2.88"
"DGS7","2018-05-28","."
"DGS7","2018-05-29","2.71"
"DGS7","2018-05-30","2.79"
"DGS7","2018-05-31","2.78"
"DGS7","2018-06-01","2.85"
"DGS7","2018-06-04","2.89"
"DGS7","2018-06-05","2.87"
"DGS7","2018-06-06","2.93"
"DGS7","2018-06-07","2.88"
"DGS7","2018-06-08","2.88"
"DGS7","2018-06-11","2.91"
"DGS7","2018-06-12","2.91"
"DGS7","2018-06-13","2.95"
"DGS7","2018-06-14","2.90"
"DGS7","2018-06-15","2.89"
"DGS7","2018-06-18","2.89"
"DGS7","2018-06-19","2.84"
"DGS7","2018-06-20","2.89"
"DGS7","2018-06-21","2.86"
"DGS7","2018-06-22","2.86"
"DGS7","2018-06-25","2.83"
"DGS7","2018-06-26","2.84"
"DGS7","2018-06-27","2.79"
"DGS7","2018-06-28","2.81"
"DGS7","2018-06-29","2.81"
"DGS7","2018-07-02","2.83"
"DGS7","2018-07-03","2.79"
"DGS7","2018-07-04","."
"DGS7","2018-07-05","2.80"
"DGS7","2018-07-06","2.78"
"DGS7","2018-07-09","2.82"
"DGS7","2018-07-10","2.83"
"DGS7","2018-07-11","2.82"
"DGS7","2018-07-12","2.83"
"DGS7","2018-07-13","2.80"
"DGS7","2018-07-16","2.82"
"DGS7","2018-07-17","2.83"
"DGS7","2018-07-18","2.84"
"DGS7","2018-07-19","2.81"
"DGS7","2018-07-20","2.85"
"DGS7","2018-07-23","2.92"
"DGS7","2018-07-24","2.91"
"DGS7","2018-07-25","2.90"
"DGS7","2018-07-26","2.95"
"DGS7","2018-07-27","2.92"
"DGS7","2018-07-30","2.94"
"DGS7","2018-07-31","2.92"
"DGS7","2018-08-01","2.96"
"DGS7","2018-08-02","2.93"
"DGS7","2018-08-03","2.91"
"DGS7","2018-08-06","2.89"
"DGS7","2018-08-07","2.92"
"DGS7","2018-08-08","2.92"
"DGS7","2018-08-09","2.89"
"DGS7","2018-08-10","2.82"
"DGS7","2018-08-13","2.82"
"DGS7","2018-08-14","2.84"
"DGS7","2018-08-15","2.81"
"DGS7","2018-08-16","2.82"
"DGS7","2018-08-17","2.82"
"DGS7","2018-08-20","2.77"
"DGS7","2018-08-21","2.80"
"DGS7","2018-08-22","2.77"
"DGS7","2018-08-23","2.78"
"DGS7","2018-08-24","2.78"
"DGS7","2018-08-27","2.81"
"DGS7","2018-08-28","2.84"
"DGS7","2018-08-29","2.85"
"DGS7","2018-08-30","2.82"
"DGS7","2018-08-31","2.81"
"DGS7","2018-09-03","."
"DGS7","2018-09-04","2.85"
"DGS7","2018-09-05","2.85"
"DGS7","2018-09-06","2.83"
"DGS7","2018-09-07","2.89"
"DGS7","2018-09-10","2.89"
"DGS7","2018-09-11","2.94"
"DGS7","2018-09-12","2.93"
"DGS7","2018-09-13","2.93"
"DGS7","2018-09-14","2.96"
"DGS7","2018-09-17","2.96"
"DGS7","2018-09-18","3.01"
"DGS7","2018-09-19","3.04"
"DGS7","2018-09-20","3.03"
"DGS7","2018-09-21","3.03"
"DGS7","2018-09-24","3.04"
"DGS7","2018-09-25","3.06"
"DGS7","2018-09-26","3.02"
"DGS7","2018-09-27","3.02"
"DGS7","2018-09-28","3.01"
"DGS7","2018-10-01","3.04"
"DGS7","2018-10-02","3.01"
"DGS7","2018-10-03","3.10"
"DGS7","2018-10-04","3.14"
"DGS7","2018-10-05","3.18"
"DGS7","2018-10-08","."
"DGS7","2018-10-09","3.15"
"DGS7","2018-10-10","3.15"
"DGS7","2018-10-11","3.09"
"DGS7","2018-10-12","3.09"
"DGS7","2018-10-15","3.10"
"DGS7","2018-10-16","3.10"
"DGS7","2018-10-17","3.13"
"DGS7","2018-10-18","3.11"
"DGS7","2018-10-19","3.14"
"DGS7","2018-10-22","3.13"
"DGS7","2018-10-23","3.10"
"DGS7","2018-10-24","3.02"
"DGS7","2018-10-25","3.07"
"DGS7","2018-10-26","3.00"
"DGS7","2018-10-29","3.00"
"DGS7","2018-10-30","3.03"
"DGS7","2018-10-31","3.07"
"DGS7","2018-11-01","3.06"
"DGS7","2018-11-02","3.13"
"DGS7","2018-11-05","3.12"
"DGS7","2018-11-06","3.14"
"DGS7","2018-11-07","3.15"
"DGS7","2018-11-08","3.17"
"DGS7","2018-11-09","3.13"
"DGS7","2018-11-12","."
"DGS7","2018-11-13","3.07"
"DGS7","2018-11-14","3.04"
"DGS7","2018-11-15","3.02"
"DGS7","2018-11-16","2.99"
"DGS7","2018-11-19","2.97"
"DGS7","2018-11-20","2.97"
"DGS7","2018-11-21","2.98"
"DGS7","2018-11-22","."
"DGS7","2018-11-23","2.97"
"DGS7","2018-11-26","2.98"
"DGS7","2018-11-27","2.98"
"DGS7","2018-11-28","2.97"
"DGS7","2018-11-29","2.94"
"DGS7","2018-11-30","2.92"
"DGS7","2018-12-03","2.90"
"DGS7","2018-12-04","2.84"
"DGS7","2018-12-05","."
"DGS7","2018-12-06","2.80"
"DGS7","2018-12-07","2.77"
"DGS7","2018-12-10","2.77"
"DGS7","2018-12-11","2.81"
"DGS7","2018-12-12","2.84"
"DGS7","2018-12-13","2.83"
"DGS7","2018-12-14","2.81"
"DGS7","2018-12-17","2.77"
"DGS7","2018-12-18","2.74"
"DGS7","2018-12-19","2.69"
"DGS7","2018-12-20","2.72"
"DGS7","2018-12-21","2.72"
"DGS7","2018-12-24","2.66"
"DGS7","2018-12-25","."
"DGS7","2018-12-26","2.74"
"DGS7","2018-12-27","2.68"
"DGS7","2018-12-28","2.63"
"DGS7","2018-12-31","2.59"
"DGS7","2019-01-01","."
"DGS7","2019-01-02","2.56"
"DGS7","2019-01-03","2.44"
"DGS7","2019-01-04","2.56"
"DGS7","2019-01-07","2.60"
"DGS7","2019-01-08","2.63"
"DGS7","2019-01-09","2.64"
"DGS7","2019-01-10","2.63"
"DGS7","2019-01-11","2.60"
"DGS7","2019-01-14","2.60"
"DGS7","2019-01-15","2.61"
"DGS7","2019-01-16","2.62"
"DGS7","2019-01-17","2.66"
"DGS7","2019-01-18","2.70"
"DGS7","2019-01-21","."
"DGS7","2019-01-22","2.65"
"DGS7","2019-01-23","2.66"
"DGS7","2019-01-24","2.62"
"DGS7","2019-01-25","2.66"
"DGS7","2019-01-28","2.65"
"DGS7","2019-01-29","2.61"
"DGS7","2019-01-30","2.58"
"DGS7","2019-01-31","2.51"
"DGS7","2019-02-01","2.59"
"DGS7","2019-02-04","2.62"
"DGS7","2019-02-05","2.60"
"DGS7","2019-02-06","2.59"
"DGS7","2019-02-07","2.54"
"DGS7","2019-02-08","2.53"
"DGS7","2019-02-11","2.56"
"DGS7","2019-02-12","2.58"
"DGS7","2019-02-13","2.61"
"DGS7","2019-02-14","2.56"
"DGS7","2019-02-15","2.57"
"DGS7","2019-02-18","."
"DGS7","2019-02-19","2.55"
"DGS7","2019-02-20","2.55"
"DGS7","2019-02-21","2.59"
"DGS7","2019-02-22","2.55"
"DGS7","2019-02-25","2.57"
"DGS7","2019-02-26","2.54"
"DGS7","2019-02-27","2.59"
"DGS7","2019-02-28","2.63"
"DGS7","2019-03-01","2.67"
"DGS7","2019-03-04","2.63"
"DGS7","2019-03-05","2.63"
"DGS7","2019-03-06","2.59"
"DGS7","2019-03-07","2.54"
"DGS7","2019-03-08","2.51"
"DGS7","2019-03-11","2.53"
"DGS7","2019-03-12","2.50"
"DGS7","2019-03-13","2.51"
"DGS7","2019-03-14","2.53"
"DGS7","2019-03-15","2.49"
"DGS7","2019-03-18","2.51"
"DGS7","2019-03-19","2.51"
"DGS7","2019-03-20","2.44"
"DGS7","2019-03-21","2.44"
"DGS7","2019-03-22","2.34"
"DGS7","2019-03-25","2.32"
"DGS7","2019-03-26","2.29"
"DGS7","2019-03-27","2.28"
"DGS7","2019-03-28","2.29"
"DGS7","2019-03-29","2.31"
"DGS7","2019-04-01","2.40"
"DGS7","2019-04-02","2.38"
"DGS7","2019-04-03","2.42"
"DGS7","2019-04-04","2.41"
"DGS7","2019-04-05","2.40"
"DGS7","2019-04-08","2.42"
"DGS7","2019-04-09","2.40"
"DGS7","2019-04-10","2.37"
"DGS7","2019-04-11","2.40"
"DGS7","2019-04-12","2.47"
"DGS7","2019-04-15","2.46"
"DGS7","2019-04-16","2.50"
"DGS7","2019-04-17","2.49"
"DGS7","2019-04-18","2.46"
"DGS7","2019-04-19","."
"DGS7","2019-04-22","2.49"
"DGS7","2019-04-23","2.46"
"DGS7","2019-04-24","2.41"
"DGS7","2019-04-25","2.42"
"DGS7","2019-04-26","2.39"
"DGS7","2019-04-29","2.42"
"DGS7","2019-04-30","2.39"
"DGS7","2019-05-01","2.41"
"DGS7","2019-05-02","2.44"
"DGS7","2019-05-03","2.43"
"DGS7","2019-05-06","2.40"
"DGS7","2019-05-07","2.35"
"DGS7","2019-05-08","2.38"
"DGS7","2019-05-09","2.34"
"DGS7","2019-05-10","2.37"
"DGS7","2019-05-13","2.28"
"DGS7","2019-05-14","2.30"
"DGS7","2019-05-15","2.25"
"DGS7","2019-05-16","2.28"
"DGS7","2019-05-17","2.27"
"DGS7","2019-05-20","2.30"
"DGS7","2019-05-21","2.33"
"DGS7","2019-05-22","2.28"
"DGS7","2019-05-23","2.20"
"DGS7","2019-05-24","2.22"
"DGS7","2019-05-27","."
"DGS7","2019-05-28","2.16"
"DGS7","2019-05-29","2.16"
"DGS7","2019-05-30","2.12"
"DGS7","2019-05-31","2.03"
"DGS7","2019-06-03","1.95"
"DGS7","2019-06-04","2.01"
"DGS7","2019-06-05","2.00"
"DGS7","2019-06-06","2.01"
"DGS7","2019-06-07","1.97"
"DGS7","2019-06-10","2.03"
"DGS7","2019-06-11","2.03"
"DGS7","2019-06-12","2.00"
"DGS7","2019-06-13","1.96"
"DGS7","2019-06-14","1.96"
"DGS7","2019-06-17","1.96"
"DGS7","2019-06-18","1.93"
"DGS7","2019-06-19","1.89"
"DGS7","2019-06-20","1.87"
"DGS7","2019-06-21","1.93"
"DGS7","2019-06-24","1.88"
"DGS7","2019-06-25","1.86"
"DGS7","2019-06-26","1.92"
"DGS7","2019-06-27","1.88"
"DGS7","2019-06-28","1.87"
"DGS7","2019-07-01","1.90"
"DGS7","2019-07-02","1.85"
"DGS7","2019-07-03","1.83"
"DGS7","2019-07-04","."
"DGS7","2019-07-05","1.93"
"DGS7","2019-07-08","1.94"
"DGS7","2019-07-09","1.96"
"DGS7","2019-07-10","1.93"
"DGS7","2019-07-11","1.99"
"DGS7","2019-07-12","1.98"
"DGS7","2019-07-15","1.96"
"DGS7","2019-07-16","2.00"
"DGS7","2019-07-17","1.94"
"DGS7","2019-07-18","1.89"
"DGS7","2019-07-19","1.91"
"DGS7","2019-07-22","1.92"
"DGS7","2019-07-23","1.94"
"DGS7","2019-07-24","1.93"
"DGS7","2019-07-25","1.95"
"DGS7","2019-07-26","1.95"
"DGS7","2019-07-29","1.93"
"DGS7","2019-07-30","1.93"
"DGS7","2019-07-31","1.92"
"DGS7","2019-08-01","1.77"
"DGS7","2019-08-02","1.75"
"DGS7","2019-08-05","1.63"
"DGS7","2019-08-06","1.62"
"DGS7","2019-08-07","1.60"
"DGS7","2019-08-08","1.62"
"DGS7","2019-08-09","1.65"
"DGS7","2019-08-12","1.56"
"DGS7","2019-08-13","1.62"
"DGS7","2019-08-14","1.55"
"DGS7","2019-08-15","1.47"
"DGS7","2019-08-16","1.49"
"DGS7","2019-08-19","1.54"
"DGS7","2019-08-20","1.49"
"DGS7","2019-08-21","1.54"
"DGS7","2019-08-22","1.56"
"DGS7","2019-08-23","1.46"
"DGS7","2019-08-26","1.49"
"DGS7","2019-08-27","1.44"
"DGS7","2019-08-28","1.42"
"DGS7","2019-08-29","1.46"
"DGS7","2019-08-30","1.45"
"DGS7","2019-09-02","."
"DGS7","2019-09-03","1.42"
"DGS7","2019-09-04","1.40"
"DGS7","2019-09-05","1.51"
"DGS7","2019-09-06","1.50"
"DGS7","2019-09-09","1.57"
"DGS7","2019-09-10","1.66"
"DGS7","2019-09-11","1.68"
"DGS7","2019-09-12","1.72"
"DGS7","2019-09-13","1.83"
"DGS7","2019-09-16","1.77"
"DGS7","2019-09-17","1.75"
"DGS7","2019-09-18","1.76"
"DGS7","2019-09-19","1.73"
"DGS7","2019-09-20","1.68"
"DGS7","2019-09-23","1.65"
"DGS7","2019-09-24","1.58"
"DGS7","2019-09-25","1.66"
"DGS7","2019-09-26","1.65"
"DGS7","2019-09-27","1.62"
"DGS7","2019-09-30","1.62"
"DGS7","2019-10-01","1.59"
"DGS7","2019-10-02","1.53"
"DGS7","2019-10-03","1.45"
"DGS7","2019-10-04","1.43"
"DGS7","2019-10-07","1.47"
"DGS7","2019-10-08","1.45"
"DGS7","2019-10-09","1.50"
"DGS7","2019-10-10","1.57"
"DGS7","2019-10-11","1.68"
"DGS7","2019-10-14","."
"DGS7","2019-10-15","1.68"
"DGS7","2019-10-16","1.65"
"DGS7","2019-10-17","1.66"
"DGS7","2019-10-18","1.66"
"DGS7","2019-10-21","1.70"
"DGS7","2019-10-22","1.68"
"DGS7","2019-10-23","1.67"
"DGS7","2019-10-24","1.67"
"DGS7","2019-10-25","1.71"
"DGS7","2019-10-28","1.75"
"DGS7","2019-10-29","1.74"
"DGS7","2019-10-30","1.69"
"DGS7","2019-10-31","1.60"
"DGS7","2019-11-01","1.63"
"DGS7","2019-11-04","1.69"
"DGS7","2019-11-05","1.77"
"DGS7","2019-11-06","1.73"
"DGS7","2019-11-07","1.84"
"DGS7","2019-11-08","1.86"
"DGS7","2019-11-11","."
"DGS7","2019-11-12","1.84"
"DGS7","2019-11-13","1.79"
"DGS7","2019-11-14","1.73"
"DGS7","2019-11-15","1.75"
"DGS7","2019-11-18","1.73"
"DGS7","2019-11-19","1.71"
"DGS7","2019-11-20","1.66"
"DGS7","2019-11-21","1.71"
"DGS7","2019-11-22","1.71"
"DGS7","2019-11-25","1.71"
"DGS7","2019-11-26","1.68"
"DGS7","2019-11-27","1.71"
"DGS7","2019-11-28","."
"DGS7","2019-11-29","1.73"
"DGS7","2019-12-02","1.77"
"DGS7","2019-12-03","1.65"
"DGS7","2019-12-04","1.71"
"DGS7","2019-12-05","1.73"
"DGS7","2019-12-06","1.78"
"DGS7","2019-12-09","1.77"
"DGS7","2019-12-10","1.78"
"DGS7","2019-12-11","1.74"
"DGS7","2019-12-12","1.84"
"DGS7","2019-12-13","1.76"
"DGS7","2019-12-16","1.82"
"DGS7","2019-12-17","1.82"
"DGS7","2019-12-18","1.86"
"DGS7","2019-12-19","1.84"
"DGS7","2019-12-20","1.84"
"DGS7","2019-12-23","1.86"
"DGS7","2019-12-24","1.83"
"DGS7","2019-12-25","."
"DGS7","2019-12-26","1.85"
"DGS7","2019-12-27","1.80"
"DGS7","2019-12-30","1.81"
"DGS7","2019-12-31","1.83"
"DGS7","2020-01-01","."
"DGS7","2020-01-02","1.79"
"DGS7","2020-01-03","1.71"
"DGS7","2020-01-06","1.72"
"DGS7","2020-01-07","1.74"
"DGS7","2020-01-08","1.78"
"DGS7","2020-01-09","1.77"
"DGS7","2020-01-10","1.74"
"DGS7","2020-01-13","1.76"
"DGS7","2020-01-14","1.74"
"DGS7","2020-01-15","1.71"
"DGS7","2020-01-16","1.73"
"DGS7","2020-01-17","1.74"
"DGS7","2020-01-20","."
"DGS7","2020-01-21","1.69"
"DGS7","2020-01-22","1.68"
"DGS7","2020-01-23","1.65"
"DGS7","2020-01-24","1.61"
"DGS7","2020-01-27","1.52"
"DGS7","2020-01-28","1.56"
"DGS7","2020-01-29","1.51"
"DGS7","2020-01-30","1.49"
"DGS7","2020-01-31","1.42"
"DGS7","2020-02-03","1.45"
"DGS7","2020-02-04","1.52"
"DGS7","2020-02-05","1.57"
"DGS7","2020-02-06","1.56"
"DGS7","2020-02-07","1.51"
"DGS7","2020-02-10","1.47"
"DGS7","2020-02-11","1.50"
"DGS7","2020-02-12","1.55"
"DGS7","2020-02-13","1.53"
"DGS7","2020-02-14","1.51"
"DGS7","2020-02-17","."
"DGS7","2020-02-18","1.48"
"DGS7","2020-02-19","1.50"
"DGS7","2020-02-20","1.45"
"DGS7","2020-02-21","1.39"
"DGS7","2020-02-24","1.30"
"DGS7","2020-02-25","1.25"
"DGS7","2020-02-26","1.25"
"DGS7","2020-02-27","1.22"
"DGS7","2020-02-28","1.03"
"DGS7","2020-03-02","1.01"
"DGS7","2020-03-03","0.91"
"DGS7","2020-03-04","0.90"
"DGS7","2020-03-05","0.81"
"DGS7","2020-03-06","0.69"
"DGS7","2020-03-09","0.56"
"DGS7","2020-03-10","0.73"
"DGS7","2020-03-11","0.78"
"DGS7","2020-03-12","0.82"
"DGS7","2020-03-13","0.89"
"DGS7","2020-03-16","0.67"
"DGS7","2020-03-17","0.91"
"DGS7","2020-03-18","1.08"
"DGS7","2020-03-19","1.00"
"DGS7","2020-03-20","0.82"
"DGS7","2020-03-23","0.63"
"DGS7","2020-03-24","0.75"
"DGS7","2020-03-25","0.77"
"DGS7","2020-03-26","0.72"
"DGS7","2020-03-27","0.60"
"DGS7","2020-03-30","0.57"
"DGS7","2020-03-31","0.55"
"DGS7","2020-04-01","0.51"
"DGS7","2020-04-02","0.53"
"DGS7","2020-04-03","0.52"
"DGS7","2020-04-06","0.58"
"DGS7","2020-04-07","0.64"
"DGS7","2020-04-08","0.65"
"DGS7","2020-04-09","0.60"
"DGS7","2020-04-10","."
"DGS7","2020-04-13","0.63"
"DGS7","2020-04-14","0.61"
"DGS7","2020-04-15","0.49"
"DGS7","2020-04-16","0.50"
"DGS7","2020-04-17","0.53"
"DGS7","2020-04-20","0.51"
"DGS7","2020-04-21","0.48"
"DGS7","2020-04-22","0.52"
"DGS7","2020-04-23","0.51"
"DGS7","2020-04-24","0.51"
"DGS7","2020-04-27","0.56"
"DGS7","2020-04-28","0.52"
"DGS7","2020-04-29","0.52"
"DGS7","2020-04-30","0.53"
"DGS7","2020-05-01","0.53"
"DGS7","2020-05-04","0.52"
"DGS7","2020-05-05","0.53"
"DGS7","2020-05-06","0.57"
"DGS7","2020-05-07","0.49"
"DGS7","2020-05-08","0.53"
"DGS7","2020-05-11","0.56"
"DGS7","2020-05-12","0.53"
"DGS7","2020-05-13","0.50"
"DGS7","2020-05-14","0.48"
"DGS7","2020-05-15","0.49"
"DGS7","2020-05-18","0.57"
"DGS7","2020-05-19","0.54"
"DGS7","2020-05-20","0.53"
"DGS7","2020-05-21","0.53"
"DGS7","2020-05-22","0.51"
"DGS7","2020-05-25","."
"DGS7","2020-05-26","0.53"
"DGS7","2020-05-27","0.52"
"DGS7","2020-05-28","0.54"
"DGS7","2020-05-29","0.50"
"DGS7","2020-06-01","0.50"
"DGS7","2020-06-02","0.52"
"DGS7","2020-06-03","0.59"
"DGS7","2020-06-04","0.63"
"DGS7","2020-06-05","0.71"
"DGS7","2020-06-08","0.69"
"DGS7","2020-06-09","0.65"
"DGS7","2020-06-10","0.56"
"DGS7","2020-06-11","0.51"
"DGS7","2020-06-12","0.54"
"DGS7","2020-06-15","0.54"
"DGS7","2020-06-16","0.56"
"DGS7","2020-06-17","0.55"
"DGS7","2020-06-18","0.54"
"DGS7","2020-06-19","0.53"
"DGS7","2020-06-22","0.54"
"DGS7","2020-06-23","0.54"
"DGS7","2020-06-24","0.52"
"DGS7","2020-06-25","0.53"
"DGS7","2020-06-26","0.49"
"DGS7","2020-06-29","0.47"
"DGS7","2020-06-30","0.49"
"DGS7","2020-07-01","0.52"
"DGS7","2020-07-02","0.50"
"DGS7","2020-07-03","."
"DGS7","2020-07-06","0.51"
"DGS7","2020-07-07","0.48"
"DGS7","2020-07-08","0.49"
"DGS7","2020-07-09","0.46"
"DGS7","2020-07-10","0.49"
"DGS7","2020-07-13","0.48"
"DGS7","2020-07-14","0.47"
"DGS7","2020-07-15","0.47"
"DGS7","2020-07-16","0.46"
"DGS7","2020-07-17","0.47"
"DGS7","2020-07-20","0.47"
"DGS7","2020-07-21","0.45"
"DGS7","2020-07-22","0.45"
"DGS7","2020-07-23","0.44"
"DGS7","2020-07-24","0.44"
"DGS7","2020-07-27","0.46"
"DGS7","2020-07-28","0.44"
"DGS7","2020-07-29","0.43"
"DGS7","2020-07-30","0.40"
"DGS7","2020-07-31","0.39"
"DGS7","2020-08-03","0.40"
"DGS7","2020-08-04","0.36"
"DGS7","2020-08-05","0.39"
"DGS7","2020-08-06","0.39"
"DGS7","2020-08-07","0.41"
"DGS7","2020-08-10","0.42"
"DGS7","2020-08-11","0.46"
"DGS7","2020-08-12","0.50"
"DGS7","2020-08-13","0.52"
"DGS7","2020-08-14","0.51"
"DGS7","2020-08-17","0.49"
"DGS7","2020-08-18","0.47"
"DGS7","2020-08-19","0.48"
"DGS7","2020-08-20","0.46"
"DGS7","2020-08-21","0.46"
"DGS7","2020-08-24","0.47"
"DGS7","2020-08-25","0.49"
"DGS7","2020-08-26","0.50"
"DGS7","2020-08-27","0.53"
"DGS7","2020-08-28","0.51"
"DGS7","2020-08-31","0.50"
"DGS7","2020-09-01","0.46"
"DGS7","2020-09-02","0.45"
"DGS7","2020-09-03","0.43"
"DGS7","2020-09-04","0.50"
"DGS7","2020-09-07","."
"DGS7","2020-09-08","0.47"
"DGS7","2020-09-09","0.48"
"DGS7","2020-09-10","0.46"
"DGS7","2020-09-11","0.45"
"DGS7","2020-09-14","0.46"
"DGS7","2020-09-15","0.46"
"DGS7","2020-09-16","0.47"
"DGS7","2020-09-17","0.47"
"DGS7","2020-09-18","0.48"
"DGS7","2020-09-21","0.46"
"DGS7","2020-09-22","0.46"
"DGS7","2020-09-23","0.46"
"DGS7","2020-09-24","0.46"
"DGS7","2020-09-25","0.45"
"DGS7","2020-09-28","0.46"
"DGS7","2020-09-29","0.44"
"DGS7","2020-09-30","0.47"
"DGS7","2020-10-01","0.46"
"DGS7","2020-10-02","0.48"
"DGS7","2020-10-05","0.55"
"DGS7","2020-10-06","0.53"
"DGS7","2020-10-07","0.56"
"DGS7","2020-10-08","0.54"
"DGS7","2020-10-09","0.55"
"DGS7","2020-10-12","."
"DGS7","2020-10-13","0.52"
"DGS7","2020-10-14","0.51"
"DGS7","2020-10-15","0.52"
"DGS7","2020-10-16","0.53"
"DGS7","2020-10-19","0.54"
"DGS7","2020-10-20","0.57"
"DGS7","2020-10-21","0.58"
"DGS7","2020-10-22","0.62"
"DGS7","2020-10-23","0.61"
"DGS7","2020-10-26","0.58"
"DGS7","2020-10-27","0.56"
"DGS7","2020-10-28","0.56"
"DGS7","2020-10-29","0.61"
"DGS7","2020-10-30","0.64"
"DGS7","2020-11-02","0.63"
"DGS7","2020-11-03","0.65"
"DGS7","2020-11-04","0.55"
"DGS7","2020-11-05","0.56"
"DGS7","2020-11-06","0.59"
"DGS7","2020-11-09","0.70"
"DGS7","2020-11-10","0.72"
"DGS7","2020-11-11","."
"DGS7","2020-11-12","0.64"
"DGS7","2020-11-13","0.65"
"DGS7","2020-11-16","0.66"
"DGS7","2020-11-17","0.63"
"DGS7","2020-11-18","0.64"
"DGS7","2020-11-19","0.63"
"DGS7","2020-11-20","0.62"
"DGS7","2020-11-23","0.64"
"DGS7","2020-11-24","0.65"
"DGS7","2020-11-25","0.65"
"DGS7","2020-11-26","."
"DGS7","2020-11-27","0.61"
"DGS7","2020-11-30","0.62"
"DGS7","2020-12-01","0.68"
"DGS7","2020-12-02","0.69"
"DGS7","2020-12-03","0.67"
"DGS7","2020-12-04","0.70"
"DGS7","2020-12-07","0.67"
"DGS7","2020-12-08","0.65"
"DGS7","2020-12-09","0.68"
"DGS7","2020-12-10","0.65"
"DGS7","2020-12-11","0.63"
"DGS7","2020-12-14","0.63"
"DGS7","2020-12-15","0.64"
"DGS7","2020-12-16","0.64"
"DGS7","2020-12-17","0.66"
"DGS7","2020-12-18","0.67"
"DGS7","2020-12-21","0.66"
"DGS7","2020-12-22","0.64"
"DGS7","2020-12-23","0.67"
"DGS7","2020-12-24","0.66"
"DGS7","2020-12-25","."
"DGS7","2020-12-28","0.65"
"DGS7","2020-12-29","0.66"
"DGS7","2020-12-30","0.66"
"DGS7","2020-12-31","0.65"
"DGS7","2021-01-01","."
"DGS7","2021-01-04","0.64"
"DGS7","2021-01-05","0.66"
"DGS7","2021-01-06","0.74"
"DGS7","2021-01-07","0.78"
"DGS7","2021-01-08","0.81"
"DGS7","2021-01-11","0.84"
"DGS7","2021-01-12","0.83"
"DGS7","2021-01-13","0.80"
"DGS7","2021-01-14","0.82"
"DGS7","2021-01-15","0.78"
"DGS7","2021-01-18","."
"DGS7","2021-01-19","0.78"
"DGS7","2021-01-20","0.78"
"DGS7","2021-01-21","0.79"
"DGS7","2021-01-22","0.77"
"DGS7","2021-01-25","0.73"
"DGS7","2021-01-26","0.74"
"DGS7","2021-01-27","0.72"
"DGS7","2021-01-28","0.75"
"DGS7","2021-01-29","0.79"
"DGS7","2021-02-01","0.76"
"DGS7","2021-02-02","0.79"
"DGS7","2021-02-03","0.81"
"DGS7","2021-02-04","0.81"
"DGS7","2021-02-05","0.83"
"DGS7","2021-02-08","0.83"
"DGS7","2021-02-09","0.83"
"DGS7","2021-02-10","0.80"
"DGS7","2021-02-11","0.81"
"DGS7","2021-02-12","0.85"
"DGS7","2021-02-15","."
"DGS7","2021-02-16","0.94"
"DGS7","2021-02-17","0.94"
"DGS7","2021-02-18","0.94"
"DGS7","2021-02-19","0.98"
"DGS7","2021-02-22","1.00"
"DGS7","2021-02-23","1.00"
"DGS7","2021-02-24","1.02"
"DGS7","2021-02-25","1.23"
"DGS7","2021-02-26","1.15"
"DGS7","2021-03-01","1.12"
"DGS7","2021-03-02","1.08"
"DGS7","2021-03-03","1.14"
"DGS7","2021-03-04","1.21"
"DGS7","2021-03-05","1.23"
"DGS7","2021-03-08","1.28"
"DGS7","2021-03-09","1.23"
"DGS7","2021-03-10","1.20"
"DGS7","2021-03-11","1.20"
"DGS7","2021-03-12","1.30"
"DGS7","2021-03-15","1.28"
"DGS7","2021-03-16","1.28"
"DGS7","2021-03-17","1.27"
"DGS7","2021-03-18","1.35"
"DGS7","2021-03-19","1.38"
"DGS7","2021-03-22","1.34"
"DGS7","2021-03-23","1.29"
"DGS7","2021-03-24","1.27"
"DGS7","2021-03-25","1.29"
"DGS7","2021-03-26","1.32"
"DGS7","2021-03-29","1.37"
"DGS7","2021-03-30","1.39"
"DGS7","2021-03-31","1.40"
"DGS7","2021-04-01","1.37"
"DGS7","2021-04-02","1.42"
"DGS7","2021-04-05","1.40"
"DGS7","2021-04-06","1.34"
"DGS7","2021-04-07","1.34"
"DGS7","2021-04-08","1.30"
"DGS7","2021-04-09","1.33"
"DGS7","2021-04-12","1.35"
"DGS7","2021-04-13","1.29"
"DGS7","2021-04-14","1.31"
"DGS7","2021-04-15","1.24"
"DGS7","2021-04-16","1.26"
"DGS7","2021-04-19","1.28"
"DGS7","2021-04-20","1.25"
"DGS7","2021-04-21","1.24"
"DGS7","2021-04-22","1.24"
"DGS7","2021-04-23","1.26"
"DGS7","2021-04-26","1.27"
"DGS7","2021-04-27","1.32"
"DGS7","2021-04-28","1.31"
"DGS7","2021-04-29","1.32"
"DGS7","2021-04-30","1.32"
"DGS7","2021-05-03","1.29"
"DGS7","2021-05-04","1.28"
"DGS7","2021-05-05","1.25"
"DGS7","2021-05-06","1.25"
"DGS7","2021-05-07","1.24"
"DGS7","2021-05-10","1.27"
"DGS7","2021-05-11","1.28"
"DGS7","2021-05-12","1.34"
"DGS7","2021-05-13","1.31"
"DGS7","2021-05-14","1.29"
"DGS7","2021-05-17","1.30"
"DGS7","2021-05-18","1.29"
"DGS7","2021-05-19","1.34"
"DGS7","2021-05-20","1.29"
"DGS7","2021-05-21","1.29"
"DGS7","2021-05-24","1.28"
"DGS7","2021-05-25","1.23"
"DGS7","2021-05-26","1.24"
"DGS7","2021-05-27","1.28"
"DGS7","2021-05-28","1.24"
"DGS7","2021-05-31","."
"DGS7","2021-06-01","1.28"
"DGS7","2021-06-02","1.26"
"DGS7","2021-06-03","1.30"
"DGS7","2021-06-04","1.23"
"DGS7","2021-06-07","1.24"
"DGS7","2021-06-08","1.20"
"DGS7","2021-06-09","1.17"
"DGS7","2021-06-10","1.14"
"DGS7","2021-06-11","1.16"
"DGS7","2021-06-14","1.20"
"DGS7","2021-06-15","1.21"
"DGS7","2021-06-16","1.29"
"DGS7","2021-06-17","1.27"
"DGS7","2021-06-18","1.22"
"DGS7","2021-06-21","1.25"
"DGS7","2021-06-22","1.23"
"DGS7","2021-06-23","1.25"
"DGS7","2021-06-24","1.26"
"DGS7","2021-06-25","1.29"
"DGS7","2021-06-28","1.25"
"DGS7","2021-06-29","1.24"
"DGS7","2021-06-30","1.21"
"DGS7","2021-07-01","1.24"
"DGS7","2021-07-02","1.19"
"DGS7","2021-07-05","."
"DGS7","2021-07-06","1.13"
"DGS7","2021-07-07","1.09"
"DGS7","2021-07-08","1.06"
"DGS7","2021-07-09","1.12"
"DGS7","2021-07-12","1.13"
"DGS7","2021-07-13","1.16"
"DGS7","2021-07-14","1.11"
"DGS7","2021-07-15","1.07"
"DGS7","2021-07-16","1.08"
"DGS7","2021-07-19","0.97"
"DGS7","2021-07-20","0.98"
"DGS7","2021-07-21","1.05"
"DGS7","2021-07-22","1.02"
"DGS7","2021-07-23","1.04"
"DGS7","2021-07-26","1.04"
"DGS7","2021-07-27","1.01"
"DGS7","2021-07-28","1.01"
"DGS7","2021-07-29","1.04"
"DGS7","2021-07-30","1.00"
"DGS7","2021-08-02","0.96"
"DGS7","2021-08-03","0.95"
"DGS7","2021-08-04","0.96"
"DGS7","2021-08-05","1.01"
"DGS7","2021-08-06","1.07"
"DGS7","2021-08-09","1.09"
"DGS7","2021-08-10","1.12"
"DGS7","2021-08-11","1.11"
"DGS7","2021-08-12","1.13"
"DGS7","2021-08-13","1.08"
"DGS7","2021-08-16","1.04"
"DGS7","2021-08-17","1.05"
"DGS7","2021-08-18","1.06"
"DGS7","2021-08-19","1.04"
"DGS7","2021-08-20","1.06"
"DGS7","2021-08-23","1.05"
"DGS7","2021-08-24","1.08"
"DGS7","2021-08-25","1.13"
"DGS7","2021-08-26","1.13"
"DGS7","2021-08-27","1.09"
"DGS7","2021-08-30","1.07"
"DGS7","2021-08-31","1.08"
"DGS7","2021-09-01","1.08"
"DGS7","2021-09-02","1.07"
"DGS7","2021-09-03","1.09"
"DGS7","2021-09-06","."
"DGS7","2021-09-07","1.14"
"DGS7","2021-09-08","1.11"
"DGS7","2021-09-09","1.08"
"DGS7","2021-09-10","1.12"
"DGS7","2021-09-13","1.11"
"DGS7","2021-09-14","1.07"
"DGS7","2021-09-15","1.10"
"DGS7","2021-09-16","1.13"
"DGS7","2021-09-17","1.17"
"DGS7","2021-09-20","1.12"
"DGS7","2021-09-21","1.13"
"DGS7","2021-09-22","1.13"
"DGS7","2021-09-23","1.22"
"DGS7","2021-09-24","1.27"
"DGS7","2021-09-27","1.30"
"DGS7","2021-09-28","1.34"
"DGS7","2021-09-29","1.34"
"DGS7","2021-09-30","1.32"
"DGS7","2021-10-01","1.26"
"DGS7","2021-10-04","1.27"
"DGS7","2021-10-05","1.32"
"DGS7","2021-10-06","1.32"
"DGS7","2021-10-07","1.36"
"DGS7","2021-10-08","1.39"
"DGS7","2021-10-11","."
"DGS7","2021-10-12","1.39"
"DGS7","2021-10-13","1.38"
"DGS7","2021-10-14","1.34"
"DGS7","2021-10-15","1.42"
"DGS7","2021-10-18","1.43"
"DGS7","2021-10-19","1.47"
"DGS7","2021-10-20","1.46"
"DGS7","2021-10-21","1.52"
"DGS7","2021-10-22","1.49"
"DGS7","2021-10-25","1.47"
"DGS7","2021-10-26","1.46"
"DGS7","2021-10-27","1.41"
"DGS7","2021-10-28","1.44"
"DGS7","2021-10-29","1.44"
"DGS7","2021-11-01","1.46"
"DGS7","2021-11-02","1.42"
"DGS7","2021-11-03","1.46"
"DGS7","2021-11-04","1.37"
"DGS7","2021-11-05","1.30"
"DGS7","2021-11-08","1.38"
"DGS7","2021-11-09","1.32"
"DGS7","2021-11-10","1.45"
"DGS7","2021-11-11","."
"DGS7","2021-11-12","1.47"
"DGS7","2021-11-15","1.51"
"DGS7","2021-11-16","1.52"
"DGS7","2021-11-17","1.49"
"DGS7","2021-11-18","1.47"
"DGS7","2021-11-19","1.45"
"DGS7","2021-11-22","1.55"
"DGS7","2021-11-23","1.58"
"DGS7","2021-11-24","1.58"
"DGS7","2021-11-25","."
"DGS7","2021-11-26","1.40"
"DGS7","2021-11-29","1.42"
"DGS7","2021-11-30","1.36"
"DGS7","2021-12-01","1.35"
"DGS7","2021-12-02","1.38"
"DGS7","2021-12-03","1.29"
"DGS7","2021-12-06","1.38"
"DGS7","2021-12-07","1.43"
"DGS7","2021-12-08","1.44"
"DGS7","2021-12-09","1.42"
"DGS7","2021-12-10","1.42"
"DGS7","2021-12-13","1.37"
"DGS7","2021-12-14","1.39"
"DGS7","2021-12-15","1.42"
"DGS7","2021-12-16","1.36"
"DGS7","2021-12-17","1.34"
"DGS7","2021-12-20","1.34"
"DGS7","2021-12-21","1.40"
"DGS7","2021-12-22","1.39"
"DGS7","2021-12-23","1.42"
"DGS7","2021-12-24","."
"DGS7","2021-12-27","1.41"
"DGS7","2021-12-28","1.41"
"DGS7","2021-12-29","1.47"
"DGS7","2021-12-30","1.44"
"DGS7","2021-12-31","1.44"
"DGS7","2022-01-03","1.55"
"DGS7","2022-01-04","1.57"
"DGS7","2022-01-05","1.62"
"DGS7","2022-01-06","1.66"
"DGS7","2022-01-07","1.69"
"DGS7","2022-01-10","1.71"
"DGS7","2022-01-11","1.69"
"DGS7","2022-01-12","1.67"
"DGS7","2022-01-13","1.64"
"DGS7","2022-01-14","1.72"
"DGS7","2022-01-17","."
"DGS7","2022-01-18","1.82"
"DGS7","2022-01-19","1.78"
"DGS7","2022-01-20","1.77"
"DGS7","2022-01-21","1.70"
"DGS7","2022-01-24","1.69"
"DGS7","2022-01-25","1.73"
"DGS7","2022-01-26","1.81"
"DGS7","2022-01-27","1.78"
"DGS7","2022-01-28","1.74"
"DGS7","2022-01-31","1.75"
"DGS7","2022-02-01","1.76"
"DGS7","2022-02-02","1.74"
"DGS7","2022-02-03","1.78"
"DGS7","2022-02-04","1.90"
"DGS7","2022-02-07","1.88"
"DGS7","2022-02-08","1.93"
"DGS7","2022-02-09","1.92"
"DGS7","2022-02-10","2.03"
"DGS7","2022-02-11","1.92"
"DGS7","2022-02-14","1.98"
"DGS7","2022-02-15","2.03"
"DGS7","2022-02-16","2.00"
"DGS7","2022-02-17","1.94"
"DGS7","2022-02-18","1.90"
"DGS7","2022-02-21","."
"DGS7","2022-02-22","1.93"
"DGS7","2022-02-23","1.98"
"DGS7","2022-02-24","1.94"
"DGS7","2022-02-25","1.96"
"DGS7","2022-02-28","1.81"
"DGS7","2022-03-01","1.67"
"DGS7","2022-03-02","1.83"
"DGS7","2022-03-03","1.82"
"DGS7","2022-03-04","1.70"
"DGS7","2022-03-07","1.77"
"DGS7","2022-03-08","1.85"
"DGS7","2022-03-09","1.92"
"DGS7","2022-03-10","1.98"
"DGS7","2022-03-11","2.01"
"DGS7","2022-03-14","2.16"
"DGS7","2022-03-15","2.16"
"DGS7","2022-03-16","2.22"
"DGS7","2022-03-17","2.22"
"DGS7","2022-03-18","2.17"
"DGS7","2022-03-21","2.36"
"DGS7","2022-03-22","2.42"
"DGS7","2022-03-23","2.37"
"DGS7","2022-03-24","2.39"
"DGS7","2022-03-25","2.56"
"DGS7","2022-03-28","2.55"
"DGS7","2022-03-29","2.50"
"DGS7","2022-03-30","2.43"
"DGS7","2022-03-31","2.40"
"DGS7","2022-04-01","2.50"
"DGS7","2022-04-04","2.52"
"DGS7","2022-04-05","2.65"
"DGS7","2022-04-06","2.69"
"DGS7","2022-04-07","2.73"
"DGS7","2022-04-08","2.79"
"DGS7","2022-04-11","2.84"
"DGS7","2022-04-12","2.73"
"DGS7","2022-04-13","2.71"
"DGS7","2022-04-14","2.84"
"DGS7","2022-04-15","."
"DGS7","2022-04-18","2.85"
"DGS7","2022-04-19","2.95"
"DGS7","2022-04-20","2.88"
"DGS7","2022-04-21","2.96"
"DGS7","2022-04-22","2.95"
"DGS7","2022-04-25","2.85"
"DGS7","2022-04-26","2.80"
"DGS7","2022-04-27","2.84"
"DGS7","2022-04-28","2.88"
"DGS7","2022-04-29","2.94"
"DGS7","2022-05-02","3.04"
"DGS7","2022-05-03","3.03"
"DGS7","2022-05-04","2.97"
"DGS7","2022-05-05","3.07"
"DGS7","2022-05-06","3.13"
"DGS7","2022-05-09","3.04"
"DGS7","2022-05-10","2.99"
"DGS7","2022-05-11","2.94"
"DGS7","2022-05-12","2.86"
"DGS7","2022-05-13","2.95"
"DGS7","2022-05-16","2.89"
"DGS7","2022-05-17","3.00"
"DGS7","2022-05-18","2.91"
"DGS7","2022-05-19","2.87"
"DGS7","2022-05-20","2.82"
"DGS7","2022-05-23","2.90"
"DGS7","2022-05-24","2.80"
"DGS7","2022-05-25","2.76"
"DGS7","2022-05-26","2.75"
"DGS7","2022-05-27","2.76"
"DGS7","2022-05-30","."
"DGS7","2022-05-31","2.87"
"DGS7","2022-06-01","2.98"
"DGS7","2022-06-02","2.95"
"DGS7","2022-06-03","2.99"
"DGS7","2022-06-06","3.07"
"DGS7","2022-06-07","3.02"
"DGS7","2022-06-08","3.06"
"DGS7","2022-06-09","3.08"
"DGS7","2022-06-10","3.24"
"DGS7","2022-06-13","3.53"
"DGS7","2022-06-14","3.60"
"DGS7","2022-06-15","3.39"
"DGS7","2022-06-16","3.36"
"DGS7","2022-06-17","3.34"
"DGS7","2022-06-20","."
"DGS7","2022-06-21","3.39"
"DGS7","2022-06-22","3.24"
"DGS7","2022-06-23","3.16"
"DGS7","2022-06-24","3.19"
"DGS7","2022-06-27","3.27"
"DGS7","2022-06-28","3.27"
"DGS7","2022-06-29","3.17"
"DGS7","2022-06-30","3.04"
"DGS7","2022-07-01","2.92"
"DGS7","2022-07-04","."
"DGS7","2022-07-05","2.87"
"DGS7","2022-07-06","2.99"
"DGS7","2022-07-07","3.07"
"DGS7","2022-07-08","3.16"
"DGS7","2022-07-11","3.06"
"DGS7","2022-07-12","3.01"
"DGS7","2022-07-13","3.00"
"DGS7","2022-07-14","3.05"
"DGS7","2022-07-15","3.03"
"DGS7","2022-07-18","3.05"
"DGS7","2022-07-19","3.11"
"DGS7","2022-07-20","3.15"
"DGS7","2022-07-21","2.99"
"DGS7","2022-07-22","2.85"
"DGS7","2022-07-25","2.89"
"DGS7","2022-07-26","2.88"
"DGS7","2022-07-27","2.83"
"DGS7","2022-07-28","2.69"
"DGS7","2022-07-29","2.70"
"DGS7","2022-08-01","2.64"
"DGS7","2022-08-02","2.82"
"DGS7","2022-08-03","2.81"
"DGS7","2022-08-04","2.73"
"DGS7","2022-08-05","2.91"
"DGS7","2022-08-08","2.85"
"DGS7","2022-08-09","2.89"
"DGS7","2022-08-10","2.86"
"DGS7","2022-08-11","2.94"
"DGS7","2022-08-12","2.92"
"DGS7","2022-08-15","2.86"
"DGS7","2022-08-16","2.90"
"DGS7","2022-08-17","2.99"
"DGS7","2022-08-18","2.97"
"DGS7","2022-08-19","3.06"
"DGS7","2022-08-22","3.12"
"DGS7","2022-08-23","3.14"
"DGS7","2022-08-24","3.20"
"DGS7","2022-08-25","3.11"
"DGS7","2022-08-26","3.14"
"DGS7","2022-08-29","3.21"
"DGS7","2022-08-30","3.22"
"DGS7","2022-08-31","3.25"
"DGS7","2022-09-01","3.36"
"DGS7","2022-09-02","3.29"
"DGS7","2022-09-05","."
"DGS7","2022-09-06","3.41"
"DGS7","2022-09-07","3.35"
"DGS7","2022-09-08","3.37"
"DGS7","2022-09-09","3.42"
"DGS7","2022-09-12","3.45"
"DGS7","2022-09-13","3.53"
"DGS7","2022-09-14","3.52"
"DGS7","2022-09-15","3.59"
"DGS7","2022-09-16","3.56"
"DGS7","2022-09-19","3.62"
"DGS7","2022-09-20","3.69"
"DGS7","2022-09-21","3.65"
"DGS7","2022-09-22","3.84"
"DGS7","2022-09-23","3.85"
"DGS7","2022-09-26","4.06"
"DGS7","2022-09-27","4.14"
"DGS7","2022-09-28","3.83"
"DGS7","2022-09-29","3.89"
"DGS7","2022-09-30","3.97"
"DGS7","2022-10-03","3.79"
"DGS7","2022-10-04","3.73"
"DGS7","2022-10-05","3.87"
"DGS7","2022-10-06","3.95"
"DGS7","2022-10-07","4.03"
"DGS7","2022-10-10","."
"DGS7","2022-10-11","4.06"
"DGS7","2022-10-12","4.03"
"DGS7","2022-10-13","4.11"
"DGS7","2022-10-14","4.15"
"DGS7","2022-10-17","4.15"
"DGS7","2022-10-18","4.12"
"DGS7","2022-10-19","4.26"
"DGS7","2022-10-20","4.36"
"DGS7","2022-10-21","4.28"
"DGS7","2022-10-24","4.31"
"DGS7","2022-10-25","4.17"
"DGS7","2022-10-26","4.12"
"DGS7","2022-10-27","4.01"
"DGS7","2022-10-28","4.10"
"DGS7","2022-10-31","4.18"
"DGS7","2022-11-01","4.18"
"DGS7","2022-11-02","4.20"
"DGS7","2022-11-03","4.26"
"DGS7","2022-11-04","4.26"
"DGS7","2022-11-07","4.31"
"DGS7","2022-11-08","4.22"
"DGS7","2022-11-09","4.20"
"DGS7","2022-11-10","3.89"
"DGS7","2022-11-11","."
"DGS7","2022-11-14","3.95"
"DGS7","2022-11-15","3.88"
"DGS7","2022-11-16","3.77"
"DGS7","2022-11-17","3.87"
"DGS7","2022-11-18","3.92"
"DGS7","2022-11-21","3.94"
"DGS7","2022-11-22","3.86"
"DGS7","2022-11-23","3.81"
"DGS7","2022-11-24","."
"DGS7","2022-11-25","3.78"
"DGS7","2022-11-28","3.80"
"DGS7","2022-11-29","3.85"
"DGS7","2022-11-30","3.76"
"DGS7","2022-12-01","3.62"
"DGS7","2022-12-02","3.61"
"DGS7","2022-12-05","3.72"
"DGS7","2022-12-06","3.64"
"DGS7","2022-12-07","3.54"
"DGS7","2022-12-08","3.63"
"DGS7","2022-12-09","3.69"
"DGS7","2022-12-12","3.73"
"DGS7","2022-12-13","3.60"
"DGS7","2022-12-14","3.59"
"DGS7","2022-12-15","3.56"
"DGS7","2022-12-16","3.58"
"DGS7","2022-12-19","3.67"
"DGS7","2022-12-20","3.78"
"DGS7","2022-12-21","3.77"
"DGS7","2022-12-22","3.77"
"DGS7","2022-12-23","3.83"
"DGS7","2022-12-26","."
"DGS7","2022-12-27","3.93"
"DGS7","2022-12-28","3.97"
"DGS7","2022-12-29","3.91"
"DGS7","2022-12-30","3.96"
"DGS7","2023-01-02","."
"DGS7","2023-01-03","3.89"
"DGS7","2023-01-04","3.79"
"DGS7","2023-01-05","3.82"
"DGS7","2023-01-06","3.63"
"DGS7","2023-01-09","3.60"
"DGS7","2023-01-10","3.67"
"DGS7","2023-01-11","3.61"
"DGS7","2023-01-12","3.48"
"DGS7","2023-01-13","3.55"
"DGS7","2023-01-16","."
"DGS7","2023-01-17","3.57"
"DGS7","2023-01-18","3.40"
"DGS7","2023-01-19","3.43"
"DGS7","2023-01-20","3.51"
"DGS7","2023-01-23","3.56"
"DGS7","2023-01-24","3.52"
"DGS7","2023-01-25","3.51"
"DGS7","2023-01-26","3.54"
"DGS7","2023-01-27","3.58"
"DGS7","2023-01-30","3.62"
"DGS7","2023-01-31","3.59"
"DGS7","2023-02-01","3.43"
"DGS7","2023-02-02","3.44"
"DGS7","2023-02-03","3.61"
"DGS7","2023-02-06","3.73"
"DGS7","2023-02-07","3.78"
"DGS7","2023-02-08","3.75"
"DGS7","2023-02-09","3.79"
"DGS7","2023-02-10","3.86"
"DGS7","2023-02-13","3.84"
"DGS7","2023-02-14","3.90"
"DGS7","2023-02-15","3.94"
"DGS7","2023-02-16","3.98"
"DGS7","2023-02-17","3.95"
"DGS7","2023-02-20","."
"DGS7","2023-02-21","4.08"
"DGS7","2023-02-22","4.07"
"DGS7","2023-02-23","4.02"
"DGS7","2023-02-24","4.10"
"DGS7","2023-02-27","4.08"
"DGS7","2023-02-28","4.07"
"DGS7","2023-03-01","4.17"
"DGS7","2023-03-02","4.24"
"DGS7","2023-03-03","4.15"
"DGS7","2023-03-06","4.16"
"DGS7","2023-03-07","4.17"
"DGS7","2023-03-08","4.19"
"DGS7","2023-03-09","4.10"
"DGS7","2023-03-10","3.86"
"DGS7","2023-03-13","3.65"
"DGS7","2023-03-14","3.74"
"DGS7","2023-03-15","3.57"
"DGS7","2023-03-16","3.67"
"DGS7","2023-03-17","3.45"
"DGS7","2023-03-20","3.55"
"DGS7","2023-03-21","3.68"
"DGS7","2023-03-22","3.53"
"DGS7","2023-03-23","3.39"
"DGS7","2023-03-24","3.40"
"DGS7","2023-03-27","3.57"
"DGS7","2023-03-28","3.60"
"DGS7","2023-03-29","3.62"
"DGS7","2023-03-30","3.61"
"DGS7","2023-03-31","3.55"
"DGS7","2023-04-03","3.48"
"DGS7","2023-04-04","3.38"
"DGS7","2023-04-05","3.34"
"DGS7","2023-04-06","3.34"
"DGS7","2023-04-07","3.45"
"DGS7","2023-04-10","3.47"
"DGS7","2023-04-11","3.48"
"DGS7","2023-04-12","3.43"
"DGS7","2023-04-13","3.48"
"DGS7","2023-04-14","3.56"
"DGS7","2023-04-17","3.64"
"DGS7","2023-04-18","3.63"
"DGS7","2023-04-19","3.66"
"DGS7","2023-04-20","3.59"
"DGS7","2023-04-21","3.62"
"DGS7","2023-04-24","3.56"
"DGS7","2023-04-25","3.42"
"DGS7","2023-04-26","3.45"
"DGS7","2023-04-27","3.57"
"DGS7","2023-04-28","3.49"
"DGS7","2023-05-01","3.62"
"DGS7","2023-05-02","3.44"
"DGS7","2023-05-03","3.37"
"DGS7","2023-05-04","3.32"
"DGS7","2023-05-05","3.41"
"DGS7","2023-05-08","3.50"
"DGS7","2023-05-09","3.51"
"DGS7","2023-05-10","3.40"
"DGS7","2023-05-11","3.37"
"DGS7","2023-05-12","3.45"
"DGS7","2023-05-15","3.48"
"DGS7","2023-05-16","3.53"
"DGS7","2023-05-17","3.58"
"DGS7","2023-05-18","3.67"
"DGS7","2023-05-19","3.74"
"DGS7","2023-05-22","3.74"
"DGS7","2023-05-23","3.73"
"DGS7","2023-05-24","3.76"
"DGS7","2023-05-25","3.86"
"DGS7","2023-05-26","3.86"
"DGS7","2023-05-29","."
"DGS7","2023-05-30","3.75"
"DGS7","2023-05-31","3.69"
"DGS7","2023-06-01","3.66"
"DGS7","2023-06-02","3.78"
"DGS7","2023-06-05","3.77"
"DGS7","2023-06-06","3.78"
"DGS7","2023-06-07","3.88"
"DGS7","2023-06-08","3.80"
"DGS7","2023-06-09","3.84"
"DGS7","2023-06-12","3.82"
"DGS7","2023-06-13","3.94"
"DGS7","2023-06-14","3.95"
"DGS7","2023-06-15","3.82"
"DGS7","2023-06-16","3.88"
"DGS7","2023-06-19","."
"DGS7","2023-06-20","3.85"
"DGS7","2023-06-21","3.84"
"DGS7","2023-06-22","3.92"
"DGS7","2023-06-23","3.88"
"DGS7","2023-06-26","3.85"
"DGS7","2023-06-27","3.90"
"DGS7","2023-06-28","3.83"
"DGS7","2023-06-29","3.99"
"DGS7","2023-06-30","3.97"
"DGS7","2023-07-03","4.03"
"DGS7","2023-07-04","."
"DGS7","2023-07-05","4.11"
"DGS7","2023-07-06","4.22"
"DGS7","2023-07-07","4.23"
"DGS7","2023-07-10","4.14"
"DGS7","2023-07-11","4.13"
"DGS7","2023-07-12","3.97"
"DGS7","2023-07-13","3.85"
"DGS7","2023-07-14","3.94"
"DGS7","2023-07-17","3.91"
"DGS7","2023-07-18","3.90"
"DGS7","2023-07-19","3.87"
"DGS7","2023-07-20","3.98"
"DGS7","2023-07-21","3.97"
"DGS7","2023-07-24","4.00"
"DGS7","2023-07-25","4.05"
"DGS7","2023-07-26","3.99"
"DGS7","2023-07-27","4.13"
"DGS7","2023-07-28","4.08"
"DGS7","2023-07-31","4.08"
"DGS7","2023-08-01","4.15"
"DGS7","2023-08-02","4.17"
"DGS7","2023-08-03","4.26"
"DGS7","2023-08-04","4.10"
"DGS7","2023-08-07","4.13"
"DGS7","2023-08-08","4.06"
"DGS7","2023-08-09","4.07"
"DGS7","2023-08-10","4.17"
"DGS7","2023-08-11","4.26"
"DGS7","2023-08-14","4.29"
"DGS7","2023-08-15","4.31"
"DGS7","2023-08-16","4.37"
"DGS7","2023-08-17","4.38"
"DGS7","2023-08-18","4.34"
"DGS7","2023-08-21","4.42"
"DGS7","2023-08-22","4.44"
"DGS7","2023-08-23","4.30"
"DGS7","2023-08-24","4.34"
"DGS7","2023-08-25","4.37"
"DGS7","2023-08-28","4.32"
"DGS7","2023-08-29","4.21"
"DGS7","2023-08-30","4.22"
"DGS7","2023-08-31","4.19"
"DGS7","2023-09-01","4.27"
"DGS7","2023-09-04","."
"DGS7","2023-09-05","4.35"
"DGS7","2023-09-06","4.39"
"DGS7","2023-09-07","4.35"
"DGS7","2023-09-08","4.35"
"DGS7","2023-09-11","4.37"
"DGS7","2023-09-12","4.36"
"DGS7","2023-09-13","4.34"
"DGS7","2023-09-14","4.38"
"DGS7","2023-09-15","4.41"
"DGS7","2023-09-18","4.41"
"DGS7","2023-09-19","4.47"
"DGS7","2023-09-20","4.46"
"DGS7","2023-09-21","4.57"
"DGS7","2023-09-22","4.53"
"DGS7","2023-09-25","4.61"
"DGS7","2023-09-26","4.62"
"DGS7","2023-09-27","4.69"
"DGS7","2023-09-28","4.63"
"DGS7","2023-09-29","4.61"
"DGS7","2023-10-02","4.73"
"DGS7","2023-10-03","4.84"
"DGS7","2023-10-04","4.75"
"DGS7","2023-10-05","4.73"
"DGS7","2023-10-06","4.79"
"DGS7","2023-10-09","."
"DGS7","2023-10-10","4.66"
"DGS7","2023-10-11","4.61"
"DGS7","2023-10-12","4.73"
"DGS7","2023-10-13","4.66"
"DGS7","2023-10-16","4.74"
"DGS7","2023-10-17","4.88"
"DGS7","2023-10-18","4.95"
"DGS7","2023-10-19","5.00"
"DGS7","2023-10-20","4.93"
"DGS7","2023-10-23","4.87"
"DGS7","2023-10-24","4.86"
"DGS7","2023-10-25","4.98"
"DGS7","2023-10-26","4.86"
"DGS7","2023-10-27","4.83"
"DGS7","2023-10-30","4.88"
"DGS7","2023-10-31","4.89"
"DGS7","2023-11-01","4.75"
"DGS7","2023-11-02","4.68"
"DGS7","2023-11-03","4.55"
"DGS7","2023-11-06","4.66"
"DGS7","2023-11-07","4.58"
"DGS7","2023-11-08","4.54"
"DGS7","2023-11-09","4.68"
"DGS7","2023-11-10","4.68"
"DGS7","2023-11-13","4.69"
"DGS7","2023-11-14","4.45"
"DGS7","2023-11-15","4.56"
"DGS7","2023-11-16","4.47"
"DGS7","2023-11-17","4.47"
"DGS7","2023-11-20","4.46"
"DGS7","2023-11-21","4.44"
"DGS7","2023-11-22","4.46"
"DGS7","2023-11-23","."
"DGS7","2023-11-24","4.51"
"DGS7","2023-11-27","4.43"
"DGS7","2023-11-28","4.36"
"DGS7","2023-11-29","4.28"
"DGS7","2023-11-30","4.38"
"DGS7","2023-12-01","4.22"
"DGS7","2023-12-04","4.30"
"DGS7","2023-12-05","4.20"
"DGS7","2023-12-06","4.16"
"DGS7","2023-12-07","4.16"
"DGS7","2023-12-08","4.28"
"DGS7","2023-12-11","4.27"
"DGS7","2023-12-12","4.24"
"DGS7","2023-12-13","4.04"
"DGS7","2023-12-14","3.93"
"DGS7","2023-12-15","3.94"
"DGS7","2023-12-18","3.97"
"DGS7","2023-12-19","3.96"
"DGS7","2023-12-20","3.88"
"DGS7","2023-12-21","3.91"
"DGS7","2023-12-22","3.92"
"DGS7","2023-12-25","."
"DGS7","2023-12-26","3.91"
"DGS7","2023-12-27","3.81"
"DGS7","2023-12-28","3.84"
"DGS7","2023-12-29","3.88"
"DGS7","2024-01-01","."
"DGS7","2024-01-02","3.95"
"DGS7","2024-01-03","3.92"
"DGS7","2024-01-04","3.99"
"DGS7","2024-01-05","4.04"
"DGS7","2024-01-08","3.99"
"DGS7","2024-01-09","4.00"
"DGS7","2024-01-10","4.01"
"DGS7","2024-01-11","3.95"
"DGS7","2024-01-12","3.91"
"DGS7","2024-01-15","."
"DGS7","2024-01-16","4.01"
"DGS7","2024-01-17","4.07"
"DGS7","2024-01-18","4.10"
"DGS7","2024-01-19","4.12"
"DGS7","2024-01-22","4.07"
"DGS7","2024-01-23","4.11"
"DGS7","2024-01-24","4.14"
"DGS7","2024-01-25","4.07"
"DGS7","2024-01-26","4.10"
"DGS7","2024-01-29","4.02"
"DGS7","2024-01-30","4.03"
"DGS7","2024-01-31","3.95"
"DGS7","2024-02-01","3.83"
"DGS7","2024-02-02","4.02"
"DGS7","2024-02-05","4.16"
"DGS7","2024-02-06","4.07"
"DGS7","2024-02-07","4.09"
"DGS7","2024-02-08","4.15"
"DGS7","2024-02-09","4.17"
"DGS7","2024-02-12","4.16"
"DGS7","2024-02-13","4.33"
"DGS7","2024-02-14","4.27"
"DGS7","2024-02-15","4.25"
"DGS7","2024-02-16","4.31"
"DGS7","2024-02-19","."
"DGS7","2024-02-20","4.28"
"DGS7","2024-02-21","4.33"
"DGS7","2024-02-22","4.35"
"DGS7","2024-02-23","4.28"
"DGS7","2024-02-26","4.32"
"DGS7","2024-02-27","4.34"
"DGS7","2024-02-28","4.28"
"DGS7","2024-02-29","4.28"
"DGS7","2024-03-01","4.2"
"DGS7","2024-03-04","4.23"
"DGS7","2024-03-05","4.15"
"DGS7","2024-03-06","4.12"
"DGS7","2024-03-07","4.09"
"DGS7","2024-03-08","4.08"
"DGS7","2024-03-11","4.09"
"DGS7","2024-03-12","4.16"
"DGS7","2024-03-13","4.2"
"DGS7","2024-03-14","4.3"
"DGS7","2024-03-15","4.33"
"DGS7","2024-03-18","4.35"
"DGS7","2024-03-19","4.31"
"DGS7","2024-03-20","4.28"
"DGS7","2024-03-21","4.28"
"DGS7","2024-03-22","4.22"
"DGS7","2024-03-25","4.25"
"DGS7","2024-03-26","4.23"
"DGS7","2024-03-27","4.18"
"DGS7","2024-03-28","4.2"
"DGS7","2024-03-29","."
"DGS7","2024-04-01","4.33"
"DGS7","2024-04-02","4.37"
"DGS7","2024-04-03","4.36"
"DGS7","2024-04-04","4.31"
"DGS7","2024-04-05","4.39"
"DGS7","2024-04-08","4.43"
"DGS7","2024-04-09","4.38"
"DGS7","2024-04-10","4.59"
"DGS7","2024-04-11","4.6"
"DGS7","2024-04-12","4.53"
"DGS7","2024-04-15","4.65"
"DGS7","2024-04-16","4.69"
"DGS7","2024-04-17","4.61"
"DGS7","2024-04-18","4.67"
"DGS7","2024-04-19","4.65"
"DGS7","2024-04-22","4.65"
"DGS7","2024-04-23","4.62"
"DGS7","2024-04-24","4.66"
"DGS7","2024-04-25","4.71"
"DGS7","2024-04-26","4.68"
"DGS7","2024-04-29","4.64"
"DGS7","2024-04-30","4.71"
"DGS7","2024-05-01","4.64"
"DGS7","2024-05-02","4.57"
"DGS7","2024-05-03","4.49"
"DGS7","2024-05-06","4.48"
"DGS7","2024-05-07","4.47"
"DGS7","2024-05-08","4.49"
"DGS7","2024-05-09","4.46"
"DGS7","2024-05-10","4.51"
"DGS7","2024-05-13","4.49"
"DGS7","2024-05-14","4.45"
"DGS7","2024-05-15","4.35"
"DGS7","2024-05-16","4.39"
"DGS7","2024-05-17","4.43"
"DGS7","2024-05-20","4.44"
"DGS7","2024-05-21","4.42"
"DGS7","2024-05-22","4.44"
"DGS7","2024-05-23","4.5"
"DGS7","2024-05-24","4.49"
"DGS7","2024-05-27","."
"DGS7","2024-05-28","4.56"
"DGS7","2024-05-29","4.63"
"DGS7","2024-05-30","4.57"
"DGS7","2024-05-31","4.52"
"DGS7","2024-06-03","4.41"
"DGS7","2024-06-04","4.33"
"DGS7","2024-06-05","4.29"
"DGS7","2024-06-06","4.28"
"DGS7","2024-06-07","4.45"
"DGS7","2024-06-10","4.47"
"DGS7","2024-06-11","4.4"
"DGS7","2024-06-12","4.31"
"DGS7","2024-06-13","4.23"
"DGS7","2024-06-14","4.2"
"DGS7","2024-06-17","4.28"
"DGS7","2024-06-18","4.22"
"DGS7","2024-06-19","."
"DGS7","2024-06-20","4.25"
"DGS7","2024-06-21","4.25"
"DGS7","2024-06-24","4.25"
"DGS7","2024-06-25","4.23"
"DGS7","2024-06-26","4.32"
"DGS7","2024-06-27","4.27"
"DGS7","2024-06-28","4.33"
"DGS7","2024-07-01","4.45"
"DGS7","2024-07-02","4.4"
"DGS7","2024-07-03","4.33"
"DGS7","2024-07-04","."
"DGS7","2024-07-05","4.23"
"DGS7","2024-07-08","4.23"
"DGS7","2024-07-09","4.25"
"DGS7","2024-07-10","4.24"
"DGS7","2024-07-11","4.15"
"DGS7","2024-07-12","4.13"
"DGS7","2024-07-15","4.16"
"DGS7","2024-07-16","4.11"
"DGS7","2024-07-17","4.09"
"DGS7","2024-07-18","4.14"
"DGS7","2024-07-19","4.18"
"DGS7","2024-07-22","4.2"
"DGS7","2024-07-23","4.18"
"DGS7","2024-07-24","4.2"
"DGS7","2024-07-25","4.18"
"DGS7","2024-07-26","4.1"
"DGS7","2024-07-29","4.08"
"DGS7","2024-07-30","4.06"
"DGS7","2024-07-31","4.0"
"DGS7","2024-08-01","3.89"
"DGS7","2024-08-02","3.68"
"DGS7","2024-08-05","3.66"
"DGS7","2024-08-06","3.79"
"DGS7","2024-08-07","3.85"
"DGS7","2024-08-08","3.89"
"DGS7","2024-08-09","3.85"
"DGS7","2024-08-12","3.8"
"DGS7","2024-08-13","3.74"
"DGS7","2024-08-14","3.72"
"DGS7","2024-08-15","3.83"
"DGS7","2024-08-16","3.81"
"DGS7","2024-08-19","3.78"
"DGS7","2024-08-20","3.73"
"DGS7","2024-08-21","3.69"
"DGS7","2024-08-22","3.77"
"DGS7","2024-08-23","3.71"
"DGS7","2024-08-26","3.72"
"DGS7","2024-08-27","3.73"
"DGS7","2024-08-28","3.74"
"DGS7","2024-08-29","3.76"
"DGS7","2024-08-30","3.8"
"DGS7","2024-09-02","."
"DGS7","2024-09-03","3.73"
"DGS7","2024-09-04","3.65"
"DGS7","2024-09-05","3.63"
"DGS7","2024-09-06","3.6"
"DGS7","2024-09-09","3.58"
"DGS7","2024-09-10","3.53"
"DGS7","2024-09-11","3.54"
"DGS7","2024-09-12","3.57"
"DGS7","2024-09-13","3.53"
"DGS7","2024-09-16","3.51"
"DGS7","2024-09-17","3.53"
"DGS7","2024-09-18","3.58"
"DGS7","2024-09-19","3.6"
"DGS7","2024-09-20","3.59"
"DGS7","2024-09-23","3.62"
"DGS7","2024-09-24","3.6"
"DGS7","2024-09-25","3.65"
"DGS7","2024-09-26","3.65"
"DGS7","2024-09-27","3.6"
"DGS7","2024-09-30","3.67"
"DGS7","2024-10-01","3.6"
"DGS7","2024-10-02","3.65"
"DGS7","2024-10-03","3.71"
"DGS7","2024-10-04","3.88"
"DGS7","2024-10-07","3.92"
"DGS7","2024-10-08","3.94"
"DGS7","2024-10-09","3.97"
"DGS7","2024-10-10","3.99"
"DGS7","2024-10-11","3.97"
"DGS7","2024-10-14","."
"DGS7","2024-10-15","3.93"
"DGS7","2024-10-16","3.92"
"DGS7","2024-10-17","3.99"
"DGS7","2024-10-18","3.97"
"DGS7","2024-10-21","4.07"
"DGS7","2024-10-22","4.1"
"DGS7","2024-10-23","4.14"
"DGS7","2024-10-24","4.12"
"DGS7","2024-10-25","4.15"
"DGS7","2024-10-28","4.19"
"DGS7","2024-10-29","4.18"
"DGS7","2024-10-30","4.2"
"DGS7","2024-10-31","4.21"
"DGS7","2024-11-01","4.3"
"DGS7","2024-11-04","4.24"
"DGS7","2024-11-05","4.22"
"DGS7","2024-11-06","4.37"
"DGS7","2024-11-07","4.25"
"DGS7","2024-11-08","4.25"
"DGS7","2024-11-11","."
"DGS7","2024-11-12","4.38"
"DGS7","2024-11-13","4.38"
"DGS7","2024-11-14","4.38"
"DGS7","2024-11-15","4.36"
"DGS7","2024-11-18","4.35"
"DGS7","2024-11-19","4.32"
"DGS7","2024-11-20","4.34"
"DGS7","2024-11-21","4.36"
"DGS7","2024-11-22","4.35"
"DGS7","2024-11-25","4.21"
"DGS7","2024-11-26","4.24"
"DGS7","2024-11-27","4.17"
"DGS7","2024-11-28","."
"DGS7","2024-11-29","4.1"
"DGS7","2024-12-02","4.13"
"DGS7","2024-12-03","4.17"
"DGS7","2024-12-04","4.13"
"DGS7","2024-12-05","4.12"
"DGS7","2024-12-06","4.09"
"DGS7","2024-12-09","4.13"
"DGS7","2024-12-10","4.15"
"DGS7","2024-12-11","4.2"
"DGS7","2024-12-12","4.25"
"DGS7","2024-12-13","4.33"
"DGS7","2024-12-16","4.32"
"DGS7","2024-12-17","4.33"
"DGS7","2024-12-18","4.45"
"DGS7","2024-12-19","4.51"
"DGS7","2024-12-20","4.45"
"DGS7","2024-12-23","4.52"
"DGS7","2024-12-24","4.52"
"DGS7","2024-12-25","."
"DGS7","2024-12-26","4.49"
"DGS7","2024-12-27","4.53"
"DGS7","2024-12-30","4.46"
"DGS7","2024-12-31","4.48"
"DGS7","2025-01-01","."
"DGS7","2025-01-02","4.47"
"DGS7","2025-01-03","4.51"
"DGS7","2025-01-06","4.52"
"DGS7","2025-01-07","4.57"
"DGS7","2025-01-08","4.56"
"DGS7","2025-01-09","4.57"
"DGS7","2025-01-10","4.7"
"DGS7","2025-01-13","4.71"
"DGS7","2025-01-14","4.7"
"DGS7","2025-01-15","4.55"
"DGS7","2025-01-16","4.5"
"DGS7","2025-01-17","4.52"
"DGS7","2025-01-20","."
"DGS7","2025-01-21","4.49"
"DGS7","2025-01-22","4.51"
"DGS7","2025-01-23","4.55"
"DGS7","2025-01-24","4.53"
"DGS7","2025-01-27","4.43"
"DGS7","2025-01-28","4.43"
"DGS7","2025-01-29","4.44"
"DGS7","2025-01-30","4.41"
"DGS7","2025-01-31","4.47"
"DGS7","2025-02-03","4.45"
"DGS7","2025-02-04","4.42"
"DGS7","2025-02-05","4.33"
"DGS7","2025-02-06","4.36"
"DGS7","2025-02-07","4.42"
"DGS7","2025-02-10","4.42"
"DGS7","2025-02-11","4.45"
"DGS7","2025-02-12","4.56"
"DGS7","2025-02-13","4.46"
"DGS7","2025-02-14","4.41"
"DGS7","2025-02-17","."
"DGS7","2025-02-18","4.48"
"DGS7","2025-02-19","4.46"
"DGS7","2025-02-20","4.43"
"DGS7","2025-02-21","4.35"
"DGS7","2025-02-24","4.32"
"DGS7","2025-02-25","4.21"
"DGS7","2025-02-26","4.16"
"DGS7","2025-02-27","4.19"
"DGS7","2025-02-28","4.14"
"DGS7","2025-03-03","4.06"
"DGS7","2025-03-04","4.11"
"DGS7","2025-03-05","4.18"
"DGS7","2025-03-06","4.18"
"DGS7","2025-03-07","4.21"
"DGS7","2025-03-10","4.1"
"DGS7","2025-03-11","4.16"
"DGS7","2025-03-12","4.2"
"DGS7","2025-03-13","4.15"
"DGS7","2025-03-14","4.2"
"DGS7","2025-03-17","4.21"
"DGS7","2025-03-18","4.18"
"DGS7","2025-03-19","4.14"
"DGS7","2025-03-20","4.12"
"DGS7","2025-03-21","4.12"
"DGS7","2025-03-24","4.22"
"DGS7","2025-03-25","4.19"
"DGS7","2025-03-26","4.22"
"DGS7","2025-03-27","4.23"
"DGS7","2025-03-28","4.11"
"DGS7","2025-03-31","4.09"
"DGS7","2025-04-01","4.03"
"DGS7","2025-04-02","4.07"
"DGS7","2025-04-03","3.88"
"DGS7","2025-04-04","3.84"
"DGS7","2025-04-07","3.97"
"DGS7","2025-04-08","4.05"
"DGS7","2025-04-09","4.2"
"DGS7","2025-04-10","4.21"
"DGS7","2025-04-11","4.32"
"DGS7","2025-04-14","4.2"
"DGS7","2025-04-15","4.15"
"DGS7","2025-04-16","4.08"
"DGS7","2025-04-17","4.13"
"DGS7","2025-04-18","."
"DGS7","2025-04-21","4.19"
"DGS7","2025-04-22","4.19"
"DGS7","2025-04-23","4.2"
"DGS7","2025-04-24","4.11"
"DGS7","2025-04-25","4.06"
"DGS7","2025-04-28","4.01"
"DGS7","2025-04-29","3.96"
"DGS7","2025-04-30","3.93"
"DGS7","2025-05-01","4.02"
"DGS7","2025-05-02","4.11"
"DGS7","2025-05-05","4.14"
"DGS7","2025-05-06","4.1"
"DGS7","2025-05-07","4.06"
"DGS7","2025-05-08","4.18"
"DGS7","2025-05-09","4.18"
"DGS7","2025-05-12","4.27"
"DGS7","2025-05-13","4.3"
"DGS7","2025-05-14","4.35"
"DGS7","2025-05-15","4.25"
"DGS7","2025-05-16","4.24"
"DGS7","2025-05-19","4.26"
"DGS7","2025-05-20","4.27"
"DGS7","2025-05-21","4.37"
"DGS7","2025-05-22","4.32"
"DGS7","2025-05-23","4.29"
"DGS7","2025-05-26","."
"DGS7","2025-05-27","4.22"
"DGS7","2025-05-28","4.27"
"DGS7","2025-05-29","4.2"
"DGS7","2025-05-30","4.18"
"DGS7","2025-06-02","4.22"
"DGS7","2025-06-03","4.23"
"DGS7","2025-06-04","4.14"
"DGS7","2025-06-05","4.18"
"DGS7","2025-06-06","4.31"
"DGS7","2025-06-09","4.28"
"DGS7","2025-06-10","4.27"
"DGS7","2025-06-11","4.21"
"DGS7","2025-06-12","4.15"
"DGS7","2025-06-13","4.2"
"DGS7","2025-06-16","4.23"
"DGS7","2025-06-17","4.17"
"DGS7","2025-06-18","4.17"
"DGS7","2025-06-19","."
"DGS7","2025-06-20","4.16"
"DGS7","2025-06-23","4.1"
"DGS7","2025-06-24","4.06"
"DGS7","2025-06-25","4.05"
"DGS7","2025-06-26","4.0"
"DGS7","2025-06-27","4.03"
"DGS7","2025-06-30","3.98"
"DGS7","2025-07-01","4.03"
"DGS7","2025-07-02","4.06"
"DGS7","2025-07-03","4.12"
"DGS7","2025-07-04","."
"DGS7","2025-07-07","4.16"
"DGS7","2025-07-08","4.18"
"DGS7","2025-07-09","4.11"
"DGS7","2025-07-10","4.12"
"DGS7","2025-07-11","4.19"
"DGS7","2025-07-14","4.19"
"DGS7","2025-07-15","4.26"
"DGS7","2025-07-16","4.21"
"DGS7","2025-07-17","4.22"
"DGS7","2025-07-18","4.18"
"DGS7","2025-07-21","4.13"
"DGS7","2025-07-22","4.09"
"DGS7","2025-07-23","4.15"
"DGS7","2025-07-24","4.18"
"DGS7","2025-07-25","4.15"
"DGS7","2025-07-28","4.18"
"DGS7","2025-07-29","4.1"
"DGS7","2025-07-30","4.15"
"DGS7","2025-07-31","4.14"
"DGS7","2025-08-01","3.97"
"DGS7","2025-08-04","3.95"
"DGS7","2025-08-05","3.97"
"DGS7","2025-08-06","3.97"
"DGS7","2025-08-07","3.99"
"DGS7","2025-08-08","4.03"
"DGS7","2025-08-11","4.03"
"DGS7","2025-08-12","4.03"
"DGS7","2025-08-13","3.98"
"DGS7","2025-08-14","4.03"
"DGS7","2025-08-15","4.07"
"DGS7","2025-08-18","4.07"
"DGS7","2025-08-19","4.04"
"DGS7","2025-08-20","4.02"
"DGS7","2025-08-21","4.07"
"DGS7","2025-08-22","3.98"
"DGS7","2025-08-25","4.01"
"DGS7","2025-08-26","3.98"
"DGS7","2025-08-27","3.95"
"DGS7","2025-08-28","3.92"
"DGS7","2025-08-29","3.92"
"DGS7","2025-09-01","."
"DGS7","2025-09-02","3.98"
"DGS7","2025-09-03","3.92"
"DGS7","2025-09-04","3.87"
"DGS7","2025-09-05","3.8"
"DGS7","2025-09-08","3.77"
"DGS7","2025-09-09","3.81"
"DGS7","2025-09-10","3.78"
"DGS7","2025-09-11","3.76"
"DGS7","2025-09-12","3.81"
"DGS7","2025-09-15","3.79"
"DGS7","2025-09-16","3.78"
"DGS7","2025-09-17","3.81"
"DGS7","2025-09-18","3.86"
"DGS7","2025-09-19","3.88"
"DGS7","2025-09-22","3.9"
"DGS7","2025-09-23","3.87"
"DGS7","2025-09-24","3.91"
"DGS7","2025-09-25","3.94"
"DGS7","2025-09-26","3.96"
"DGS7","2025-09-29","3.92"
"DGS7","2025-09-30","3.93"
"DGS7","2025-10-01","3.88"
"DGS7","2025-10-02","3.86"
"DGS7","2025-10-03","3.9"
"DGS7","2025-10-06","3.95"
"DGS7","2025-10-07","3.9"
"DGS7","2025-10-08","3.91"
"DGS7","2025-10-09","3.92"
"DGS7","2025-10-10","3.83"
"DGS7","2025-10-13","."
"DGS7","2025-10-14","3.79"
"DGS7","2025-10-15","3.82"
"DGS7","2025-10-16","3.74"
"DGS7","2025-10-17","3.78"
"DGS7","2025-10-20","3.77"
"DGS7","2025-10-21","3.74"
"DGS7","2025-10-22","3.74"
"DGS7","2025-10-23","3.79"
"DGS7","2025-10-24","3.79"
"DGS7","2025-10-27","3.79"
"DGS7","2025-10-28","3.77"
"DGS7","2025-10-29","3.87"
"DGS7","2025-10-30","3.9"
"DGS7","2025-10-31","3.89"
"DGS7","2025-11-03","3.9"
"DGS7","2025-11-04","3.88"
"DGS7","2025-11-05","3.95"
"DGS7","2025-11-06","3.87"
"DGS7","2025-11-07","3.87"
"DGS7","2025-11-10","3.9"
"DGS7","2025-11-11","."
"DGS7","2025-11-12","3.86"
"DGS7","2025-11-13","3.89"
"DGS7","2025-11-14","3.92"
"DGS7","2025-11-17","3.9"
"DGS7","2025-11-18","3.89"
"DGS7","2025-11-19","3.9"
"DGS7","2025-11-20","3.87"
"DGS7","2025-11-21","3.82"
"DGS7","2025-11-24","3.8"
"DGS7","2025-11-25","3.77"
"DGS7","2025-11-26","3.75"
"DGS7","2025-11-27","."
"DGS7","2025-11-28","3.78"
"DGS7","2025-12-01","3.86"
"DGS7","2025-12-02","3.85"
"DGS7","2025-12-03","3.82"
"DGS7","2025-12-04","3.87"
"DGS7","2025-12-05","3.9"
"DGS7","2025-12-08","3.94"
"DGS7","2025-12-09","3.96"
"DGS7","2025-12-10","3.92"
"DGS7","2025-12-11","3.91"
"DGS7","2025-12-12","3.95"
"DGS7","2025-12-15","3.94"
"DGS7","2025-12-16","3.9"
"DGS7","2025-12-17","3.91"
"DGS7","2025-12-18","3.87"
"DGS7","2025-12-19","3.91"
"DGS7","2025-12-22","3.93"
"DGS7","2025-12-23","3.94"
"DGS7","2025-12-24","3.91"
"DGS7","2025-12-25","."
"DGS7","2025-12-26","3.89"
"DGS7","2025-12-29","3.88"
"DGS7","2025-12-30","3.89"
"DGS7","2025-12-31","3.94"
"DGS10","2018-01-01","."
"DGS10","2018-01-02","2.46"
"DGS10","2018-01-03","2.44"
"DGS10","2018-01-04","2.46"
"DGS10","2018-01-05","2.47"
"DGS10","2018-01-08","2.49"
"DGS10","2018-01-09","2.55"
"DGS10","2018-01-10","2.55"
"DGS10","2018-01-11","2.54"
"DGS10","2018-01-12","2.55"
"DGS10","2018-01-15","."
"DGS10","2018-01-16","2.54"
"DGS10","2018-01-17","2.57"
"DGS10","2018-01-18","2.62"
"DGS10","2018-01-19","2.64"
"DGS10","2018-01-22","2.66"
"DGS10","2018-01-23","2.63"
"DGS10","2018-01-24","2.65"
"DGS10","2018-01-25","2.63"
"DGS10","2018-01-26","2.66"
"DGS10","2018-01-29","2.70"
"DGS10","2018-01-30","2.73"
"DGS10","2018-01-31","2.72"
"DGS10","2018-02-01","2.78"
"DGS10","2018-02-02","2.84"
"DGS10","2018-02-05","2.77"
"DGS10","2018-02-06","2.79"
"DGS10","2018-02-07","2.84"
"DGS10","2018-02-08","2.85"
"DGS10","2018-02-09","2.83"
"DGS10","2018-02-12","2.86"
"DGS10","2018-02-13","2.83"
"DGS10","2018-02-14","2.91"
"DGS10","2018-02-15","2.90"
"DGS10","2018-02-16","2.87"
"DGS10","2018-02-19","."
"DGS10","2018-02-20","2.88"
"DGS10","2018-02-21","2.94"
"DGS10","2018-02-22","2.92"
"DGS10","2018-02-23","2.88"
"DGS10","2018-02-26","2.86"
"DGS10","2018-02-27","2.90"
"DGS10","2018-02-28","2.87"
"DGS10","2018-03-01","2.81"
"DGS10","2018-03-02","2.86"
"DGS10","2018-03-05","2.88"
"DGS10","2018-03-06","2.88"
"DGS10","2018-03-07","2.89"
"DGS10","2018-03-08","2.86"
"DGS10","2018-03-09","2.90"
"DGS10","2018-03-12","2.87"
"DGS10","2018-03-13","2.84"
"DGS10","2018-03-14","2.81"
"DGS10","2018-03-15","2.82"
"DGS10","2018-03-16","2.85"
"DGS10","2018-03-19","2.85"
"DGS10","2018-03-20","2.89"
"DGS10","2018-03-21","2.89"
"DGS10","2018-03-22","2.83"
"DGS10","2018-03-23","2.82"
"DGS10","2018-03-26","2.85"
"DGS10","2018-03-27","2.78"
"DGS10","2018-03-28","2.77"
"DGS10","2018-03-29","2.74"
"DGS10","2018-03-30","."
"DGS10","2018-04-02","2.73"
"DGS10","2018-04-03","2.79"
"DGS10","2018-04-04","2.79"
"DGS10","2018-04-05","2.83"
"DGS10","2018-04-06","2.77"
"DGS10","2018-04-09","2.78"
"DGS10","2018-04-10","2.80"
"DGS10","2018-04-11","2.79"
"DGS10","2018-04-12","2.83"
"DGS10","2018-04-13","2.82"
"DGS10","2018-04-16","2.83"
"DGS10","2018-04-17","2.82"
"DGS10","2018-04-18","2.87"
"DGS10","2018-04-19","2.92"
"DGS10","2018-04-20","2.96"
"DGS10","2018-04-23","2.98"
"DGS10","2018-04-24","3.00"
"DGS10","2018-04-25","3.03"
"DGS10","2018-04-26","3.00"
"DGS10","2018-04-27","2.96"
"DGS10","2018-04-30","2.95"
"DGS10","2018-05-01","2.97"
"DGS10","2018-05-02","2.97"
"DGS10","2018-05-03","2.94"
"DGS10","2018-05-04","2.95"
"DGS10","2018-05-07","2.95"
"DGS10","2018-05-08","2.97"
"DGS10","2018-05-09","3.00"
"DGS10","2018-05-10","2.97"
"DGS10","2018-05-11","2.97"
"DGS10","2018-05-14","3.00"
"DGS10","2018-05-15","3.08"
"DGS10","2018-05-16","3.09"
"DGS10","2018-05-17","3.11"
"DGS10","2018-05-18","3.06"
"DGS10","2018-05-21","3.06"
"DGS10","2018-05-22","3.06"
"DGS10","2018-05-23","3.01"
"DGS10","2018-05-24","2.98"
"DGS10","2018-05-25","2.93"
"DGS10","2018-05-28","."
"DGS10","2018-05-29","2.77"
"DGS10","2018-05-30","2.84"
"DGS10","2018-05-31","2.83"
"DGS10","2018-06-01","2.89"
"DGS10","2018-06-04","2.94"
"DGS10","2018-06-05","2.92"
"DGS10","2018-06-06","2.97"
"DGS10","2018-06-07","2.93"
"DGS10","2018-06-08","2.93"
"DGS10","2018-06-11","2.96"
"DGS10","2018-06-12","2.96"
"DGS10","2018-06-13","2.98"
"DGS10","2018-06-14","2.94"
"DGS10","2018-06-15","2.93"
"DGS10","2018-06-18","2.92"
"DGS10","2018-06-19","2.89"
"DGS10","2018-06-20","2.93"
"DGS10","2018-06-21","2.90"
"DGS10","2018-06-22","2.90"
"DGS10","2018-06-25","2.87"
"DGS10","2018-06-26","2.88"
"DGS10","2018-06-27","2.83"
"DGS10","2018-06-28","2.84"
"DGS10","2018-06-29","2.85"
"DGS10","2018-07-02","2.87"
"DGS10","2018-07-03","2.83"
"DGS10","2018-07-04","."
"DGS10","2018-07-05","2.84"
"DGS10","2018-07-06","2.82"
"DGS10","2018-07-09","2.86"
"DGS10","2018-07-10","2.87"
"DGS10","2018-07-11","2.85"
"DGS10","2018-07-12","2.85"
"DGS10","2018-07-13","2.83"
"DGS10","2018-07-16","2.85"
"DGS10","2018-07-17","2.86"
"DGS10","2018-07-18","2.88"
"DGS10","2018-07-19","2.84"
"DGS10","2018-07-20","2.89"
"DGS10","2018-07-23","2.96"
"DGS10","2018-07-24","2.95"
"DGS10","2018-07-25","2.94"
"DGS10","2018-07-26","2.98"
"DGS10","2018-07-27","2.96"
"DGS10","2018-07-30","2.98"
"DGS10","2018-07-31","2.96"
"DGS10","2018-08-01","3.00"
"DGS10","2018-08-02","2.98"
"DGS10","2018-08-03","2.95"
"DGS10","2018-08-06","2.94"
"DGS10","2018-08-07","2.98"
"DGS10","2018-08-08","2.96"
"DGS10","2018-08-09","2.93"
"DGS10","2018-08-10","2.87"
"DGS10","2018-08-13","2.88"
"DGS10","2018-08-14","2.89"
"DGS10","2018-08-15","2.86"
"DGS10","2018-08-16","2.87"
"DGS10","2018-08-17","2.87"
"DGS10","2018-08-20","2.82"
"DGS10","2018-08-21","2.85"
"DGS10","2018-08-22","2.82"
"DGS10","2018-08-23","2.82"
"DGS10","2018-08-24","2.82"
"DGS10","2018-08-27","2.85"
"DGS10","2018-08-28","2.88"
"DGS10","2018-08-29","2.89"
"DGS10","2018-08-30","2.86"
"DGS10","2018-08-31","2.86"
"DGS10","2018-09-03","."
"DGS10","2018-09-04","2.90"
"DGS10","2018-09-05","2.90"
"DGS10","2018-09-06","2.88"
"DGS10","2018-09-07","2.94"
"DGS10","2018-09-10","2.94"
"DGS10","2018-09-11","2.98"
"DGS10","2018-09-12","2.97"
"DGS10","2018-09-13","2.97"
"DGS10","2018-09-14","2.99"
"DGS10","2018-09-17","2.99"
"DGS10","2018-09-18","3.05"
"DGS10","2018-09-19","3.08"
"DGS10","2018-09-20","3.07"
"DGS10","2018-09-21","3.07"
"DGS10","2018-09-24","3.08"
"DGS10","2018-09-25","3.10"
"DGS10","2018-09-26","3.06"
"DGS10","2018-09-27","3.06"
"DGS10","2018-09-28","3.05"
"DGS10","2018-10-01","3.09"
"DGS10","2018-10-02","3.05"
"DGS10","2018-10-03","3.15"
"DGS10","2018-10-04","3.19"
"DGS10","2018-10-05","3.23"
"DGS10","2018-10-08","."
"DGS10","2018-10-09","3.21"
"DGS10","2018-10-10","3.22"
"DGS10","2018-10-11","3.14"
"DGS10","2018-10-12","3.15"
"DGS10","2018-10-15","3.16"
"DGS10","2018-10-16","3.16"
"DGS10","2018-10-17","3.19"
"DGS10","2018-10-18","3.17"
"DGS10","2018-10-19","3.20"
"DGS10","2018-10-22","3.20"
"DGS10","2018-10-23","3.17"
"DGS10","2018-10-24","3.10"
"DGS10","2018-10-25","3.14"
"DGS10","2018-10-26","3.08"
"DGS10","2018-10-29","3.08"
"DGS10","2018-10-30","3.12"
"DGS10","2018-10-31","3.15"
"DGS10","2018-11-01","3.14"
"DGS10","2018-11-02","3.22"
"DGS10","2018-11-05","3.20"
"DGS10","2018-11-06","3.22"
"DGS10","2018-11-07","3.22"
"DGS10","2018-11-08","3.24"
"DGS10","2018-11-09","3.19"
"DGS10","2018-11-12","."
"DGS10","2018-11-13","3.14"
"DGS10","2018-11-14","3.12"
"DGS10","2018-11-15","3.11"
"DGS10","2018-11-16","3.08"
"DGS10","2018-11-19","3.06"
"DGS10","2018-11-20","3.06"
"DGS10","2018-11-21","3.06"
"DGS10","2018-11-22","."
"DGS10","2018-11-23","3.05"
"DGS10","2018-11-26","3.07"
"DGS10","2018-11-27","3.06"
"DGS10","2018-11-28","3.06"
"DGS10","2018-11-29","3.03"
"DGS10","2018-11-30","3.01"
"DGS10","2018-12-03","2.98"
"DGS10","2018-12-04","2.91"
"DGS10","2018-12-05","."
"DGS10","2018-12-06","2.87"
"DGS10","2018-12-07","2.85"
"DGS10","2018-12-10","2.85"
"DGS10","2018-12-11","2.89"
"DGS10","2018-12-12","2.91"
"DGS10","2018-12-13","2.91"
"DGS10","2018-12-14","2.89"
"DGS10","2018-12-17","2.86"
"DGS10","2018-12-18","2.82"
"DGS10","2018-12-19","2.77"
"DGS10","2018-12-20","2.79"
"DGS10","2018-12-21","2.79"
"DGS10","2018-12-24","2.74"
"DGS10","2018-12-25","."
"DGS10","2018-12-26","2.81"
"DGS10","2018-12-27","2.77"
"DGS10","2018-12-28","2.72"
"DGS10","2018-12-31","2.69"
"DGS10","2019-01-01","."
"DGS10","2019-01-02","2.66"
"DGS10","2019-01-03","2.56"
"DGS10","2019-01-04","2.67"
"DGS10","2019-01-07","2.70"
"DGS10","2019-01-08","2.73"
"DGS10","2019-01-09","2.74"
"DGS10","2019-01-10","2.74"
"DGS10","2019-01-11","2.71"
"DGS10","2019-01-14","2.71"
"DGS10","2019-01-15","2.72"
"DGS10","2019-01-16","2.73"
"DGS10","2019-01-17","2.75"
"DGS10","2019-01-18","2.79"
"DGS10","2019-01-21","."
"DGS10","2019-01-22","2.74"
"DGS10","2019-01-23","2.76"
"DGS10","2019-01-24","2.72"
"DGS10","2019-01-25","2.76"
"DGS10","2019-01-28","2.75"
"DGS10","2019-01-29","2.72"
"DGS10","2019-01-30","2.70"
"DGS10","2019-01-31","2.63"
"DGS10","2019-02-01","2.70"
"DGS10","2019-02-04","2.73"
"DGS10","2019-02-05","2.71"
"DGS10","2019-02-06","2.70"
"DGS10","2019-02-07","2.65"
"DGS10","2019-02-08","2.63"
"DGS10","2019-02-11","2.65"
"DGS10","2019-02-12","2.68"
"DGS10","2019-02-13","2.71"
"DGS10","2019-02-14","2.66"
"DGS10","2019-02-15","2.66"
"DGS10","2019-02-18","."
"DGS10","2019-02-19","2.65"
"DGS10","2019-02-20","2.65"
"DGS10","2019-02-21","2.69"
"DGS10","2019-02-22","2.65"
"DGS10","2019-02-25","2.67"
"DGS10","2019-02-26","2.64"
"DGS10","2019-02-27","2.69"
"DGS10","2019-02-28","2.73"
"DGS10","2019-03-01","2.76"
"DGS10","2019-03-04","2.72"
"DGS10","2019-03-05","2.72"
"DGS10","2019-03-06","2.69"
"DGS10","2019-03-07","2.64"
"DGS10","2019-03-08","2.62"
"DGS10","2019-03-11","2.64"
"DGS10","2019-03-12","2.61"
"DGS10","2019-03-13","2.61"
"DGS10","2019-03-14","2.63"
"DGS10","2019-03-15","2.59"
"DGS10","2019-03-18","2.60"
"DGS10","2019-03-19","2.61"
"DGS10","2019-03-20","2.54"
"DGS10","2019-03-21","2.54"
"DGS10","2019-03-22","2.44"
"DGS10","2019-03-25","2.43"
"DGS10","2019-03-26","2.41"
"DGS10","2019-03-27","2.39"
"DGS10","2019-03-28","2.39"
"DGS10","2019-03-29","2.41"
"DGS10","2019-04-01","2.49"
"DGS10","2019-04-02","2.48"
"DGS10","2019-04-03","2.52"
"DGS10","2019-04-04","2.51"
"DGS10","2019-04-05","2.50"
"DGS10","2019-04-08","2.52"
"DGS10","2019-04-09","2.51"
"DGS10","2019-04-10","2.48"
"DGS10","2019-04-11","2.51"
"DGS10","2019-04-12","2.56"
"DGS10","2019-04-15","2.55"
"DGS10","2019-04-16","2.60"
"DGS10","2019-04-17","2.59"
"DGS10","2019-04-18","2.57"
"DGS10","2019-04-19","."
"DGS10","2019-04-22","2.59"
"DGS10","2019-04-23","2.57"
"DGS10","2019-04-24","2.53"
"DGS10","2019-04-25","2.54"
"DGS10","2019-04-26","2.51"
"DGS10","2019-04-29","2.54"
"DGS10","2019-04-30","2.51"
"DGS10","2019-05-01","2.52"
"DGS10","2019-05-02","2.55"
"DGS10","2019-05-03","2.54"
"DGS10","2019-05-06","2.51"
"DGS10","2019-05-07","2.45"
"DGS10","2019-05-08","2.49"
"DGS10","2019-05-09","2.45"
"DGS10","2019-05-10","2.47"
"DGS10","2019-05-13","2.40"
"DGS10","2019-05-14","2.42"
"DGS10","2019-05-15","2.37"
"DGS10","2019-05-16","2.40"
"DGS10","2019-05-17","2.39"
"DGS10","2019-05-20","2.41"
"DGS10","2019-05-21","2.43"
"DGS10","2019-05-22","2.39"
"DGS10","2019-05-23","2.31"
"DGS10","2019-05-24","2.32"
"DGS10","2019-05-27","."
"DGS10","2019-05-28","2.26"
"DGS10","2019-05-29","2.25"
"DGS10","2019-05-30","2.22"
"DGS10","2019-05-31","2.14"
"DGS10","2019-06-03","2.07"
"DGS10","2019-06-04","2.12"
"DGS10","2019-06-05","2.12"
"DGS10","2019-06-06","2.12"
"DGS10","2019-06-07","2.09"
"DGS10","2019-06-10","2.15"
"DGS10","2019-06-11","2.15"
"DGS10","2019-06-12","2.13"
"DGS10","2019-06-13","2.10"
"DGS10","2019-06-14","2.09"
"DGS10","2019-06-17","2.09"
"DGS10","2019-06-18","2.06"
"DGS10","2019-06-19","2.03"
"DGS10","2019-06-20","2.01"
"DGS10","2019-06-21","2.07"
"DGS10","2019-06-24","2.02"
"DGS10","2019-06-25","2.00"
"DGS10","2019-06-26","2.05"
"DGS10","2019-06-27","2.01"
"DGS10","2019-06-28","2.00"
"DGS10","2019-07-01","2.03"
"DGS10","2019-07-02","1.98"
"DGS10","2019-07-03","1.96"
"DGS10","2019-07-04","."
"DGS10","2019-07-05","2.04"
"DGS10","2019-07-08","2.05"
"DGS10","2019-07-09","2.07"
"DGS10","2019-07-10","2.07"
"DGS10","2019-07-11","2.13"
"DGS10","2019-07-12","2.12"
"DGS10","2019-07-15","2.09"
"DGS10","2019-07-16","2.13"
"DGS10","2019-07-17","2.06"
"DGS10","2019-07-18","2.04"
"DGS10","2019-07-19","2.05"
"DGS10","2019-07-22","2.05"
"DGS10","2019-07-23","2.08"
"DGS10","2019-07-24","2.05"
"DGS10","2019-07-25","2.08"
"DGS10","2019-07-26","2.08"
"DGS10","2019-07-29","2.06"
"DGS10","2019-07-30","2.06"
"DGS10","2019-07-31","2.02"
"DGS10","2019-08-01","1.90"
"DGS10","2019-08-02","1.86"
"DGS10","2019-08-05","1.75"
"DGS10","2019-08-06","1.73"
"DGS10","2019-08-07","1.71"
"DGS10","2019-08-08","1.72"
"DGS10","2019-08-09","1.74"
"DGS10","2019-08-12","1.65"
"DGS10","2019-08-13","1.68"
"DGS10","2019-08-14","1.59"
"DGS10","2019-08-15","1.52"
"DGS10","2019-08-16","1.55"
"DGS10","2019-08-19","1.60"
"DGS10","2019-08-20","1.55"
"DGS10","2019-08-21","1.59"
"DGS10","2019-08-22","1.62"
"DGS10","2019-08-23","1.52"
"DGS10","2019-08-26","1.54"
"DGS10","2019-08-27","1.49"
"DGS10","2019-08-28","1.47"
"DGS10","2019-08-29","1.50"
"DGS10","2019-08-30","1.50"
"DGS10","2019-09-02","."
"DGS10","2019-09-03","1.47"
"DGS10","2019-09-04","1.47"
"DGS10","2019-09-05","1.57"
"DGS10","2019-09-06","1.55"
"DGS10","2019-09-09","1.63"
"DGS10","2019-09-10","1.72"
"DGS10","2019-09-11","1.75"
"DGS10","2019-09-12","1.79"
"DGS10","2019-09-13","1.90"
"DGS10","2019-09-16","1.84"
"DGS10","2019-09-17","1.81"
"DGS10","2019-09-18","1.80"
"DGS10","2019-09-19","1.79"
"DGS10","2019-09-20","1.74"
"DGS10","2019-09-23","1.72"
"DGS10","2019-09-24","1.64"
"DGS10","2019-09-25","1.73"
"DGS10","2019-09-26","1.70"
"DGS10","2019-09-27","1.69"
"DGS10","2019-09-30","1.68"
"DGS10","2019-10-01","1.65"
"DGS10","2019-10-02","1.60"
"DGS10","2019-10-03","1.54"
"DGS10","2019-10-04","1.52"
"DGS10","2019-10-07","1.56"
"DGS10","2019-10-08","1.54"
"DGS10","2019-10-09","1.59"
"DGS10","2019-10-10","1.67"
"DGS10","2019-10-11","1.76"
"DGS10","2019-10-14","."
"DGS10","2019-10-15","1.77"
"DGS10","2019-10-16","1.75"
"DGS10","2019-10-17","1.76"
"DGS10","2019-10-18","1.76"
"DGS10","2019-10-21","1.80"
"DGS10","2019-10-22","1.78"
"DGS10","2019-10-23","1.77"
"DGS10","2019-10-24","1.77"
"DGS10","2019-10-25","1.80"
"DGS10","2019-10-28","1.85"
"DGS10","2019-10-29","1.84"
"DGS10","2019-10-30","1.78"
"DGS10","2019-10-31","1.69"
"DGS10","2019-11-01","1.73"
"DGS10","2019-11-04","1.79"
"DGS10","2019-11-05","1.86"
"DGS10","2019-11-06","1.81"
"DGS10","2019-11-07","1.92"
"DGS10","2019-11-08","1.94"
"DGS10","2019-11-11","."
"DGS10","2019-11-12","1.92"
"DGS10","2019-11-13","1.88"
"DGS10","2019-11-14","1.82"
"DGS10","2019-11-15","1.84"
"DGS10","2019-11-18","1.81"
"DGS10","2019-11-19","1.79"
"DGS10","2019-11-20","1.73"
"DGS10","2019-11-21","1.77"
"DGS10","2019-11-22","1.77"
"DGS10","2019-11-25","1.76"
"DGS10","2019-11-26","1.74"
"DGS10","2019-11-27","1.77"
"DGS10","2019-11-28","."
"DGS10","2019-11-29","1.78"
"DGS10","2019-12-02","1.83"
"DGS10","2019-12-03","1.72"
"DGS10","2019-12-04","1.77"
"DGS10","2019-12-05","1.80"
"DGS10","2019-12-06","1.84"
"DGS10","2019-12-09","1.83"
"DGS10","2019-12-10","1.85"
"DGS10","2019-12-11","1.79"
"DGS10","2019-12-12","1.90"
"DGS10","2019-12-13","1.82"
"DGS10","2019-12-16","1.89"
"DGS10","2019-12-17","1.89"
"DGS10","2019-12-18","1.92"
"DGS10","2019-12-19","1.92"
"DGS10","2019-12-20","1.92"
"DGS10","2019-12-23","1.93"
"DGS10","2019-12-24","1.90"
"DGS10","2019-12-25","."
"DGS10","2019-12-26","1.90"
"DGS10","2019-12-27","1.88"
"DGS10","2019-12-30","1.90"
"DGS10","2019-12-31","1.92"
"DGS10","2020-01-01","."
"DGS10","2020-01-02","1.88"
"DGS10","2020-01-03","1.80"
"DGS10","2020-01-06","1.81"
"DGS10","2020-01-07","1.83"
"DGS10","2020-01-08","1.87"
"DGS10","2020-01-09","1.85"
"DGS10","2020-01-10","1.83"
"DGS10","2020-01-13","1.85"
"DGS10","2020-01-14","1.82"
"DGS10","2020-01-15","1.79"
"DGS10","2020-01-16","1.81"
"DGS10","2020-01-17","1.84"
"DGS10","2020-01-20","."
"DGS10","2020-01-21","1.78"
"DGS10","2020-01-22","1.77"
"DGS10","2020-01-23","1.74"
"DGS10","2020-01-24","1.70"
"DGS10","2020-01-27","1.61"
"DGS10","2020-01-28","1.65"
"DGS10","2020-01-29","1.60"
"DGS10","2020-01-30","1.57"
"DGS10","2020-01-31","1.51"
"DGS10","2020-02-03","1.54"
"DGS10","2020-02-04","1.61"
"DGS10","2020-02-05","1.66"
"DGS10","2020-02-06","1.65"
"DGS10","2020-02-07","1.59"
"DGS10","2020-02-10","1.56"
"DGS10","2020-02-11","1.59"
"DGS10","2020-02-12","1.62"
"DGS10","2020-02-13","1.61"
"DGS10","2020-02-14","1.59"
"DGS10","2020-02-17","."
"DGS10","2020-02-18","1.55"
"DGS10","2020-02-19","1.56"
"DGS10","2020-02-20","1.52"
"DGS10","2020-02-21","1.46"
"DGS10","2020-02-24","1.38"
"DGS10","2020-02-25","1.33"
"DGS10","2020-02-26","1.33"
"DGS10","2020-02-27","1.30"
"DGS10","2020-02-28","1.13"
"DGS10","2020-03-02","1.10"
"DGS10","2020-03-03","1.02"
"DGS10","2020-03-04","1.02"
"DGS10","2020-03-05","0.92"
"DGS10","2020-03-06","0.74"
"DGS10","2020-03-09","0.54"
"DGS10","2020-03-10","0.76"
"DGS10","2020-03-11","0.82"
"DGS10","2020-03-12","0.88"
"DGS10","2020-03-13","0.94"
"DGS10","2020-03-16","0.73"
"DGS10","2020-03-17","1.02"
"DGS10","2020-03-18","1.18"
"DGS10","2020-03-19","1.12"
"DGS10","2020-03-20","0.92"
"DGS10","2020-03-23","0.76"
"DGS10","2020-03-24","0.84"
"DGS10","2020-03-25","0.88"
"DGS10","2020-03-26","0.83"
"DGS10","2020-03-27","0.72"
"DGS10","2020-03-30","0.70"
"DGS10","2020-03-31","0.70"
"DGS10","2020-04-01","0.62"
"DGS10","2020-04-02","0.63"
"DGS10","2020-04-03","0.62"
"DGS10","2020-04-06","0.67"
"DGS10","2020-04-07","0.75"
"DGS10","2020-04-08","0.77"
"DGS10","2020-04-09","0.73"
"DGS10","2020-04-10","."
"DGS10","2020-04-13","0.76"
"DGS10","2020-04-14","0.76"
"DGS10","2020-04-15","0.63"
"DGS10","2020-04-16","0.61"
"DGS10","2020-04-17","0.65"
"DGS10","2020-04-20","0.63"
"DGS10","2020-04-21","0.58"
"DGS10","2020-04-22","0.63"
"DGS10","2020-04-23","0.61"
"DGS10","2020-04-24","0.60"
"DGS10","2020-04-27","0.67"
"DGS10","2020-04-28","0.62"
"DGS10","2020-04-29","0.63"
"DGS10","2020-04-30","0.64"
"DGS10","2020-05-01","0.64"
"DGS10","2020-05-04","0.64"
"DGS10","2020-05-05","0.66"
"DGS10","2020-05-06","0.72"
"DGS10","2020-05-07","0.63"
"DGS10","2020-05-08","0.69"
"DGS10","2020-05-11","0.73"
"DGS10","2020-05-12","0.69"
"DGS10","2020-05-13","0.64"
"DGS10","2020-05-14","0.63"
"DGS10","2020-05-15","0.64"
"DGS10","2020-05-18","0.73"
"DGS10","2020-05-19","0.70"
"DGS10","2020-05-20","0.68"
"DGS10","2020-05-21","0.68"
"DGS10","2020-05-22","0.66"
"DGS10","2020-05-25","."
"DGS10","2020-05-26","0.69"
"DGS10","2020-05-27","0.68"
"DGS10","2020-05-28","0.70"
"DGS10","2020-05-29","0.65"
"DGS10","2020-06-01","0.66"
"DGS10","2020-06-02","0.68"
"DGS10","2020-06-03","0.77"
"DGS10","2020-06-04","0.82"
"DGS10","2020-06-05","0.91"
"DGS10","2020-06-08","0.88"
"DGS10","2020-06-09","0.84"
"DGS10","2020-06-10","0.75"
"DGS10","2020-06-11","0.66"
"DGS10","2020-06-12","0.71"
"DGS10","2020-06-15","0.71"
"DGS10","2020-06-16","0.75"
"DGS10","2020-06-17","0.74"
"DGS10","2020-06-18","0.71"
"DGS10","2020-06-19","0.70"
"DGS10","2020-06-22","0.71"
"DGS10","2020-06-23","0.72"
"DGS10","2020-06-24","0.69"
"DGS10","2020-06-25","0.68"
"DGS10","2020-06-26","0.64"
"DGS10","2020-06-29","0.64"
"DGS10","2020-06-30","0.66"
"DGS10","2020-07-01","0.69"
"DGS10","2020-07-02","0.68"
"DGS10","2020-07-03","."
"DGS10","2020-07-06","0.69"
"DGS10","2020-07-07","0.65"
"DGS10","2020-07-08","0.67"
"DGS10","2020-07-09","0.62"
"DGS10","2020-07-10","0.65"
"DGS10","2020-07-13","0.64"
"DGS10","2020-07-14","0.63"
"DGS10","2020-07-15","0.64"
"DGS10","2020-07-16","0.62"
"DGS10","2020-07-17","0.64"
"DGS10","2020-07-20","0.62"
"DGS10","2020-07-21","0.61"
"DGS10","2020-07-22","0.60"
"DGS10","2020-07-23","0.59"
"DGS10","2020-07-24","0.59"
"DGS10","2020-07-27","0.62"
"DGS10","2020-07-28","0.59"
"DGS10","2020-07-29","0.58"
"DGS10","2020-07-30","0.55"
"DGS10","2020-07-31","0.55"
"DGS10","2020-08-03","0.56"
"DGS10","2020-08-04","0.52"
"DGS10","2020-08-05","0.55"
"DGS10","2020-08-06","0.55"
"DGS10","2020-08-07","0.57"
"DGS10","2020-08-10","0.59"
"DGS10","2020-08-11","0.64"
"DGS10","2020-08-12","0.69"
"DGS10","2020-08-13","0.71"
"DGS10","2020-08-14","0.71"
"DGS10","2020-08-17","0.69"
"DGS10","2020-08-18","0.67"
"DGS10","2020-08-19","0.68"
"DGS10","2020-08-20","0.65"
"DGS10","2020-08-21","0.64"
"DGS10","2020-08-24","0.65"
"DGS10","2020-08-25","0.69"
"DGS10","2020-08-26","0.69"
"DGS10","2020-08-27","0.74"
"DGS10","2020-08-28","0.74"
"DGS10","2020-08-31","0.72"
"DGS10","2020-09-01","0.68"
"DGS10","2020-09-02","0.66"
"DGS10","2020-09-03","0.63"
"DGS10","2020-09-04","0.72"
"DGS10","2020-09-07","."
"DGS10","2020-09-08","0.69"
"DGS10","2020-09-09","0.71"
"DGS10","2020-09-10","0.68"
"DGS10","2020-09-11","0.67"
"DGS10","2020-09-14","0.68"
"DGS10","2020-09-15","0.68"
"DGS10","2020-09-16","0.69"
"DGS10","2020-09-17","0.69"
"DGS10","2020-09-18","0.70"
"DGS10","2020-09-21","0.68"
"DGS10","2020-09-22","0.68"
"DGS10","2020-09-23","0.68"
"DGS10","2020-09-24","0.67"
"DGS10","2020-09-25","0.66"
"DGS10","2020-09-28","0.67"
"DGS10","2020-09-29","0.66"
"DGS10","2020-09-30","0.69"
"DGS10","2020-10-01","0.68"
"DGS10","2020-10-02","0.70"
"DGS10","2020-10-05","0.78"
"DGS10","2020-10-06","0.76"
"DGS10","2020-10-07","0.81"
"DGS10","2020-10-08","0.78"
"DGS10","2020-10-09","0.79"
"DGS10","2020-10-12","."
"DGS10","2020-10-13","0.74"
"DGS10","2020-10-14","0.73"
"DGS10","2020-10-15","0.74"
"DGS10","2020-10-16","0.76"
"DGS10","2020-10-19","0.78"
"DGS10","2020-10-20","0.81"
"DGS10","2020-10-21","0.83"
"DGS10","2020-10-22","0.87"
"DGS10","2020-10-23","0.85"
"DGS10","2020-10-26","0.81"
"DGS10","2020-10-27","0.79"
"DGS10","2020-10-28","0.79"
"DGS10","2020-10-29","0.85"
"DGS10","2020-10-30","0.88"
"DGS10","2020-11-02","0.87"
"DGS10","2020-11-03","0.90"
"DGS10","2020-11-04","0.78"
"DGS10","2020-11-05","0.79"
"DGS10","2020-11-06","0.83"
"DGS10","2020-11-09","0.96"
"DGS10","2020-11-10","0.98"
"DGS10","2020-11-11","."
"DGS10","2020-11-12","0.88"
"DGS10","2020-11-13","0.89"
"DGS10","2020-11-16","0.91"
"DGS10","2020-11-17","0.87"
"DGS10","2020-11-18","0.88"
"DGS10","2020-11-19","0.86"
"DGS10","2020-11-20","0.83"
"DGS10","2020-11-23","0.86"
"DGS10","2020-11-24","0.88"
"DGS10","2020-11-25","0.88"
"DGS10","2020-11-26","."
"DGS10","2020-11-27","0.84"
"DGS10","2020-11-30","0.84"
"DGS10","2020-12-01","0.92"
"DGS10","2020-12-02","0.95"
"DGS10","2020-12-03","0.92"
"DGS10","2020-12-04","0.97"
"DGS10","2020-12-07","0.94"
"DGS10","2020-12-08","0.92"
"DGS10","2020-12-09","0.95"
"DGS10","2020-12-10","0.92"
"DGS10","2020-12-11","0.90"
"DGS10","2020-12-14","0.90"
"DGS10","2020-12-15","0.92"
"DGS10","2020-12-16","0.92"
"DGS10","2020-12-17","0.94"
"DGS10","2020-12-18","0.95"
"DGS10","2020-12-21","0.95"
"DGS10","2020-12-22","0.93"
"DGS10","2020-12-23","0.96"
"DGS10","2020-12-24","0.94"
"DGS10","2020-12-25","."
"DGS10","2020-12-28","0.94"
"DGS10","2020-12-29","0.94"
"DGS10","2020-12-30","0.93"
"DGS10","2020-12-31","0.93"
"DGS10","2021-01-01","."
"DGS10","2021-01-04","0.93"
"DGS10","2021-01-05","0.96"
"DGS10","2021-01-06","1.04"
"DGS10","2021-01-07","1.08"
"DGS10","2021-01-08","1.13"
"DGS10","2021-01-11","1.15"
"DGS10","2021-01-12","1.15"
"DGS10","2021-01-13","1.10"
"DGS10","2021-01-14","1.15"
"DGS10","2021-01-15","1.11"
"DGS10","2021-01-18","."
"DGS10","2021-01-19","1.10"
"DGS10","2021-01-20","1.10"
"DGS10","2021-01-21","1.12"
"DGS10","2021-01-22","1.10"
"DGS10","2021-01-25","1.05"
"DGS10","2021-01-26","1.05"
"DGS10","2021-01-27","1.04"
"DGS10","2021-01-28","1.07"
"DGS10","2021-01-29","1.11"
"DGS10","2021-02-01","1.09"
"DGS10","2021-02-02","1.12"
"DGS10","2021-02-03","1.15"
"DGS10","2021-02-04","1.15"
"DGS10","2021-02-05","1.19"
"DGS10","2021-02-08","1.19"
"DGS10","2021-02-09","1.18"
"DGS10","2021-02-10","1.15"
"DGS10","2021-02-11","1.16"
"DGS10","2021-02-12","1.20"
"DGS10","2021-02-15","."
"DGS10","2021-02-16","1.30"
"DGS10","2021-02-17","1.29"
"DGS10","2021-02-18","1.29"
"DGS10","2021-02-19","1.34"
"DGS10","2021-02-22","1.37"
"DGS10","2021-02-23","1.37"
"DGS10","2021-02-24","1.38"
"DGS10","2021-02-25","1.54"
"DGS10","2021-02-26","1.44"
"DGS10","2021-03-01","1.45"
"DGS10","2021-03-02","1.42"
"DGS10","2021-03-03","1.47"
"DGS10","2021-03-04","1.54"
"DGS10","2021-03-05","1.56"
"DGS10","2021-03-08","1.59"
"DGS10","2021-03-09","1.55"
"DGS10","2021-03-10","1.53"
"DGS10","2021-03-11","1.54"
"DGS10","2021-03-12","1.64"
"DGS10","2021-03-15","1.62"
"DGS10","2021-03-16","1.62"
"DGS10","2021-03-17","1.63"
"DGS10","2021-03-18","1.71"
"DGS10","2021-03-19","1.74"
"DGS10","2021-03-22","1.69"
"DGS10","2021-03-23","1.63"
"DGS10","2021-03-24","1.62"
"DGS10","2021-03-25","1.63"
"DGS10","2021-03-26","1.67"
"DGS10","2021-03-29","1.73"
"DGS10","2021-03-30","1.73"
"DGS10","2021-03-31","1.74"
"DGS10","2021-04-01","1.69"
"DGS10","2021-04-02","1.72"
"DGS10","2021-04-05","1.73"
"DGS10","2021-04-06","1.67"
"DGS10","2021-04-07","1.68"
"DGS10","2021-04-08","1.64"
"DGS10","2021-04-09","1.67"
"DGS10","2021-04-12","1.69"
"DGS10","2021-04-13","1.64"
"DGS10","2021-04-14","1.64"
"DGS10","2021-04-15","1.56"
"DGS10","2021-04-16","1.59"
"DGS10","2021-04-19","1.61"
"DGS10","2021-04-20","1.58"
"DGS10","2021-04-21","1.57"
"DGS10","2021-04-22","1.57"
"DGS10","2021-04-23","1.58"
"DGS10","2021-04-26","1.58"
"DGS10","2021-04-27","1.63"
"DGS10","2021-04-28","1.63"
"DGS10","2021-04-29","1.65"
"DGS10","2021-04-30","1.65"
"DGS10","2021-05-03","1.63"
"DGS10","2021-05-04","1.61"
"DGS10","2021-05-05","1.59"
"DGS10","2021-05-06","1.58"
"DGS10","2021-05-07","1.60"
"DGS10","2021-05-10","1.63"
"DGS10","2021-05-11","1.64"
"DGS10","2021-05-12","1.69"
"DGS10","2021-05-13","1.66"
"DGS10","2021-05-14","1.63"
"DGS10","2021-05-17","1.64"
"DGS10","2021-05-18","1.64"
"DGS10","2021-05-19","1.68"
"DGS10","2021-05-20","1.63"
"DGS10","2021-05-21","1.63"
"DGS10","2021-05-24","1.61"
"DGS10","2021-05-25","1.56"
"DGS10","2021-05-26","1.58"
"DGS10","2021-05-27","1.61"
"DGS10","2021-05-28","1.58"
"DGS10","2021-05-31","."
"DGS10","2021-06-01","1.62"
"DGS10","2021-06-02","1.59"
"DGS10","2021-06-03","1.63"
"DGS10","2021-06-04","1.56"
"DGS10","2021-06-07","1.57"
"DGS10","2021-06-08","1.53"
"DGS10","2021-06-09","1.50"
"DGS10","2021-06-10","1.45"
"DGS10","2021-06-11","1.47"
"DGS10","2021-06-14","1.51"
"DGS10","2021-06-15","1.51"
"DGS10","2021-06-16","1.57"
"DGS10","2021-06-17","1.52"
"DGS10","2021-06-18","1.45"
"DGS10","2021-06-21","1.50"
"DGS10","2021-06-22","1.48"
"DGS10","2021-06-23","1.50"
"DGS10","2021-06-24","1.49"
"DGS10","2021-06-25","1.54"
"DGS10","2021-06-28","1.49"
"DGS10","2021-06-29","1.49"
"DGS10","2021-06-30","1.45"
"DGS10","2021-07-01","1.48"
"DGS10","2021-07-02","1.44"
"DGS10","2021-07-05","."
"DGS10","2021-07-06","1.37"
"DGS10","2021-07-07","1.33"
"DGS10","2021-07-08","1.30"
"DGS10","2021-07-09","1.37"
"DGS10","2021-07-12","1.38"
"DGS10","2021-07-13","1.42"
"DGS10","2021-07-14","1.37"
"DGS10","2021-07-15","1.31"
"DGS10","2021-07-16","1.31"
"DGS10","2021-07-19","1.19"
"DGS10","2021-07-20","1.23"
"DGS10","2021-07-21","1.30"
"DGS10","2021-07-22","1.27"
"DGS10","2021-07-23","1.30"
"DGS10","2021-07-26","1.29"
"DGS10","2021-07-27","1.25"
"DGS10","2021-07-28","1.26"
"DGS10","2021-07-29","1.28"
"DGS10","2021-07-30","1.24"
"DGS10","2021-08-02","1.20"
"DGS10","2021-08-03","1.19"
"DGS10","2021-08-04","1.19"
"DGS10","2021-08-05","1.23"
"DGS10","2021-08-06","1.31"
"DGS10","2021-08-09","1.33"
"DGS10","2021-08-10","1.36"
"DGS10","2021-08-11","1.35"
"DGS10","2021-08-12","1.36"
"DGS10","2021-08-13","1.29"
"DGS10","2021-08-16","1.26"
"DGS10","2021-08-17","1.26"
"DGS10","2021-08-18","1.27"
"DGS10","2021-08-19","1.24"
"DGS10","2021-08-20","1.26"
"DGS10","2021-08-23","1.25"
"DGS10","2021-08-24","1.29"
"DGS10","2021-08-25","1.35"
"DGS10","2021-08-26","1.34"
"DGS10","2021-08-27","1.31"
"DGS10","2021-08-30","1.29"
"DGS10","2021-08-31","1.30"
"DGS10","2021-09-01","1.31"
"DGS10","2021-09-02","1.29"
"DGS10","2021-09-03","1.33"
"DGS10","2021-09-06","."
"DGS10","2021-09-07","1.38"
"DGS10","2021-09-08","1.35"
"DGS10","2021-09-09","1.30"
"DGS10","2021-09-10","1.35"
"DGS10","2021-09-13","1.33"
"DGS10","2021-09-14","1.28"
"DGS10","2021-09-15","1.31"
"DGS10","2021-09-16","1.34"
"DGS10","2021-09-17","1.37"
"DGS10","2021-09-20","1.31"
"DGS10","2021-09-21","1.33"
"DGS10","2021-09-22","1.32"
"DGS10","2021-09-23","1.41"
"DGS10","2021-09-24","1.47"
"DGS10","2021-09-27","1.48"
"DGS10","2021-09-28","1.54"
"DGS10","2021-09-29","1.55"
"DGS10","2021-09-30","1.52"
"DGS10","2021-10-01","1.48"
"DGS10","2021-10-04","1.49"
"DGS10","2021-10-05","1.54"
"DGS10","2021-10-06","1.53"
"DGS10","2021-10-07","1.58"
"DGS10","2021-10-08","1.61"
"DGS10","2021-10-11","."
"DGS10","2021-10-12","1.59"
"DGS10","2021-10-13","1.56"
"DGS10","2021-10-14","1.52"
"DGS10","2021-10-15","1.59"
"DGS10","2021-10-18","1.59"
"DGS10","2021-10-19","1.65"
"DGS10","2021-10-20","1.65"
"DGS10","2021-10-21","1.68"
"DGS10","2021-10-22","1.66"
"DGS10","2021-10-25","1.64"
"DGS10","2021-10-26","1.63"
"DGS10","2021-10-27","1.54"
"DGS10","2021-10-28","1.57"
"DGS10","2021-10-29","1.55"
"DGS10","2021-11-01","1.58"
"DGS10","2021-11-02","1.56"
"DGS10","2021-11-03","1.60"
"DGS10","2021-11-04","1.53"
"DGS10","2021-11-05","1.45"
"DGS10","2021-11-08","1.51"
"DGS10","2021-11-09","1.46"
"DGS10","2021-11-10","1.56"
"DGS10","2021-11-11","."
"DGS10","2021-11-12","1.58"
"DGS10","2021-11-15","1.63"
"DGS10","2021-11-16","1.63"
"DGS10","2021-11-17","1.60"
"DGS10","2021-11-18","1.59"
"DGS10","2021-11-19","1.54"
"DGS10","2021-11-22","1.63"
"DGS10","2021-11-23","1.67"
"DGS10","2021-11-24","1.64"
"DGS10","2021-11-25","."
"DGS10","2021-11-26","1.48"
"DGS10","2021-11-29","1.52"
"DGS10","2021-11-30","1.43"
"DGS10","2021-12-01","1.43"
"DGS10","2021-12-02","1.44"
"DGS10","2021-12-03","1.35"
"DGS10","2021-12-06","1.43"
"DGS10","2021-12-07","1.48"
"DGS10","2021-12-08","1.52"
"DGS10","2021-12-09","1.49"
"DGS10","2021-12-10","1.48"
"DGS10","2021-12-13","1.42"
"DGS10","2021-12-14","1.44"
"DGS10","2021-12-15","1.47"
"DGS10","2021-12-16","1.44"
"DGS10","2021-12-17","1.41"
"DGS10","2021-12-20","1.43"
"DGS10","2021-12-21","1.48"
"DGS10","2021-12-22","1.46"
"DGS10","2021-12-23","1.50"
"DGS10","2021-12-24","."
"DGS10","2021-12-27","1.48"
"DGS10","2021-12-28","1.49"
"DGS10","2021-12-29","1.55"
"DGS10","2021-12-30","1.52"
"DGS10","2021-12-31","1.52"
"DGS10","2022-01-03","1.63"
"DGS10","2022-01-04","1.66"
"DGS10","2022-01-05","1.71"
"DGS10","2022-01-06","1.73"
"DGS10","2022-01-07","1.76"
"DGS10","2022-01-10","1.78"
"DGS10","2022-01-11","1.75"
"DGS10","2022-01-12","1.74"
"DGS10","2022-01-13","1.70"
"DGS10","2022-01-14","1.78"
"DGS10","2022-01-17","."
"DGS10","2022-01-18","1.87"
"DGS10","2022-01-19","1.83"
"DGS10","2022-01-20","1.83"
"DGS10","2022-01-21","1.75"
"DGS10","2022-01-24","1.75"
"DGS10","2022-01-25","1.78"
"DGS10","2022-01-26","1.85"
"DGS10","2022-01-27","1.81"
"DGS10","2022-01-28","1.78"
"DGS10","2022-01-31","1.79"
"DGS10","2022-02-01","1.81"
"DGS10","2022-02-02","1.78"
"DGS10","2022-02-03","1.82"
"DGS10","2022-02-04","1.93"
"DGS10","2022-02-07","1.92"
"DGS10","2022-02-08","1.96"
"DGS10","2022-02-09","1.94"
"DGS10","2022-02-10","2.03"
"DGS10","2022-02-11","1.92"
"DGS10","2022-02-14","1.98"
"DGS10","2022-02-15","2.05"
"DGS10","2022-02-16","2.03"
"DGS10","2022-02-17","1.97"
"DGS10","2022-02-18","1.92"
"DGS10","2022-02-21","."
"DGS10","2022-02-22","1.94"
"DGS10","2022-02-23","1.99"
"DGS10","2022-02-24","1.96"
"DGS10","2022-02-25","1.97"
"DGS10","2022-02-28","1.83"
"DGS10","2022-03-01","1.72"
"DGS10","2022-03-02","1.86"
"DGS10","2022-03-03","1.86"
"DGS10","2022-03-04","1.74"
"DGS10","2022-03-07","1.78"
"DGS10","2022-03-08","1.86"
"DGS10","2022-03-09","1.94"
"DGS10","2022-03-10","1.98"
"DGS10","2022-03-11","2.00"
"DGS10","2022-03-14","2.14"
"DGS10","2022-03-15","2.15"
"DGS10","2022-03-16","2.19"
"DGS10","2022-03-17","2.20"
"DGS10","2022-03-18","2.14"
"DGS10","2022-03-21","2.32"
"DGS10","2022-03-22","2.38"
"DGS10","2022-03-23","2.32"
"DGS10","2022-03-24","2.34"
"DGS10","2022-03-25","2.48"
"DGS10","2022-03-28","2.46"
"DGS10","2022-03-29","2.41"
"DGS10","2022-03-30","2.35"
"DGS10","2022-03-31","2.32"
"DGS10","2022-04-01","2.39"
"DGS10","2022-04-04","2.42"
"DGS10","2022-04-05","2.54"
"DGS10","2022-04-06","2.61"
"DGS10","2022-04-07","2.66"
"DGS10","2022-04-08","2.72"
"DGS10","2022-04-11","2.79"
"DGS10","2022-04-12","2.72"
"DGS10","2022-04-13","2.70"
"DGS10","2022-04-14","2.83"
"DGS10","2022-04-15","."
"DGS10","2022-04-18","2.85"
"DGS10","2022-04-19","2.93"
"DGS10","2022-04-20","2.85"
"DGS10","2022-04-21","2.90"
"DGS10","2022-04-22","2.90"
"DGS10","2022-04-25","2.81"
"DGS10","2022-04-26","2.77"
"DGS10","2022-04-27","2.82"
"DGS10","2022-04-28","2.85"
"DGS10","2022-04-29","2.89"
"DGS10","2022-05-02","2.99"
"DGS10","2022-05-03","2.97"
"DGS10","2022-05-04","2.93"
"DGS10","2022-05-05","3.05"
"DGS10","2022-05-06","3.12"
"DGS10","2022-05-09","3.05"
"DGS10","2022-05-10","2.99"
"DGS10","2022-05-11","2.91"
"DGS10","2022-05-12","2.84"
"DGS10","2022-05-13","2.93"
"DGS10","2022-05-16","2.88"
"DGS10","2022-05-17","2.98"
"DGS10","2022-05-18","2.89"
"DGS10","2022-05-19","2.84"
"DGS10","2022-05-20","2.78"
"DGS10","2022-05-23","2.86"
"DGS10","2022-05-24","2.76"
"DGS10","2022-05-25","2.75"
"DGS10","2022-05-26","2.75"
"DGS10","2022-05-27","2.74"
"DGS10","2022-05-30","."
"DGS10","2022-05-31","2.85"
"DGS10","2022-06-01","2.94"
"DGS10","2022-06-02","2.92"
"DGS10","2022-06-03","2.96"
"DGS10","2022-06-06","3.04"
"DGS10","2022-06-07","2.98"
"DGS10","2022-06-08","3.03"
"DGS10","2022-06-09","3.04"
"DGS10","2022-06-10","3.15"
"DGS10","2022-06-13","3.43"
"DGS10","2022-06-14","3.49"
"DGS10","2022-06-15","3.33"
"DGS10","2022-06-16","3.28"
"DGS10","2022-06-17","3.25"
"DGS10","2022-06-20","."
"DGS10","2022-06-21","3.31"
"DGS10","2022-06-22","3.16"
"DGS10","2022-06-23","3.09"
"DGS10","2022-06-24","3.13"
"DGS10","2022-06-27","3.20"
"DGS10","2022-06-28","3.20"
"DGS10","2022-06-29","3.10"
"DGS10","2022-06-30","2.98"
"DGS10","2022-07-01","2.88"
"DGS10","2022-07-04","."
"DGS10","2022-07-05","2.82"
"DGS10","2022-07-06","2.93"
"DGS10","2022-07-07","3.01"
"DGS10","2022-07-08","3.09"
"DGS10","2022-07-11","2.99"
"DGS10","2022-07-12","2.96"
"DGS10","2022-07-13","2.91"
"DGS10","2022-07-14","2.96"
"DGS10","2022-07-15","2.93"
"DGS10","2022-07-18","2.96"
"DGS10","2022-07-19","3.01"
"DGS10","2022-07-20","3.04"
"DGS10","2022-07-21","2.91"
"DGS10","2022-07-22","2.77"
"DGS10","2022-07-25","2.81"
"DGS10","2022-07-26","2.81"
"DGS10","2022-07-27","2.78"
"DGS10","2022-07-28","2.68"
"DGS10","2022-07-29","2.67"
"DGS10","2022-08-01","2.60"
"DGS10","2022-08-02","2.75"
"DGS10","2022-08-03","2.73"
"DGS10","2022-08-04","2.68"
"DGS10","2022-08-05","2.83"
"DGS10","2022-08-08","2.77"
"DGS10","2022-08-09","2.80"
"DGS10","2022-08-10","2.78"
"DGS10","2022-08-11","2.87"
"DGS10","2022-08-12","2.84"
"DGS10","2022-08-15","2.79"
"DGS10","2022-08-16","2.82"
"DGS10","2022-08-17","2.89"
"DGS10","2022-08-18","2.88"
"DGS10","2022-08-19","2.98"
"DGS10","2022-08-22","3.03"
"DGS10","2022-08-23","3.05"
"DGS10","2022-08-24","3.11"
"DGS10","2022-08-25","3.03"
"DGS10","2022-08-26","3.04"
"DGS10","2022-08-29","3.12"
"DGS10","2022-08-30","3.11"
"DGS10","2022-08-31","3.15"
"DGS10","2022-09-01","3.26"
"DGS10","2022-09-02","3.20"
"DGS10","2022-09-05","."
"DGS10","2022-09-06","3.33"
"DGS10","2022-09-07","3.27"
"DGS10","2022-09-08","3.29"
"DGS10","2022-09-09","3.33"
"DGS10","2022-09-12","3.37"
"DGS10","2022-09-13","3.42"
"DGS10","2022-09-14","3.41"
"DGS10","2022-09-15","3.45"
"DGS10","2022-09-16","3.45"
"DGS10","2022-09-19","3.49"
"DGS10","2022-09-20","3.57"
"DGS10","2022-09-21","3.51"
"DGS10","2022-09-22","3.70"
"DGS10","2022-09-23","3.69"
"DGS10","2022-09-26","3.88"
"DGS10","2022-09-27","3.97"
"DGS10","2022-09-28","3.72"
"DGS10","2022-09-29","3.76"
"DGS10","2022-09-30","3.83"
"DGS10","2022-10-03","3.67"
"DGS10","2022-10-04","3.62"
"DGS10","2022-10-05","3.76"
"DGS10","2022-10-06","3.83"
"DGS10","2022-10-07","3.89"
"DGS10","2022-10-10","."
"DGS10","2022-10-11","3.93"
"DGS10","2022-10-12","3.91"
"DGS10","2022-10-13","3.97"
"DGS10","2022-10-14","4.00"
"DGS10","2022-10-17","4.02"
"DGS10","2022-10-18","4.01"
"DGS10","2022-10-19","4.14"
"DGS10","2022-10-20","4.24"
"DGS10","2022-10-21","4.21"
"DGS10","2022-10-24","4.25"
"DGS10","2022-10-25","4.10"
"DGS10","2022-10-26","4.04"
"DGS10","2022-10-27","3.96"
"DGS10","2022-10-28","4.02"
"DGS10","2022-10-31","4.10"
"DGS10","2022-11-01","4.07"
"DGS10","2022-11-02","4.10"
"DGS10","2022-11-03","4.14"
"DGS10","2022-11-04","4.17"
"DGS10","2022-11-07","4.22"
"DGS10","2022-11-08","4.14"
"DGS10","2022-11-09","4.12"
"DGS10","2022-11-10","3.82"
"DGS10","2022-11-11","."
"DGS10","2022-11-14","3.88"
"DGS10","2022-11-15","3.80"
"DGS10","2022-11-16","3.67"
"DGS10","2022-11-17","3.77"
"DGS10","2022-11-18","3.82"
"DGS10","2022-11-21","3.83"
"DGS10","2022-11-22","3.76"
"DGS10","2022-11-23","3.71"
"DGS10","2022-11-24","."
"DGS10","2022-11-25","3.68"
"DGS10","2022-11-28","3.69"
"DGS10","2022-11-29","3.75"
"DGS10","2022-11-30","3.68"
"DGS10","2022-12-01","3.53"
"DGS10","2022-12-02","3.51"
"DGS10","2022-12-05","3.60"
"DGS10","2022-12-06","3.51"
"DGS10","2022-12-07","3.42"
"DGS10","2022-12-08","3.48"
"DGS10","2022-12-09","3.57"
"DGS10","2022-12-12","3.61"
"DGS10","2022-12-13","3.51"
"DGS10","2022-12-14","3.49"
"DGS10","2022-12-15","3.44"
"DGS10","2022-12-16","3.48"
"DGS10","2022-12-19","3.57"
"DGS10","2022-12-20","3.69"
"DGS10","2022-12-21","3.68"
"DGS10","2022-12-22","3.67"
"DGS10","2022-12-23","3.75"
"DGS10","2022-12-26","."
"DGS10","2022-12-27","3.84"
"DGS10","2022-12-28","3.88"
"DGS10","2022-12-29","3.83"
"DGS10","2022-12-30","3.88"
"DGS10","2023-01-02","."
"DGS10","2023-01-03","3.79"
"DGS10","2023-01-04","3.69"
"DGS10","2023-01-05","3.71"
"DGS10","2023-01-06","3.55"
"DGS10","2023-01-09","3.53"
"DGS10","2023-01-10","3.61"
"DGS10","2023-01-11","3.54"
"DGS10","2023-01-12","3.43"
"DGS10","2023-01-13","3.49"
"DGS10","2023-01-16","."
"DGS10","2023-01-17","3.53"
"DGS10","2023-01-18","3.37"
"DGS10","2023-01-19","3.39"
"DGS10","2023-01-20","3.48"
"DGS10","2023-01-23","3.52"
"DGS10","2023-01-24","3.46"
"DGS10","2023-01-25","3.46"
"DGS10","2023-01-26","3.49"
"DGS10","2023-01-27","3.52"
"DGS10","2023-01-30","3.55"
"DGS10","2023-01-31","3.52"
"DGS10","2023-02-01","3.39"
"DGS10","2023-02-02","3.40"
"DGS10","2023-02-03","3.53"
"DGS10","2023-02-06","3.63"
"DGS10","2023-02-07","3.67"
"DGS10","2023-02-08","3.63"
"DGS10","2023-02-09","3.67"
"DGS10","2023-02-10","3.74"
"DGS10","2023-02-13","3.72"
"DGS10","2023-02-14","3.77"
"DGS10","2023-02-15","3.81"
"DGS10","2023-02-16","3.86"
"DGS10","2023-02-17","3.82"
"DGS10","2023-02-20","."
"DGS10","2023-02-21","3.95"
"DGS10","2023-02-22","3.93"
"DGS10","2023-02-23","3.88"
"DGS10","2023-02-24","3.95"
"DGS10","2023-02-27","3.92"
"DGS10","2023-02-28","3.92"
"DGS10","2023-03-01","4.01"
"DGS10","2023-03-02","4.08"
"DGS10","2023-03-03","3.97"
"DGS10","2023-03-06","3.98"
"DGS10","2023-03-07","3.97"
"DGS10","2023-03-08","3.98"
"DGS10","2023-03-09","3.93"
"DGS10","2023-03-10","3.70"
"DGS10","2023-03-13","3.55"
"DGS10","2023-03-14","3.64"
"DGS10","2023-03-15","3.51"
"DGS10","2023-03-16","3.56"
"DGS10","2023-03-17","3.39"
"DGS10","2023-03-20","3.47"
"DGS10","2023-03-21","3.59"
"DGS10","2023-03-22","3.48"
"DGS10","2023-03-23","3.38"
"DGS10","2023-03-24","3.38"
"DGS10","2023-03-27","3.53"
"DGS10","2023-03-28","3.55"
"DGS10","2023-03-29","3.57"
"DGS10","2023-03-30","3.55"
"DGS10","2023-03-31","3.48"
"DGS10","2023-04-03","3.43"
"DGS10","2023-04-04","3.35"
"DGS10","2023-04-05","3.30"
"DGS10","2023-04-06","3.30"
"DGS10","2023-04-07","3.39"
"DGS10","2023-04-10","3.41"
"DGS10","2023-04-11","3.43"
"DGS10","2023-04-12","3.41"
"DGS10","2023-04-13","3.45"
"DGS10","2023-04-14","3.52"
"DGS10","2023-04-17","3.60"
"DGS10","2023-04-18","3.58"
"DGS10","2023-04-19","3.60"
"DGS10","2023-04-20","3.54"
"DGS10","2023-04-21","3.57"
"DGS10","2023-04-24","3.52"
"DGS10","2023-04-25","3.40"
"DGS10","2023-04-26","3.43"
"DGS10","2023-04-27","3.53"
"DGS10","2023-04-28","3.44"
"DGS10","2023-05-01","3.59"
"DGS10","2023-05-02","3.44"
"DGS10","2023-05-03","3.38"
"DGS10","2023-05-04","3.37"
"DGS10","2023-05-05","3.44"
"DGS10","2023-05-08","3.52"
"DGS10","2023-05-09","3.53"
"DGS10","2023-05-10","3.43"
"DGS10","2023-05-11","3.39"
"DGS10","2023-05-12","3.46"
"DGS10","2023-05-15","3.50"
"DGS10","2023-05-16","3.54"
"DGS10","2023-05-17","3.57"
"DGS10","2023-05-18","3.65"
"DGS10","2023-05-19","3.70"
"DGS10","2023-05-22","3.72"
"DGS10","2023-05-23","3.70"
"DGS10","2023-05-24","3.73"
"DGS10","2023-05-25","3.83"
"DGS10","2023-05-26","3.80"
"DGS10","2023-05-29","."
"DGS10","2023-05-30","3.69"
"DGS10","2023-05-31","3.64"
"DGS10","2023-06-01","3.61"
"DGS10","2023-06-02","3.69"
"DGS10","2023-06-05","3.69"
"DGS10","2023-06-06","3.70"
"DGS10","2023-06-07","3.79"
"DGS10","2023-06-08","3.73"
"DGS10","2023-06-09","3.75"
"DGS10","2023-06-12","3.73"
"DGS10","2023-06-13","3.84"
"DGS10","2023-06-14","3.83"
"DGS10","2023-06-15","3.72"
"DGS10","2023-06-16","3.77"
"DGS10","2023-06-19","."
"DGS10","2023-06-20","3.74"
"DGS10","2023-06-21","3.72"
"DGS10","2023-06-22","3.80"
"DGS10","2023-06-23","3.74"
"DGS10","2023-06-26","3.72"
"DGS10","2023-06-27","3.77"
"DGS10","2023-06-28","3.71"
"DGS10","2023-06-29","3.85"
"DGS10","2023-06-30","3.81"
"DGS10","2023-07-03","3.86"
"DGS10","2023-07-04","."
"DGS10","2023-07-05","3.95"
"DGS10","2023-07-06","4.05"
"DGS10","2023-07-07","4.06"
"DGS10","2023-07-10","4.01"
"DGS10","2023-07-11","3.99"
"DGS10","2023-07-12","3.86"
"DGS10","2023-07-13","3.76"
"DGS10","2023-07-14","3.83"
"DGS10","2023-07-17","3.81"
"DGS10","2023-07-18","3.80"
"DGS10","2023-07-19","3.75"
"DGS10","2023-07-20","3.85"
"DGS10","2023-07-21","3.84"
"DGS10","2023-07-24","3.86"
"DGS10","2023-07-25","3.91"
"DGS10","2023-07-26","3.86"
"DGS10","2023-07-27","4.01"
"DGS10","2023-07-28","3.96"
"DGS10","2023-07-31","3.97"
"DGS10","2023-08-01","4.05"
"DGS10","2023-08-02","4.08"
"DGS10","2023-08-03","4.20"
"DGS10","2023-08-04","4.05"
"DGS10","2023-08-07","4.09"
"DGS10","2023-08-08","4.02"
"DGS10","2023-08-09","4.00"
"DGS10","2023-08-10","4.09"
"DGS10","2023-08-11","4.16"
"DGS10","2023-08-14","4.19"
"DGS10","2023-08-15","4.21"
"DGS10","2023-08-16","4.28"
"DGS10","2023-08-17","4.30"
"DGS10","2023-08-18","4.26"
"DGS10","2023-08-21","4.34"
"DGS10","2023-08-22","4.34"
"DGS10","2023-08-23","4.19"
"DGS10","2023-08-24","4.23"
"DGS10","2023-08-25","4.25"
"DGS10","2023-08-28","4.20"
"DGS10","2023-08-29","4.12"
"DGS10","2023-08-30","4.12"
"DGS10","2023-08-31","4.09"
"DGS10","2023-09-01","4.18"
"DGS10","2023-09-04","."
"DGS10","2023-09-05","4.27"
"DGS10","2023-09-06","4.30"
"DGS10","2023-09-07","4.27"
"DGS10","2023-09-08","4.26"
"DGS10","2023-09-11","4.29"
"DGS10","2023-09-12","4.27"
"DGS10","2023-09-13","4.25"
"DGS10","2023-09-14","4.29"
"DGS10","2023-09-15","4.33"
"DGS10","2023-09-18","4.32"
"DGS10","2023-09-19","4.37"
"DGS10","2023-09-20","4.35"
"DGS10","2023-09-21","4.49"
"DGS10","2023-09-22","4.44"
"DGS10","2023-09-25","4.55"
"DGS10","2023-09-26","4.56"
"DGS10","2023-09-27","4.61"
"DGS10","2023-09-28","4.59"
"DGS10","2023-09-29","4.59"
"DGS10","2023-10-02","4.69"
"DGS10","2023-10-03","4.81"
"DGS10","2023-10-04","4.73"
"DGS10","2023-10-05","4.72"
"DGS10","2023-10-06","4.78"
"DGS10","2023-10-09","."
"DGS10","2023-10-10","4.66"
"DGS10","2023-10-11","4.58"
"DGS10","2023-10-12","4.70"
"DGS10","2023-10-13","4.63"
"DGS10","2023-10-16","4.71"
"DGS10","2023-10-17","4.83"
"DGS10","2023-10-18","4.91"
"DGS10","2023-10-19","4.98"
"DGS10","2023-10-20","4.93"
"DGS10","2023-10-23","4.86"
"DGS10","2023-10-24","4.83"
"DGS10","2023-10-25","4.95"
"DGS10","2023-10-26","4.86"
"DGS10","2023-10-27","4.84"
"DGS10","2023-10-30","4.88"
"DGS10","2023-10-31","4.88"
"DGS10","2023-11-01","4.77"
"DGS10","2023-11-02","4.67"
"DGS10","2023-11-03","4.57"
"DGS10","2023-11-06","4.67"
"DGS10","2023-11-07","4.58"
"DGS10","2023-11-08","4.49"
"DGS10","2023-11-09","4.62"
"DGS10","2023-11-10","4.61"
"DGS10","2023-11-13","4.63"
"DGS10","2023-11-14","4.44"
"DGS10","2023-11-15","4.53"
"DGS10","2023-11-16","4.45"
"DGS10","2023-11-17","4.44"
"DGS10","2023-11-20","4.42"
"DGS10","2023-11-21","4.41"
"DGS10","2023-11-22","4.42"
"DGS10","2023-11-23","."
"DGS10","2023-11-24","4.47"
"DGS10","2023-11-27","4.39"
"DGS10","2023-11-28","4.34"
"DGS10","2023-11-29","4.27"
"DGS10","2023-11-30","4.37"
"DGS10","2023-12-01","4.22"
"DGS10","2023-12-04","4.28"
"DGS10","2023-12-05","4.18"
"DGS10","2023-12-06","4.12"
"DGS10","2023-12-07","4.14"
"DGS10","2023-12-08","4.23"
"DGS10","2023-12-11","4.23"
"DGS10","2023-12-12","4.20"
"DGS10","2023-12-13","4.04"
"DGS10","2023-12-14","3.92"
"DGS10","2023-12-15","3.91"
"DGS10","2023-12-18","3.95"
"DGS10","2023-12-19","3.93"
"DGS10","2023-12-20","3.86"
"DGS10","2023-12-21","3.89"
"DGS10","2023-12-22","3.90"
"DGS10","2023-12-25","."
"DGS10","2023-12-26","3.89"
"DGS10","2023-12-27","3.79"
"DGS10","2023-12-28","3.84"
"DGS10","2023-12-29","3.88"
"DGS10","2024-01-01","."
"DGS10","2024-01-02","3.95"
"DGS10","2024-01-03","3.91"
"DGS10","2024-01-04","3.99"
"DGS10","2024-01-05","4.05"
"DGS10","2024-01-08","4.01"
"DGS10","2024-01-09","4.02"
"DGS10","2024-01-10","4.04"
"DGS10","2024-01-11","3.98"
"DGS10","2024-01-12","3.96"
"DGS10","2024-01-15","."
"DGS10","2024-01-16","4.07"
"DGS10","2024-01-17","4.10"
"DGS10","2024-01-18","4.14"
"DGS10","2024-01-19","4.15"
"DGS10","2024-01-22","4.11"
"DGS10","2024-01-23","4.14"
"DGS10","2024-01-24","4.18"
"DGS10","2024-01-25","4.14"
"DGS10","2024-01-26","4.15"
"DGS10","2024-01-29","4.08"
"DGS10","2024-01-30","4.06"
"DGS10","2024-01-31","3.99"
"DGS10","2024-02-01","3.87"
"DGS10","2024-02-02","4.03"
"DGS10","2024-02-05","4.17"
"DGS10","2024-02-06","4.09"
"DGS10","2024-02-07","4.09"
"DGS10","2024-02-08","4.15"
"DGS10","2024-02-09","4.17"
"DGS10","2024-02-12","4.17"
"DGS10","2024-02-13","4.31"
"DGS10","2024-02-14","4.27"
"DGS10","2024-02-15","4.24"
"DGS10","2024-02-16","4.3"
"DGS10","2024-02-19","."
"DGS10","2024-02-20","4.27"
"DGS10","2024-02-21","4.32"
"DGS10","2024-02-22","4.33"
"DGS10","2024-02-23","4.26"
"DGS10","2024-02-26","4.28"
"DGS10","2024-02-27","4.31"
"DGS10","2024-02-28","4.27"
"DGS10","2024-02-29","4.25"
"DGS10","2024-03-01","4.19"
"DGS10","2024-03-04","4.22"
"DGS10","2024-03-05","4.13"
"DGS10","2024-03-06","4.11"
"DGS10","2024-03-07","4.09"
"DGS10","2024-03-08","4.09"
"DGS10","2024-03-11","4.1"
"DGS10","2024-03-12","4.16"
"DGS10","2024-03-13","4.19"
"DGS10","2024-03-14","4.29"
"DGS10","2024-03-15","4.31"
"DGS10","2024-03-18","4.34"
"DGS10","2024-03-19","4.3"
"DGS10","2024-03-20","4.27"
"DGS10","2024-03-21","4.27"
"DGS10","2024-03-22","4.22"
"DGS10","2024-03-25","4.25"
"DGS10","2024-03-26","4.24"
"DGS10","2024-03-27","4.2"
"DGS10","2024-03-28","4.2"
"DGS10","2024-03-29","."
"DGS10","2024-04-01","4.33"
"DGS10","2024-04-02","4.36"
"DGS10","2024-04-03","4.36"
"DGS10","2024-04-04","4.31"
"DGS10","2024-04-05","4.39"
"DGS10","2024-04-08","4.42"
"DGS10","2024-04-09","4.36"
"DGS10","2024-04-10","4.55"
"DGS10","2024-04-11","4.56"
"DGS10","2024-04-12","4.5"
"DGS10","2024-04-15","4.63"
"DGS10","2024-04-16","4.67"
"DGS10","2024-04-17","4.59"
"DGS10","2024-04-18","4.64"
"DGS10","2024-04-19","4.62"
"DGS10","2024-04-22","4.62"
"DGS10","2024-04-23","4.61"
"DGS10","2024-04-24","4.65"
"DGS10","2024-04-25","4.7"
"DGS10","2024-04-26","4.67"
"DGS10","2024-04-29","4.63"
"DGS10","2024-04-30","4.69"
"DGS10","2024-05-01","4.63"
"DGS10","2024-05-02","4.58"
"DGS10","2024-05-03","4.5"
"DGS10","2024-05-06","4.49"
"DGS10","2024-05-07","4.47"
"DGS10","2024-05-08","4.48"
"DGS10","2024-05-09","4.45"
"DGS10","2024-05-10","4.5"
"DGS10","2024-05-13","4.48"
"DGS10","2024-05-14","4.45"
"DGS10","2024-05-15","4.36"
"DGS10","2024-05-16","4.38"
"DGS10","2024-05-17","4.42"
"DGS10","2024-05-20","4.44"
"DGS10","2024-05-21","4.41"
"DGS10","2024-05-22","4.43"
"DGS10","2024-05-23","4.47"
"DGS10","2024-05-24","4.46"
"DGS10","2024-05-27","."
"DGS10","2024-05-28","4.54"
"DGS10","2024-05-29","4.61"
"DGS10","2024-05-30","4.55"
"DGS10","2024-05-31","4.51"
"DGS10","2024-06-03","4.41"
"DGS10","2024-06-04","4.33"
"DGS10","2024-06-05","4.29"
"DGS10","2024-06-06","4.28"
"DGS10","2024-06-07","4.43"
"DGS10","2024-06-10","4.47"
"DGS10","2024-06-11","4.39"
"DGS10","2024-06-12","4.31"
"DGS10","2024-06-13","4.24"
"DGS10","2024-06-14","4.2"
"DGS10","2024-06-17","4.28"
"DGS10","2024-06-18","4.22"
"DGS10","2024-06-19","."
"DGS10","2024-06-20","4.25"
"DGS10","2024-06-21","4.25"
"DGS10","2024-06-24","4.25"
"DGS10","2024-06-25","4.23"
"DGS10","2024-06-26","4.32"
"DGS10","2024-06-27","4.29"
"DGS10","2024-06-28","4.36"
"DGS10","2024-07-01","4.48"
"DGS10","2024-07-02","4.43"
"DGS10","2024-07-03","4.36"
"DGS10","2024-07-04","."
"DGS10","2024-07-05","4.28"
"DGS10","2024-07-08","4.28"
"DGS10","2024-07-09","4.3"
"DGS10","2024-07-10","4.28"
"DGS10","2024-07-11","4.2"
"DGS10","2024-07-12","4.18"
"DGS10","2024-07-15","4.23"
"DGS10","2024-07-16","4.17"
"DGS10","2024-07-17","4.16"
"DGS10","2024-07-18","4.2"
"DGS10","2024-07-19","4.25"
"DGS10","2024-07-22","4.26"
"DGS10","2024-07-23","4.25"
"DGS10","2024-07-24","4.28"
"DGS10","2024-07-25","4.27"
"DGS10","2024-07-26","4.2"
"DGS10","2024-07-29","4.17"
"DGS10","2024-07-30","4.15"
"DGS10","2024-07-31","4.09"
"DGS10","2024-08-01","3.99"
"DGS10","2024-08-02","3.8"
"DGS10","2024-08-05","3.78"
"DGS10","2024-08-06","3.9"
"DGS10","2024-08-07","3.96"
"DGS10","2024-08-08","3.99"
"DGS10","2024-08-09","3.94"
"DGS10","2024-08-12","3.9"
"DGS10","2024-08-13","3.85"
"DGS10","2024-08-14","3.83"
"DGS10","2024-08-15","3.92"
"DGS10","2024-08-16","3.89"
"DGS10","2024-08-19","3.86"
"DGS10","2024-08-20","3.82"
"DGS10","2024-08-21","3.79"
"DGS10","2024-08-22","3.86"
"DGS10","2024-08-23","3.81"
"DGS10","2024-08-26","3.82"
"DGS10","2024-08-27","3.83"
"DGS10","2024-08-28","3.84"
"DGS10","2024-08-29","3.87"
"DGS10","2024-08-30","3.91"
"DGS10","2024-09-02","."
"DGS10","2024-09-03","3.84"
"DGS10","2024-09-04","3.77"
"DGS10","2024-09-05","3.73"
"DGS10","2024-09-06","3.72"
"DGS10","2024-09-09","3.7"
"DGS10","2024-09-10","3.65"
"DGS10","2024-09-11","3.65"
"DGS10","2024-09-12","3.68"
"DGS10","2024-09-13","3.66"
"DGS10","2024-09-16","3.63"
"DGS10","2024-09-17","3.65"
"DGS10","2024-09-18","3.7"
"DGS10","2024-09-19","3.73"
"DGS10","2024-09-20","3.73"
"DGS10","2024-09-23","3.75"
"DGS10","2024-09-24","3.74"
"DGS10","2024-09-25","3.79"
"DGS10","2024-09-26","3.79"
"DGS10","2024-09-27","3.75"
"DGS10","2024-09-30","3.81"
"DGS10","2024-10-01","3.74"
"DGS10","2024-10-02","3.79"
"DGS10","2024-10-03","3.85"
"DGS10","2024-10-04","3.98"
"DGS10","2024-10-07","4.03"
"DGS10","2024-10-08","4.04"
"DGS10","2024-10-09","4.06"
"DGS10","2024-10-10","4.09"
"DGS10","2024-10-11","4.08"
"DGS10","2024-10-14","."
"DGS10","2024-10-15","4.03"
"DGS10","2024-10-16","4.02"
"DGS10","2024-10-17","4.09"
"DGS10","2024-10-18","4.08"
"DGS10","2024-10-21","4.19"
"DGS10","2024-10-22","4.2"
"DGS10","2024-10-23","4.24"
"DGS10","2024-10-24","4.21"
"DGS10","2024-10-25","4.25"
"DGS10","2024-10-28","4.28"
"DGS10","2024-10-29","4.28"
"DGS10","2024-10-30","4.29"
"DGS10","2024-10-31","4.28"
"DGS10","2024-11-01","4.37"
"DGS10","2024-11-04","4.31"
"DGS10","2024-11-05","4.26"
"DGS10","2024-11-06","4.42"
"DGS10","2024-11-07","4.31"
"DGS10","2024-11-08","4.3"
"DGS10","2024-11-11","."
"DGS10","2024-11-12","4.43"
"DGS10","2024-11-13","4.44"
"DGS10","2024-11-14","4.43"
"DGS10","2024-11-15","4.43"
"DGS10","2024-11-18","4.42"
"DGS10","2024-11-19","4.39"
"DGS10","2024-11-20","4.41"
"DGS10","2024-11-21","4.43"
"DGS10","2024-11-22","4.41"
"DGS10","2024-11-25","4.27"
"DGS10","2024-11-26","4.3"
"DGS10","2024-11-27","4.25"
"DGS10","2024-11-28","."
"DGS10","2024-11-29","4.18"
"DGS10","2024-12-02","4.19"
"DGS10","2024-12-03","4.23"
"DGS10","2024-12-04","4.19"
"DGS10","2024-12-05","4.17"
"DGS10","2024-12-06","4.15"
"DGS10","2024-12-09","4.2"
"DGS10","2024-12-10","4.22"
"DGS10","2024-12-11","4.26"
"DGS10","2024-12-12","4.32"
"DGS10","2024-12-13","4.4"
"DGS10","2024-12-16","4.39"
"DGS10","2024-12-17","4.4"
"DGS10","2024-12-18","4.5"
"DGS10","2024-12-19","4.57"
"DGS10","2024-12-20","4.52"
"DGS10","2024-12-23","4.59"
"DGS10","2024-12-24","4.59"
"DGS10","2024-12-25","."
"DGS10","2024-12-26","4.58"
"DGS10","2024-12-27","4.62"
"DGS10","2024-12-30","4.55"
"DGS10","2024-12-31","4.58"
"DGS10","2025-01-01","."
"DGS10","2025-01-02","4.57"
"DGS10","2025-01-03","4.6"
"DGS10","2025-01-06","4.62"
"DGS10","2025-01-07","4.67"
"DGS10","2025-01-08","4.67"
"DGS10","2025-01-09","4.68"
"DGS10","2025-01-10","4.77"
"DGS10","2025-01-13","4.79"
"DGS10","2025-01-14","4.78"
"DGS10","2025-01-15","4.66"
"DGS10","2025-01-16","4.61"
"DGS10","2025-01-17","4.61"
"DGS10","2025-01-20","."
"DGS10","2025-01-21","4.57"
"DGS10","2025-01-22","4.6"
"DGS10","2025-01-23","4.65"
"DGS10","2025-01-24","4.63"
"DGS10","2025-01-27","4.53"
"DGS10","2025-01-28","4.55"
"DGS10","2025-01-29","4.55"
"DGS10","2025-01-30","4.52"
"DGS10","2025-01-31","4.58"
"DGS10","2025-02-03","4.54"
"DGS10","2025-02-04","4.52"
"DGS10","2025-02-05","4.43"
"DGS10","2025-02-06","4.45"
"DGS10","2025-02-07","4.49"
"DGS10","2025-02-10","4.51"
"DGS10","2025-02-11","4.54"
"DGS10","2025-02-12","4.62"
"DGS10","2025-02-13","4.52"
"DGS10","2025-02-14","4.47"
"DGS10","2025-02-17","."
"DGS10","2025-02-18","4.55"
"DGS10","2025-02-19","4.53"
"DGS10","2025-02-20","4.5"
"DGS10","2025-02-21","4.42"
"DGS10","2025-02-24","4.4"
"DGS10","2025-02-25","4.3"
"DGS10","2025-02-26","4.25"
"DGS10","2025-02-27","4.29"
"DGS10","2025-02-28","4.24"
"DGS10","2025-03-03","4.16"
"DGS10","2025-03-04","4.22"
"DGS10","2025-03-05","4.28"
"DGS10","2025-03-06","4.29"
"DGS10","2025-03-07","4.32"
"DGS10","2025-03-10","4.22"
"DGS10","2025-03-11","4.28"
"DGS10","2025-03-12","4.32"
"DGS10","2025-03-13","4.27"
"DGS10","2025-03-14","4.31"
"DGS10","2025-03-17","4.31"
"DGS10","2025-03-18","4.29"
"DGS10","2025-03-19","4.25"
"DGS10","2025-03-20","4.24"
"DGS10","2025-03-21","4.25"
"DGS10","2025-03-24","4.34"
"DGS10","2025-03-25","4.31"
"DGS10","2025-03-26","4.35"
"DGS10","2025-03-27","4.38"
"DGS10","2025-03-28","4.27"
"DGS10","2025-03-31","4.23"
"DGS10","2025-04-01","4.17"
"DGS10","2025-04-02","4.2"
"DGS10","2025-04-03","4.06"
"DGS10","2025-04-04","4.01"
"DGS10","2025-04-07","4.15"
"DGS10","2025-04-08","4.26"
"DGS10","2025-04-09","4.34"
"DGS10","2025-04-10","4.4"
"DGS10","2025-04-11","4.48"
"DGS10","2025-04-14","4.38"
"DGS10","2025-04-15","4.35"
"DGS10","2025-04-16","4.29"
"DGS10","2025-04-17","4.34"
"DGS10","2025-04-18","."
"DGS10","2025-04-21","4.42"
"DGS10","2025-04-22","4.41"
"DGS10","2025-04-23","4.4"
"DGS10","2025-04-24","4.32"
"DGS10","2025-04-25","4.29"
"DGS10","2025-04-28","4.23"
"DGS10","2025-04-29","4.19"
"DGS10","2025-04-30","4.17"
"DGS10","2025-05-01","4.25"
"DGS10","2025-05-02","4.33"
"DGS10","2025-05-05","4.36"
"DGS10","2025-05-06","4.3"
"DGS10","2025-05-07","4.26"
"DGS10","2025-05-08","4.37"
"DGS10","2025-05-09","4.37"
"DGS10","2025-05-12","4.45"
"DGS10","2025-05-13","4.49"
"DGS10","2025-05-14","4.53"
"DGS10","2025-05-15","4.45"
"DGS10","2025-05-16","4.43"
"DGS10","2025-05-19","4.46"
"DGS10","2025-05-20","4.48"
"DGS10","2025-05-21","4.58"
"DGS10","2025-05-22","4.54"
"DGS10","2025-05-23","4.51"
"DGS10","2025-05-26","."
"DGS10","2025-05-27","4.43"
"DGS10","2025-05-28","4.47"
"DGS10","2025-05-29","4.43"
"DGS10","2025-05-30","4.41"
"DGS10","2025-06-02","4.46"
"DGS10","2025-06-03","4.46"
"DGS10","2025-06-04","4.37"
"DGS10","2025-06-05","4.4"
"DGS10","2025-06-06","4.51"
"DGS10","2025-06-09","4.49"
"DGS10","2025-06-10","4.47"
"DGS10","2025-06-11","4.41"
"DGS10","2025-06-12","4.36"
"DGS10","2025-06-13","4.41"
"DGS10","2025-06-16","4.46"
"DGS10","2025-06-17","4.39"
"DGS10","2025-06-18","4.38"
"DGS10","2025-06-19","."
"DGS10","2025-06-20","4.38"
"DGS10","2025-06-23","4.34"
"DGS10","2025-06-24","4.3"
"DGS10","2025-06-25","4.29"
"DGS10","2025-06-26","4.26"
"DGS10","2025-06-27","4.29"
"DGS10","2025-06-30","4.24"
"DGS10","2025-07-01","4.26"
"DGS10","2025-07-02","4.3"
"DGS10","2025-07-03","4.35"
"DGS10","2025-07-04","."
"DGS10","2025-07-07","4.4"
"DGS10","2025-07-08","4.42"
"DGS10","2025-07-09","4.34"
"DGS10","2025-07-10","4.35"
"DGS10","2025-07-11","4.43"
"DGS10","2025-07-14","4.43"
"DGS10","2025-07-15","4.5"
"DGS10","2025-07-16","4.46"
"DGS10","2025-07-17","4.47"
"DGS10","2025-07-18","4.44"
"DGS10","2025-07-21","4.38"
"DGS10","2025-07-22","4.35"
"DGS10","2025-07-23","4.4"
"DGS10","2025-07-24","4.43"
"DGS10","2025-07-25","4.4"
"DGS10","2025-07-28","4.42"
"DGS10","2025-07-29","4.34"
"DGS10","2025-07-30","4.38"
"DGS10","2025-07-31","4.37"
"DGS10","2025-08-01","4.23"
"DGS10","2025-08-04","4.22"
"DGS10","2025-08-05","4.22"
"DGS10","2025-08-06","4.22"
"DGS10","2025-08-07","4.23"
"DGS10","2025-08-08","4.27"
"DGS10","2025-08-11","4.27"
"DGS10","2025-08-12","4.29"
"DGS10","2025-08-13","4.24"
"DGS10","2025-08-14","4.29"
"DGS10","2025-08-15","4.33"
"DGS10","2025-08-18","4.34"
"DGS10","2025-08-19","4.3"
"DGS10","2025-08-20","4.29"
"DGS10","2025-08-21","4.33"
"DGS10","2025-08-22","4.26"
"DGS10","2025-08-25","4.28"
"DGS10","2025-08-26","4.26"
"DGS10","2025-08-27","4.24"
"DGS10","2025-08-28","4.22"
"DGS10","2025-08-29","4.23"
"DGS10","2025-09-01","."
"DGS10","2025-09-02","4.28"
"DGS10","2025-09-03","4.22"
"DGS10","2025-09-04","4.17"
"DGS10","2025-09-05","4.1"
"DGS10","2025-09-08","4.05"
"DGS10","2025-09-09","4.08"
"DGS10","2025-09-10","4.04"
"DGS10","2025-09-11","4.01"
"DGS10","2025-09-12","4.06"
"DGS10","2025-09-15","4.05"
"DGS10","2025-09-16","4.04"
"DGS10","2025-09-17","4.06"
"DGS10","2025-09-18","4.11"
"DGS10","2025-09-19","4.14"
"DGS10","2025-09-22","4.15"
"DGS10","2025-09-23","4.12"
"DGS10","2025-09-24","4.16"
"DGS10","2025-09-25","4.18"
"DGS10","2025-09-26","4.2"
"DGS10","2025-09-29","4.15"
"DGS10","2025-09-30","4.16"
"DGS10","2025-10-01","4.12"
"DGS10","2025-10-02","4.1"
"DGS10","2025-10-03","4.13"
"DGS10","2025-10-06","4.18"
"DGS10","2025-10-07","4.14"
"DGS10","2025-10-08","4.13"
"DGS10","2025-10-09","4.14"
"DGS10","2025-10-10","4.05"
"DGS10","2025-10-13","."
"DGS10","2025-10-14","4.03"
"DGS10","2025-10-15","4.05"
"DGS10","2025-10-16","3.99"
"DGS10","2025-10-17","4.02"
"DGS10","2025-10-20","4.0"
"DGS10","2025-10-21","3.98"
"DGS10","2025-10-22","3.97"
"DGS10","2025-10-23","4.01"
"DGS10","2025-10-24","4.02"
"DGS10","2025-10-27","4.01"
"DGS10","2025-10-28","3.99"
"DGS10","2025-10-29","4.08"
"DGS10","2025-10-30","4.11"
"DGS10","2025-10-31","4.11"
"DGS10","2025-11-03","4.13"
"DGS10","2025-11-04","4.1"
"DGS10","2025-11-05","4.17"
"DGS10","2025-11-06","4.11"
"DGS10","2025-11-07","4.11"
"DGS10","2025-11-10","4.13"
"DGS10","2025-11-11","."
"DGS10","2025-11-12","4.08"
"DGS10","2025-11-13","4.11"
"DGS10","2025-11-14","4.14"
"DGS10","2025-11-17","4.13"
"DGS10","2025-11-18","4.12"
"DGS10","2025-11-19","4.13"
"DGS10","2025-11-20","4.1"
"DGS10","2025-11-21","4.06"
"DGS10","2025-11-24","4.04"
"DGS10","2025-11-25","4.01"
"DGS10","2025-11-26","4.0"
"DGS10","2025-11-27","."
"DGS10","2025-11-28","4.02"
"DGS10","2025-12-01","4.09"
"DGS10","2025-12-02","4.09"
"DGS10","2025-12-03","4.06"
"DGS10","2025-12-04","4.11"
"DGS10","2025-12-05","4.14"
"DGS10","2025-12-08","4.17"
"DGS10","2025-12-09","4.18"
"DGS10","2025-12-10","4.13"
"DGS10","2025-12-11","4.14"
"DGS10","2025-12-12","4.19"
"DGS10","2025-12-15","4.18"
"DGS10","2025-12-16","4.15"
"DGS10","2025-12-17","4.16"
"DGS10","2025-12-18","4.12"
"DGS10","2025-12-19","4.16"
"DGS10","2025-12-22","4.17"
"DGS10","2025-12-23","4.18"
"DGS10","2025-12-24","4.15"
"DGS10","2025-12-25","."
"DGS10","2025-12-26","4.14"
"DGS10","2025-12-29","4.12"
"DGS10","2025-12-30","4.14"
"DGS10","2025-12-31","4.18"
"DGS20","2018-01-01","."
"DGS20","2018-01-02","2.64"
"DGS20","2018-01-03","2.62"
"DGS20","2018-01-04","2.62"
"DGS20","2018-01-05","2.64"
"DGS20","2018-01-08","2.65"
"DGS20","2018-01-09","2.72"
"DGS20","2018-01-10","2.73"
"DGS20","2018-01-11","2.72"
"DGS20","2018-01-12","2.71"
"DGS20","2018-01-15","."
"DGS20","2018-01-16","2.69"
"DGS20","2018-01-17","2.71"
"DGS20","2018-01-18","2.77"
"DGS20","2018-01-19","2.78"
"DGS20","2018-01-22","2.79"
"DGS20","2018-01-23","2.77"
"DGS20","2018-01-24","2.80"
"DGS20","2018-01-25","2.76"
"DGS20","2018-01-26","2.79"
"DGS20","2018-01-29","2.82"
"DGS20","2018-01-30","2.86"
"DGS20","2018-01-31","2.83"
"DGS20","2018-02-01","2.90"
"DGS20","2018-02-02","2.97"
"DGS20","2018-02-05","2.92"
"DGS20","2018-02-06","2.94"
"DGS20","2018-02-07","3.01"
"DGS20","2018-02-08","3.03"
"DGS20","2018-02-09","3.02"
"DGS20","2018-02-12","3.02"
"DGS20","2018-02-13","2.99"
"DGS20","2018-02-14","3.07"
"DGS20","2018-02-15","3.04"
"DGS20","2018-02-16","3.02"
"DGS20","2018-02-19","."
"DGS20","2018-02-20","3.04"
"DGS20","2018-02-21","3.11"
"DGS20","2018-02-22","3.09"
"DGS20","2018-02-23","3.04"
"DGS20","2018-02-26","3.03"
"DGS20","2018-02-27","3.06"
"DGS20","2018-02-28","3.02"
"DGS20","2018-03-01","2.97"
"DGS20","2018-03-02","3.02"
"DGS20","2018-03-05","3.04"
"DGS20","2018-03-06","3.03"
"DGS20","2018-03-07","3.04"
"DGS20","2018-03-08","3.01"
"DGS20","2018-03-09","3.04"
"DGS20","2018-03-12","3.00"
"DGS20","2018-03-13","2.98"
"DGS20","2018-03-14","2.94"
"DGS20","2018-03-15","2.94"
"DGS20","2018-03-16","2.96"
"DGS20","2018-03-19","2.97"
"DGS20","2018-03-20","3.01"
"DGS20","2018-03-21","3.01"
"DGS20","2018-03-22","2.94"
"DGS20","2018-03-23","2.94"
"DGS20","2018-03-26","2.96"
"DGS20","2018-03-27","2.90"
"DGS20","2018-03-28","2.89"
"DGS20","2018-03-29","2.85"
"DGS20","2018-03-30","."
"DGS20","2018-04-02","2.85"
"DGS20","2018-04-03","2.90"
"DGS20","2018-04-04","2.91"
"DGS20","2018-04-05","2.95"
"DGS20","2018-04-06","2.89"
"DGS20","2018-04-09","2.89"
"DGS20","2018-04-10","2.89"
"DGS20","2018-04-11","2.87"
"DGS20","2018-04-12","2.92"
"DGS20","2018-04-13","2.91"
"DGS20","2018-04-16","2.91"
"DGS20","2018-04-17","2.89"
"DGS20","2018-04-18","2.95"
"DGS20","2018-04-19","3.01"
"DGS20","2018-04-20","3.04"
"DGS20","2018-04-23","3.05"
"DGS20","2018-04-24","3.08"
"DGS20","2018-04-25","3.12"
"DGS20","2018-04-26","3.08"
"DGS20","2018-04-27","3.03"
"DGS20","2018-04-30","3.01"
"DGS20","2018-05-01","3.03"
"DGS20","2018-05-02","3.04"
"DGS20","2018-05-03","3.02"
"DGS20","2018-05-04","3.02"
"DGS20","2018-05-07","3.02"
"DGS20","2018-05-08","3.04"
"DGS20","2018-05-09","3.07"
"DGS20","2018-05-10","3.04"
"DGS20","2018-05-11","3.03"
"DGS20","2018-05-14","3.06"
"DGS20","2018-05-15","3.14"
"DGS20","2018-05-16","3.16"
"DGS20","2018-05-17","3.19"
"DGS20","2018-05-18","3.14"
"DGS20","2018-05-21","3.13"
"DGS20","2018-05-22","3.14"
"DGS20","2018-05-23","3.09"
"DGS20","2018-05-24","3.06"
"DGS20","2018-05-25","3.01"
"DGS20","2018-05-28","."
"DGS20","2018-05-29","2.87"
"DGS20","2018-05-30","2.93"
"DGS20","2018-05-31","2.91"
"DGS20","2018-06-01","2.96"
"DGS20","2018-06-04","3.00"
"DGS20","2018-06-05","2.99"
"DGS20","2018-06-06","3.05"
"DGS20","2018-06-07","3.00"
"DGS20","2018-06-08","3.00"
"DGS20","2018-06-11","3.02"
"DGS20","2018-06-12","3.02"
"DGS20","2018-06-13","3.04"
"DGS20","2018-06-14","2.99"
"DGS20","2018-06-15","2.98"
"DGS20","2018-06-18","2.98"
"DGS20","2018-06-19","2.95"
"DGS20","2018-06-20","2.99"
"DGS20","2018-06-21","2.97"
"DGS20","2018-06-22","2.97"
"DGS20","2018-06-25","2.95"
"DGS20","2018-06-26","2.95"
"DGS20","2018-06-27","2.90"
"DGS20","2018-06-28","2.91"
"DGS20","2018-06-29","2.91"
"DGS20","2018-07-02","2.92"
"DGS20","2018-07-03","2.89"
"DGS20","2018-07-04","."
"DGS20","2018-07-05","2.88"
"DGS20","2018-07-06","2.87"
"DGS20","2018-07-09","2.90"
"DGS20","2018-07-10","2.91"
"DGS20","2018-07-11","2.89"
"DGS20","2018-07-12","2.89"
"DGS20","2018-07-13","2.87"
"DGS20","2018-07-16","2.90"
"DGS20","2018-07-17","2.91"
"DGS20","2018-07-18","2.93"
"DGS20","2018-07-19","2.90"
"DGS20","2018-07-20","2.96"
"DGS20","2018-07-23","3.04"
"DGS20","2018-07-24","3.02"
"DGS20","2018-07-25","3.00"
"DGS20","2018-07-26","3.05"
"DGS20","2018-07-27","3.03"
"DGS20","2018-07-30","3.05"
"DGS20","2018-07-31","3.03"
"DGS20","2018-08-01","3.07"
"DGS20","2018-08-02","3.06"
"DGS20","2018-08-03","3.03"
"DGS20","2018-08-06","3.02"
"DGS20","2018-08-07","3.06"
"DGS20","2018-08-08","3.05"
"DGS20","2018-08-09","3.01"
"DGS20","2018-08-10","2.96"
"DGS20","2018-08-13","2.97"
"DGS20","2018-08-14","2.98"
"DGS20","2018-08-15","2.95"
"DGS20","2018-08-16","2.95"
"DGS20","2018-08-17","2.95"
"DGS20","2018-08-20","2.91"
"DGS20","2018-08-21","2.93"
"DGS20","2018-08-22","2.91"
"DGS20","2018-08-23","2.90"
"DGS20","2018-08-24","2.89"
"DGS20","2018-08-27","2.92"
"DGS20","2018-08-28","2.96"
"DGS20","2018-08-29","2.96"
"DGS20","2018-08-30","2.93"
"DGS20","2018-08-31","2.95"
"DGS20","2018-09-03","."
"DGS20","2018-09-04","2.99"
"DGS20","2018-09-05","3.00"
"DGS20","2018-09-06","2.98"
"DGS20","2018-09-07","3.03"
"DGS20","2018-09-10","3.02"
"DGS20","2018-09-11","3.06"
"DGS20","2018-09-12","3.04"
"DGS20","2018-09-13","3.04"
"DGS20","2018-09-14","3.07"
"DGS20","2018-09-17","3.07"
"DGS20","2018-09-18","3.14"
"DGS20","2018-09-19","3.16"
"DGS20","2018-09-20","3.15"
"DGS20","2018-09-21","3.14"
"DGS20","2018-09-24","3.15"
"DGS20","2018-09-25","3.17"
"DGS20","2018-09-26","3.14"
"DGS20","2018-09-27","3.13"
"DGS20","2018-09-28","3.13"
"DGS20","2018-10-01","3.18"
"DGS20","2018-10-02","3.14"
"DGS20","2018-10-03","3.24"
"DGS20","2018-10-04","3.29"
"DGS20","2018-10-05","3.34"
"DGS20","2018-10-08","."
"DGS20","2018-10-09","3.30"
"DGS20","2018-10-10","3.33"
"DGS20","2018-10-11","3.25"
"DGS20","2018-10-12","3.25"
"DGS20","2018-10-15","3.27"
"DGS20","2018-10-16","3.26"
"DGS20","2018-10-17","3.29"
"DGS20","2018-10-18","3.28"
"DGS20","2018-10-19","3.31"
"DGS20","2018-10-22","3.31"
"DGS20","2018-10-23","3.29"
"DGS20","2018-10-24","3.24"
"DGS20","2018-10-25","3.27"
"DGS20","2018-10-26","3.23"
"DGS20","2018-10-29","3.23"
"DGS20","2018-10-30","3.26"
"DGS20","2018-10-31","3.30"
"DGS20","2018-11-01","3.29"
"DGS20","2018-11-02","3.37"
"DGS20","2018-11-05","3.34"
"DGS20","2018-11-06","3.35"
"DGS20","2018-11-07","3.35"
"DGS20","2018-11-08","3.36"
"DGS20","2018-11-09","3.32"
"DGS20","2018-11-12","."
"DGS20","2018-11-13","3.28"
"DGS20","2018-11-14","3.26"
"DGS20","2018-11-15","3.27"
"DGS20","2018-11-16","3.23"
"DGS20","2018-11-19","3.22"
"DGS20","2018-11-20","3.22"
"DGS20","2018-11-21","3.22"
"DGS20","2018-11-22","."
"DGS20","2018-11-23","3.21"
"DGS20","2018-11-26","3.22"
"DGS20","2018-11-27","3.22"
"DGS20","2018-11-28","3.23"
"DGS20","2018-11-29","3.21"
"DGS20","2018-11-30","3.19"
"DGS20","2018-12-03","3.15"
"DGS20","2018-12-04","3.05"
"DGS20","2018-12-05","."
"DGS20","2018-12-06","3.01"
"DGS20","2018-12-07","3.01"
"DGS20","2018-12-10","3.00"
"DGS20","2018-12-11","3.02"
"DGS20","2018-12-12","3.04"
"DGS20","2018-12-13","3.05"
"DGS20","2018-12-14","3.03"
"DGS20","2018-12-17","3.00"
"DGS20","2018-12-18","2.96"
"DGS20","2018-12-19","2.89"
"DGS20","2018-12-20","2.92"
"DGS20","2018-12-21","2.92"
"DGS20","2018-12-24","2.88"
"DGS20","2018-12-25","."
"DGS20","2018-12-26","2.94"
"DGS20","2018-12-27","2.92"
"DGS20","2018-12-28","2.89"
"DGS20","2018-12-31","2.87"
"DGS20","2019-01-01","."
"DGS20","2019-01-02","2.83"
"DGS20","2019-01-03","2.75"
"DGS20","2019-01-04","2.83"
"DGS20","2019-01-07","2.86"
"DGS20","2019-01-08","2.88"
"DGS20","2019-01-09","2.90"
"DGS20","2019-01-10","2.92"
"DGS20","2019-01-11","2.90"
"DGS20","2019-01-14","2.91"
"DGS20","2019-01-15","2.92"
"DGS20","2019-01-16","2.92"
"DGS20","2019-01-17","2.93"
"DGS20","2019-01-18","2.95"
"DGS20","2019-01-21","."
"DGS20","2019-01-22","2.91"
"DGS20","2019-01-23","2.93"
"DGS20","2019-01-24","2.89"
"DGS20","2019-01-25","2.92"
"DGS20","2019-01-28","2.92"
"DGS20","2019-01-29","2.90"
"DGS20","2019-01-30","2.90"
"DGS20","2019-01-31","2.83"
"DGS20","2019-02-01","2.88"
"DGS20","2019-02-04","2.92"
"DGS20","2019-02-05","2.89"
"DGS20","2019-02-06","2.88"
"DGS20","2019-02-07","2.85"
"DGS20","2019-02-08","2.82"
"DGS20","2019-02-11","2.85"
"DGS20","2019-02-12","2.87"
"DGS20","2019-02-13","2.89"
"DGS20","2019-02-14","2.85"
"DGS20","2019-02-15","2.84"
"DGS20","2019-02-18","."
"DGS20","2019-02-19","2.84"
"DGS20","2019-02-20","2.84"
"DGS20","2019-02-21","2.89"
"DGS20","2019-02-22","2.86"
"DGS20","2019-02-25","2.87"
"DGS20","2019-02-26","2.84"
"DGS20","2019-02-27","2.91"
"DGS20","2019-02-28","2.94"
"DGS20","2019-03-01","2.97"
"DGS20","2019-03-04","2.93"
"DGS20","2019-03-05","2.93"
"DGS20","2019-03-06","2.90"
"DGS20","2019-03-07","2.86"
"DGS20","2019-03-08","2.83"
"DGS20","2019-03-11","2.86"
"DGS20","2019-03-12","2.82"
"DGS20","2019-03-13","2.82"
"DGS20","2019-03-14","2.86"
"DGS20","2019-03-15","2.83"
"DGS20","2019-03-18","2.83"
"DGS20","2019-03-19","2.84"
"DGS20","2019-03-20","2.79"
"DGS20","2019-03-21","2.78"
"DGS20","2019-03-22","2.69"
"DGS20","2019-03-25","2.68"
"DGS20","2019-03-26","2.67"
"DGS20","2019-03-27","2.63"
"DGS20","2019-03-28","2.62"
"DGS20","2019-03-29","2.63"
"DGS20","2019-04-01","2.71"
"DGS20","2019-04-02","2.70"
"DGS20","2019-04-03","2.75"
"DGS20","2019-04-04","2.74"
"DGS20","2019-04-05","2.72"
"DGS20","2019-04-08","2.74"
"DGS20","2019-04-09","2.73"
"DGS20","2019-04-10","2.71"
"DGS20","2019-04-11","2.74"
"DGS20","2019-04-12","2.78"
"DGS20","2019-04-15","2.77"
"DGS20","2019-04-16","2.81"
"DGS20","2019-04-17","2.81"
"DGS20","2019-04-18","2.78"
"DGS20","2019-04-19","."
"DGS20","2019-04-22","2.82"
"DGS20","2019-04-23","2.81"
"DGS20","2019-04-24","2.76"
"DGS20","2019-04-25","2.76"
"DGS20","2019-04-26","2.74"
"DGS20","2019-04-29","2.78"
"DGS20","2019-04-30","2.75"
"DGS20","2019-05-01","2.74"
"DGS20","2019-05-02","2.77"
"DGS20","2019-05-03","2.75"
"DGS20","2019-05-06","2.73"
"DGS20","2019-05-07","2.68"
"DGS20","2019-05-08","2.71"
"DGS20","2019-05-09","2.69"
"DGS20","2019-05-10","2.70"
"DGS20","2019-05-13","2.65"
"DGS20","2019-05-14","2.67"
"DGS20","2019-05-15","2.63"
"DGS20","2019-05-16","2.65"
"DGS20","2019-05-17","2.63"
"DGS20","2019-05-20","2.65"
"DGS20","2019-05-21","2.67"
"DGS20","2019-05-22","2.64"
"DGS20","2019-05-23","2.56"
"DGS20","2019-05-24","2.57"
"DGS20","2019-05-27","."
"DGS20","2019-05-28","2.52"
"DGS20","2019-05-29","2.50"
"DGS20","2019-05-30","2.46"
"DGS20","2019-05-31","2.39"
"DGS20","2019-06-03","2.34"
"DGS20","2019-06-04","2.41"
"DGS20","2019-06-05","2.42"
"DGS20","2019-06-06","2.42"
"DGS20","2019-06-07","2.36"
"DGS20","2019-06-10","2.42"
"DGS20","2019-06-11","2.42"
"DGS20","2019-06-12","2.41"
"DGS20","2019-06-13","2.39"
"DGS20","2019-06-14","2.38"
"DGS20","2019-06-17","2.37"
"DGS20","2019-06-18","2.34"
"DGS20","2019-06-19","2.32"
"DGS20","2019-06-20","2.31"
"DGS20","2019-06-21","2.37"
"DGS20","2019-06-24","2.33"
"DGS20","2019-06-25","2.31"
"DGS20","2019-06-26","2.35"
"DGS20","2019-06-27","2.31"
"DGS20","2019-06-28","2.31"
"DGS20","2019-07-01","2.34"
"DGS20","2019-07-02","2.29"
"DGS20","2019-07-03","2.25"
"DGS20","2019-07-04","."
"DGS20","2019-07-05","2.34"
"DGS20","2019-07-08","2.32"
"DGS20","2019-07-09","2.34"
"DGS20","2019-07-10","2.36"
"DGS20","2019-07-11","2.42"
"DGS20","2019-07-12","2.42"
"DGS20","2019-07-15","2.39"
"DGS20","2019-07-16","2.42"
"DGS20","2019-07-17","2.35"
"DGS20","2019-07-18","2.34"
"DGS20","2019-07-19","2.35"
"DGS20","2019-07-22","2.36"
"DGS20","2019-07-23","2.38"
"DGS20","2019-07-24","2.36"
"DGS20","2019-07-25","2.38"
"DGS20","2019-07-26","2.38"
"DGS20","2019-07-29","2.37"
"DGS20","2019-07-30","2.36"
"DGS20","2019-07-31","2.31"
"DGS20","2019-08-01","2.21"
"DGS20","2019-08-02","2.16"
"DGS20","2019-08-05","2.07"
"DGS20","2019-08-06","2.03"
"DGS20","2019-08-07","2.01"
"DGS20","2019-08-08","2.02"
"DGS20","2019-08-09","2.03"
"DGS20","2019-08-12","1.92"
"DGS20","2019-08-13","1.94"
"DGS20","2019-08-14","1.84"
"DGS20","2019-08-15","1.80"
"DGS20","2019-08-16","1.82"
"DGS20","2019-08-19","1.88"
"DGS20","2019-08-20","1.84"
"DGS20","2019-08-21","1.87"
"DGS20","2019-08-22","1.90"
"DGS20","2019-08-23","1.82"
"DGS20","2019-08-26","1.84"
"DGS20","2019-08-27","1.77"
"DGS20","2019-08-28","1.76"
"DGS20","2019-08-29","1.78"
"DGS20","2019-08-30","1.78"
"DGS20","2019-09-02","."
"DGS20","2019-09-03","1.77"
"DGS20","2019-09-04","1.77"
"DGS20","2019-09-05","1.86"
"DGS20","2019-09-06","1.83"
"DGS20","2019-09-09","1.91"
"DGS20","2019-09-10","2.00"
"DGS20","2019-09-11","2.02"
"DGS20","2019-09-12","2.06"
"DGS20","2019-09-13","2.17"
"DGS20","2019-09-16","2.11"
"DGS20","2019-09-17","2.08"
"DGS20","2019-09-18","2.06"
"DGS20","2019-09-19","2.04"
"DGS20","2019-09-20","1.99"
"DGS20","2019-09-23","1.98"
"DGS20","2019-09-24","1.91"
"DGS20","2019-09-25","1.99"
"DGS20","2019-09-26","1.96"
"DGS20","2019-09-27","1.95"
"DGS20","2019-09-30","1.94"
"DGS20","2019-10-01","1.93"
"DGS20","2019-10-02","1.90"
"DGS20","2019-10-03","1.85"
"DGS20","2019-10-04","1.81"
"DGS20","2019-10-07","1.85"
"DGS20","2019-10-08","1.84"
"DGS20","2019-10-09","1.88"
"DGS20","2019-10-10","1.96"
"DGS20","2019-10-11","2.04"
"DGS20","2019-10-14","."
"DGS20","2019-10-15","2.06"
"DGS20","2019-10-16","2.05"
"DGS20","2019-10-17","2.05"
"DGS20","2019-10-18","2.06"
"DGS20","2019-10-21","2.10"
"DGS20","2019-10-22","2.07"
"DGS20","2019-10-23","2.06"
"DGS20","2019-10-24","2.08"
"DGS20","2019-10-25","2.10"
"DGS20","2019-10-28","2.16"
"DGS20","2019-10-29","2.15"
"DGS20","2019-10-30","2.08"
"DGS20","2019-10-31","2.00"
"DGS20","2019-11-01","2.03"
"DGS20","2019-11-04","2.10"
"DGS20","2019-11-05","2.17"
"DGS20","2019-11-06","2.13"
"DGS20","2019-11-07","2.24"
"DGS20","2019-11-08","2.27"
"DGS20","2019-11-11","."
"DGS20","2019-11-12","2.24"
"DGS20","2019-11-13","2.20"
"DGS20","2019-11-14","2.15"
"DGS20","2019-11-15","2.16"
"DGS20","2019-11-18","2.14"
"DGS20","2019-11-19","2.11"
"DGS20","2019-11-20","2.05"
"DGS20","2019-11-21","2.09"
"DGS20","2019-11-22","2.08"
"DGS20","2019-11-25","2.07"
"DGS20","2019-11-26","2.04"
"DGS20","2019-11-27","2.06"
"DGS20","2019-11-28","."
"DGS20","2019-11-29","2.07"
"DGS20","2019-12-02","2.15"
"DGS20","2019-12-03","2.03"
"DGS20","2019-12-04","2.08"
"DGS20","2019-12-05","2.11"
"DGS20","2019-12-06","2.14"
"DGS20","2019-12-09","2.13"
"DGS20","2019-12-10","2.12"
"DGS20","2019-12-11","2.08"
"DGS20","2019-12-12","2.18"
"DGS20","2019-12-13","2.11"
"DGS20","2019-12-16","2.17"
"DGS20","2019-12-17","2.18"
"DGS20","2019-12-18","2.22"
"DGS20","2019-12-19","2.21"
"DGS20","2019-12-20","2.21"
"DGS20","2019-12-23","2.22"
"DGS20","2019-12-24","2.20"
"DGS20","2019-12-25","."
"DGS20","2019-12-26","2.19"
"DGS20","2019-12-27","2.18"
"DGS20","2019-12-30","2.21"
"DGS20","2019-12-31","2.25"
"DGS20","2020-01-01","."
"DGS20","2020-01-02","2.19"
"DGS20","2020-01-03","2.11"
"DGS20","2020-01-06","2.13"
"DGS20","2020-01-07","2.16"
"DGS20","2020-01-08","2.21"
"DGS20","2020-01-09","2.17"
"DGS20","2020-01-10","2.14"
"DGS20","2020-01-13","2.16"
"DGS20","2020-01-14","2.12"
"DGS20","2020-01-15","2.09"
"DGS20","2020-01-16","2.11"
"DGS20","2020-01-17","2.16"
"DGS20","2020-01-20","."
"DGS20","2020-01-21","2.10"
"DGS20","2020-01-22","2.07"
"DGS20","2020-01-23","2.03"
"DGS20","2020-01-24","2.00"
"DGS20","2020-01-27","1.91"
"DGS20","2020-01-28","1.95"
"DGS20","2020-01-29","1.89"
"DGS20","2020-01-30","1.88"
"DGS20","2020-01-31","1.83"
"DGS20","2020-02-03","1.84"
"DGS20","2020-02-04","1.91"
"DGS20","2020-02-05","1.97"
"DGS20","2020-02-06","1.94"
"DGS20","2020-02-07","1.89"
"DGS20","2020-02-10","1.87"
"DGS20","2020-02-11","1.89"
"DGS20","2020-02-12","1.93"
"DGS20","2020-02-13","1.91"
"DGS20","2020-02-14","1.89"
"DGS20","2020-02-17","."
"DGS20","2020-02-18","1.85"
"DGS20","2020-02-19","1.86"
"DGS20","2020-02-20","1.81"
"DGS20","2020-02-21","1.75"
"DGS20","2020-02-24","1.68"
"DGS20","2020-02-25","1.63"
"DGS20","2020-02-26","1.64"
"DGS20","2020-02-27","1.61"
"DGS20","2020-02-28","1.46"
"DGS20","2020-03-02","1.46"
"DGS20","2020-03-03","1.44"
"DGS20","2020-03-04","1.45"
"DGS20","2020-03-05","1.34"
"DGS20","2020-03-06","1.09"
"DGS20","2020-03-09","0.87"
"DGS20","2020-03-10","1.16"
"DGS20","2020-03-11","1.13"
"DGS20","2020-03-12","1.27"
"DGS20","2020-03-13","1.31"
"DGS20","2020-03-16","1.10"
"DGS20","2020-03-17","1.45"
"DGS20","2020-03-18","1.60"
"DGS20","2020-03-19","1.56"
"DGS20","2020-03-20","1.35"
"DGS20","2020-03-23","1.12"
"DGS20","2020-03-24","1.19"
"DGS20","2020-03-25","1.23"
"DGS20","2020-03-26","1.20"
"DGS20","2020-03-27","1.09"
"DGS20","2020-03-30","1.10"
"DGS20","2020-03-31","1.15"
"DGS20","2020-04-01","1.04"
"DGS20","2020-04-02","1.04"
"DGS20","2020-04-03","1.05"
"DGS20","2020-04-06","1.08"
"DGS20","2020-04-07","1.13"
"DGS20","2020-04-08","1.18"
"DGS20","2020-04-09","1.15"
"DGS20","2020-04-10","."
"DGS20","2020-04-13","1.19"
"DGS20","2020-04-14","1.19"
"DGS20","2020-04-15","1.06"
"DGS20","2020-04-16","1.01"
"DGS20","2020-04-17","1.08"
"DGS20","2020-04-20","1.04"
"DGS20","2020-04-21","0.98"
"DGS20","2020-04-22","1.03"
"DGS20","2020-04-23","0.99"
"DGS20","2020-04-24","0.98"
"DGS20","2020-04-27","1.06"
"DGS20","2020-04-28","1.00"
"DGS20","2020-04-29","1.02"
"DGS20","2020-04-30","1.05"
"DGS20","2020-05-01","1.04"
"DGS20","2020-05-04","1.05"
"DGS20","2020-05-05","1.07"
"DGS20","2020-05-06","1.16"
"DGS20","2020-05-07","1.05"
"DGS20","2020-05-08","1.12"
"DGS20","2020-05-11","1.16"
"DGS20","2020-05-12","1.11"
"DGS20","2020-05-13","1.07"
"DGS20","2020-05-14","1.03"
"DGS20","2020-05-15","1.05"
"DGS20","2020-05-18","1.17"
"DGS20","2020-05-19","1.15"
"DGS20","2020-05-20","1.19"
"DGS20","2020-05-21","1.16"
"DGS20","2020-05-22","1.12"
"DGS20","2020-05-25","."
"DGS20","2020-05-26","1.19"
"DGS20","2020-05-27","1.19"
"DGS20","2020-05-28","1.23"
"DGS20","2020-05-29","1.18"
"DGS20","2020-06-01","1.22"
"DGS20","2020-06-02","1.24"
"DGS20","2020-06-03","1.32"
"DGS20","2020-06-04","1.38"
"DGS20","2020-06-05","1.46"
"DGS20","2020-06-08","1.43"
"DGS20","2020-06-09","1.37"
"DGS20","2020-06-10","1.31"
"DGS20","2020-06-11","1.19"
"DGS20","2020-06-12","1.24"
"DGS20","2020-06-15","1.24"
"DGS20","2020-06-16","1.31"
"DGS20","2020-06-17","1.30"
"DGS20","2020-06-18","1.24"
"DGS20","2020-06-19","1.23"
"DGS20","2020-06-22","1.23"
"DGS20","2020-06-23","1.25"
"DGS20","2020-06-24","1.21"
"DGS20","2020-06-25","1.20"
"DGS20","2020-06-26","1.15"
"DGS20","2020-06-29","1.16"
"DGS20","2020-06-30","1.18"
"DGS20","2020-07-01","1.20"
"DGS20","2020-07-02","1.20"
"DGS20","2020-07-03","."
"DGS20","2020-07-06","1.21"
"DGS20","2020-07-07","1.15"
"DGS20","2020-07-08","1.16"
"DGS20","2020-07-09","1.09"
"DGS20","2020-07-10","1.12"
"DGS20","2020-07-13","1.11"
"DGS20","2020-07-14","1.09"
"DGS20","2020-07-15","1.11"
"DGS20","2020-07-16","1.09"
"DGS20","2020-07-17","1.11"
"DGS20","2020-07-20","1.10"
"DGS20","2020-07-21","1.09"
"DGS20","2020-07-22","1.08"
"DGS20","2020-07-23","1.03"
"DGS20","2020-07-24","1.03"
"DGS20","2020-07-27","1.05"
"DGS20","2020-07-28","1.01"
"DGS20","2020-07-29","1.03"
"DGS20","2020-07-30","0.98"
"DGS20","2020-07-31","0.98"
"DGS20","2020-08-03","1.01"
"DGS20","2020-08-04","0.96"
"DGS20","2020-08-05","1.00"
"DGS20","2020-08-06","0.98"
"DGS20","2020-08-07","1.01"
"DGS20","2020-08-10","1.04"
"DGS20","2020-08-11","1.10"
"DGS20","2020-08-12","1.15"
"DGS20","2020-08-13","1.20"
"DGS20","2020-08-14","1.21"
"DGS20","2020-08-17","1.19"
"DGS20","2020-08-18","1.16"
"DGS20","2020-08-19","1.20"
"DGS20","2020-08-20","1.15"
"DGS20","2020-08-21","1.13"
"DGS20","2020-08-24","1.14"
"DGS20","2020-08-25","1.18"
"DGS20","2020-08-26","1.20"
"DGS20","2020-08-27","1.28"
"DGS20","2020-08-28","1.29"
"DGS20","2020-08-31","1.26"
"DGS20","2020-09-01","1.20"
"DGS20","2020-09-02","1.16"
"DGS20","2020-09-03","1.13"
"DGS20","2020-09-04","1.25"
"DGS20","2020-09-07","."
"DGS20","2020-09-08","1.22"
"DGS20","2020-09-09","1.25"
"DGS20","2020-09-10","1.22"
"DGS20","2020-09-11","1.21"
"DGS20","2020-09-14","1.21"
"DGS20","2020-09-15","1.21"
"DGS20","2020-09-16","1.23"
"DGS20","2020-09-17","1.22"
"DGS20","2020-09-18","1.24"
"DGS20","2020-09-21","1.22"
"DGS20","2020-09-22","1.21"
"DGS20","2020-09-23","1.21"
"DGS20","2020-09-24","1.19"
"DGS20","2020-09-25","1.19"
"DGS20","2020-09-28","1.20"
"DGS20","2020-09-29","1.19"
"DGS20","2020-09-30","1.23"
"DGS20","2020-10-01","1.23"
"DGS20","2020-10-02","1.25"
"DGS20","2020-10-05","1.34"
"DGS20","2020-10-06","1.33"
"DGS20","2020-10-07","1.37"
"DGS20","2020-10-08","1.34"
"DGS20","2020-10-09","1.34"
"DGS20","2020-10-12","."
"DGS20","2020-10-13","1.29"
"DGS20","2020-10-14","1.28"
"DGS20","2020-10-15","1.29"
"DGS20","2020-10-16","1.30"
"DGS20","2020-10-19","1.32"
"DGS20","2020-10-20","1.37"
"DGS20","2020-10-21","1.40"
"DGS20","2020-10-22","1.43"
"DGS20","2020-10-23","1.41"
"DGS20","2020-10-26","1.37"
"DGS20","2020-10-27","1.34"
"DGS20","2020-10-28","1.34"
"DGS20","2020-10-29","1.39"
"DGS20","2020-10-30","1.43"
"DGS20","2020-11-02","1.41"
"DGS20","2020-11-03","1.44"
"DGS20","2020-11-04","1.33"
"DGS20","2020-11-05","1.32"
"DGS20","2020-11-06","1.37"
"DGS20","2020-11-09","1.51"
"DGS20","2020-11-10","1.53"
"DGS20","2020-11-11","."
"DGS20","2020-11-12","1.42"
"DGS20","2020-11-13","1.43"
"DGS20","2020-11-16","1.44"
"DGS20","2020-11-17","1.40"
"DGS20","2020-11-18","1.42"
"DGS20","2020-11-19","1.38"
"DGS20","2020-11-20","1.33"
"DGS20","2020-11-23","1.36"
"DGS20","2020-11-24","1.40"
"DGS20","2020-11-25","1.41"
"DGS20","2020-11-26","."
"DGS20","2020-11-27","1.36"
"DGS20","2020-11-30","1.37"
"DGS20","2020-12-01","1.46"
"DGS20","2020-12-02","1.50"
"DGS20","2020-12-03","1.46"
"DGS20","2020-12-04","1.53"
"DGS20","2020-12-07","1.49"
"DGS20","2020-12-08","1.46"
"DGS20","2020-12-09","1.48"
"DGS20","2020-12-10","1.44"
"DGS20","2020-12-11","1.42"
"DGS20","2020-12-14","1.43"
"DGS20","2020-12-15","1.45"
"DGS20","2020-12-16","1.46"
"DGS20","2020-12-17","1.47"
"DGS20","2020-12-18","1.49"
"DGS20","2020-12-21","1.48"
"DGS20","2020-12-22","1.45"
"DGS20","2020-12-23","1.49"
"DGS20","2020-12-24","1.46"
"DGS20","2020-12-25","."
"DGS20","2020-12-28","1.46"
"DGS20","2020-12-29","1.47"
"DGS20","2020-12-30","1.46"
"DGS20","2020-12-31","1.45"
"DGS20","2021-01-01","."
"DGS20","2021-01-04","1.46"
"DGS20","2021-01-05","1.49"
"DGS20","2021-01-06","1.60"
"DGS20","2021-01-07","1.64"
"DGS20","2021-01-08","1.67"
"DGS20","2021-01-11","1.68"
"DGS20","2021-01-12","1.68"
"DGS20","2021-01-13","1.63"
"DGS20","2021-01-14","1.69"
"DGS20","2021-01-15","1.66"
"DGS20","2021-01-18","."
"DGS20","2021-01-19","1.65"
"DGS20","2021-01-20","1.65"
"DGS20","2021-01-21","1.68"
"DGS20","2021-01-22","1.66"
"DGS20","2021-01-25","1.61"
"DGS20","2021-01-26","1.61"
"DGS20","2021-01-27","1.60"
"DGS20","2021-01-28","1.63"
"DGS20","2021-01-29","1.68"
"DGS20","2021-02-01","1.66"
"DGS20","2021-02-02","1.69"
"DGS20","2021-02-03","1.73"
"DGS20","2021-02-04","1.75"
"DGS20","2021-02-05","1.79"
"DGS20","2021-02-08","1.78"
"DGS20","2021-02-09","1.78"
"DGS20","2021-02-10","1.75"
"DGS20","2021-02-11","1.77"
"DGS20","2021-02-12","1.83"
"DGS20","2021-02-15","."
"DGS20","2021-02-16","1.92"
"DGS20","2021-02-17","1.92"
"DGS20","2021-02-18","1.91"
"DGS20","2021-02-19","1.98"
"DGS20","2021-02-22","2.02"
"DGS20","2021-02-23","2.03"
"DGS20","2021-02-24","2.07"
"DGS20","2021-02-25","2.25"
"DGS20","2021-02-26","2.08"
"DGS20","2021-03-01","2.11"
"DGS20","2021-03-02","2.09"
"DGS20","2021-03-03","2.12"
"DGS20","2021-03-04","2.18"
"DGS20","2021-03-05","2.18"
"DGS20","2021-03-08","2.20"
"DGS20","2021-03-09","2.16"
"DGS20","2021-03-10","2.15"
"DGS20","2021-03-11","2.18"
"DGS20","2021-03-12","2.31"
"DGS20","2021-03-15","2.27"
"DGS20","2021-03-16","2.30"
"DGS20","2021-03-17","2.32"
"DGS20","2021-03-18","2.36"
"DGS20","2021-03-19","2.36"
"DGS20","2021-03-22","2.29"
"DGS20","2021-03-23","2.24"
"DGS20","2021-03-24","2.21"
"DGS20","2021-03-25","2.24"
"DGS20","2021-03-26","2.27"
"DGS20","2021-03-29","2.32"
"DGS20","2021-03-30","2.29"
"DGS20","2021-03-31","2.31"
"DGS20","2021-04-01","2.24"
"DGS20","2021-04-02","2.27"
"DGS20","2021-04-05","2.28"
"DGS20","2021-04-06","2.24"
"DGS20","2021-04-07","2.26"
"DGS20","2021-04-08","2.22"
"DGS20","2021-04-09","2.23"
"DGS20","2021-04-12","2.24"
"DGS20","2021-04-13","2.21"
"DGS20","2021-04-14","2.22"
"DGS20","2021-04-15","2.13"
"DGS20","2021-04-16","2.15"
"DGS20","2021-04-19","2.18"
"DGS20","2021-04-20","2.16"
"DGS20","2021-04-21","2.16"
"DGS20","2021-04-22","2.13"
"DGS20","2021-04-23","2.14"
"DGS20","2021-04-26","2.13"
"DGS20","2021-04-27","2.18"
"DGS20","2021-04-28","2.19"
"DGS20","2021-04-29","2.20"
"DGS20","2021-04-30","2.19"
"DGS20","2021-05-03","2.18"
"DGS20","2021-05-04","2.16"
"DGS20","2021-05-05","2.14"
"DGS20","2021-05-06","2.14"
"DGS20","2021-05-07","2.17"
"DGS20","2021-05-10","2.20"
"DGS20","2021-05-11","2.23"
"DGS20","2021-05-12","2.29"
"DGS20","2021-05-13","2.28"
"DGS20","2021-05-14","2.25"
"DGS20","2021-05-17","2.27"
"DGS20","2021-05-18","2.27"
"DGS20","2021-05-19","2.30"
"DGS20","2021-05-20","2.25"
"DGS20","2021-05-21","2.24"
"DGS20","2021-05-24","2.22"
"DGS20","2021-05-25","2.16"
"DGS20","2021-05-26","2.17"
"DGS20","2021-05-27","2.20"
"DGS20","2021-05-28","2.18"
"DGS20","2021-05-31","."
"DGS20","2021-06-01","2.22"
"DGS20","2021-06-02","2.21"
"DGS20","2021-06-03","2.22"
"DGS20","2021-06-04","2.16"
"DGS20","2021-06-07","2.17"
"DGS20","2021-06-08","2.13"
"DGS20","2021-06-09","2.10"
"DGS20","2021-06-10","2.07"
"DGS20","2021-06-11","2.08"
"DGS20","2021-06-14","2.12"
"DGS20","2021-06-15","2.12"
"DGS20","2021-06-16","2.13"
"DGS20","2021-06-17","2.05"
"DGS20","2021-06-18","1.97"
"DGS20","2021-06-21","2.05"
"DGS20","2021-06-22","2.03"
"DGS20","2021-06-23","2.04"
"DGS20","2021-06-24","2.03"
"DGS20","2021-06-25","2.09"
"DGS20","2021-06-28","2.04"
"DGS20","2021-06-29","2.03"
"DGS20","2021-06-30","2.00"
"DGS20","2021-07-01","2.01"
"DGS20","2021-07-02","1.98"
"DGS20","2021-07-05","."
"DGS20","2021-07-06","1.92"
"DGS20","2021-07-07","1.87"
"DGS20","2021-07-08","1.84"
"DGS20","2021-07-09","1.91"
"DGS20","2021-07-12","1.93"
"DGS20","2021-07-13","1.96"
"DGS20","2021-07-14","1.91"
"DGS20","2021-07-15","1.85"
"DGS20","2021-07-16","1.86"
"DGS20","2021-07-19","1.74"
"DGS20","2021-07-20","1.79"
"DGS20","2021-07-21","1.87"
"DGS20","2021-07-22","1.82"
"DGS20","2021-07-23","1.85"
"DGS20","2021-07-26","1.85"
"DGS20","2021-07-27","1.81"
"DGS20","2021-07-28","1.83"
"DGS20","2021-07-29","1.84"
"DGS20","2021-07-30","1.81"
"DGS20","2021-08-02","1.77"
"DGS20","2021-08-03","1.76"
"DGS20","2021-08-04","1.74"
"DGS20","2021-08-05","1.77"
"DGS20","2021-08-06","1.85"
"DGS20","2021-08-09","1.87"
"DGS20","2021-08-10","1.90"
"DGS20","2021-08-11","1.90"
"DGS20","2021-08-12","1.92"
"DGS20","2021-08-13","1.85"
"DGS20","2021-08-16","1.82"
"DGS20","2021-08-17","1.82"
"DGS20","2021-08-18","1.84"
"DGS20","2021-08-19","1.80"
"DGS20","2021-08-20","1.79"
"DGS20","2021-08-23","1.79"
"DGS20","2021-08-24","1.83"
"DGS20","2021-08-25","1.88"
"DGS20","2021-08-26","1.87"
"DGS20","2021-08-27","1.84"
"DGS20","2021-08-30","1.82"
"DGS20","2021-08-31","1.85"
"DGS20","2021-09-01","1.84"
"DGS20","2021-09-02","1.83"
"DGS20","2021-09-03","1.87"
"DGS20","2021-09-06","."
"DGS20","2021-09-07","1.91"
"DGS20","2021-09-08","1.88"
"DGS20","2021-09-09","1.83"
"DGS20","2021-09-10","1.86"
"DGS20","2021-09-13","1.83"
"DGS20","2021-09-14","1.78"
"DGS20","2021-09-15","1.80"
"DGS20","2021-09-16","1.83"
"DGS20","2021-09-17","1.85"
"DGS20","2021-09-20","1.79"
"DGS20","2021-09-21","1.81"
"DGS20","2021-09-22","1.78"
"DGS20","2021-09-23","1.87"
"DGS20","2021-09-24","1.94"
"DGS20","2021-09-27","1.95"
"DGS20","2021-09-28","2.02"
"DGS20","2021-09-29","2.04"
"DGS20","2021-09-30","2.02"
"DGS20","2021-10-01","1.99"
"DGS20","2021-10-04","1.99"
"DGS20","2021-10-05","2.04"
"DGS20","2021-10-06","2.02"
"DGS20","2021-10-07","2.08"
"DGS20","2021-10-08","2.11"
"DGS20","2021-10-11","."
"DGS20","2021-10-12","2.05"
"DGS20","2021-10-13","2.00"
"DGS20","2021-10-14","1.97"
"DGS20","2021-10-15","2.02"
"DGS20","2021-10-18","1.99"
"DGS20","2021-10-19","2.07"
"DGS20","2021-10-20","2.09"
"DGS20","2021-10-21","2.10"
"DGS20","2021-10-22","2.06"
"DGS20","2021-10-25","2.07"
"DGS20","2021-10-26","2.03"
"DGS20","2021-10-27","1.93"
"DGS20","2021-10-28","1.98"
"DGS20","2021-10-29","1.98"
"DGS20","2021-11-01","2.01"
"DGS20","2021-11-02","1.97"
"DGS20","2021-11-03","2.01"
"DGS20","2021-11-04","1.96"
"DGS20","2021-11-05","1.88"
"DGS20","2021-11-08","1.91"
"DGS20","2021-11-09","1.86"
"DGS20","2021-11-10","1.96"
"DGS20","2021-11-11","."
"DGS20","2021-11-12","1.99"
"DGS20","2021-11-15","2.05"
"DGS20","2021-11-16","2.06"
"DGS20","2021-11-17","2.04"
"DGS20","2021-11-18","2.01"
"DGS20","2021-11-19","1.95"
"DGS20","2021-11-22","2.03"
"DGS20","2021-11-23","2.08"
"DGS20","2021-11-24","2.03"
"DGS20","2021-11-25","."
"DGS20","2021-11-26","1.89"
"DGS20","2021-11-29","1.93"
"DGS20","2021-11-30","1.85"
"DGS20","2021-12-01","1.84"
"DGS20","2021-12-02","1.87"
"DGS20","2021-12-03","1.77"
"DGS20","2021-12-06","1.84"
"DGS20","2021-12-07","1.88"
"DGS20","2021-12-08","1.93"
"DGS20","2021-12-09","1.91"
"DGS20","2021-12-10","1.91"
"DGS20","2021-12-13","1.86"
"DGS20","2021-12-14","1.87"
"DGS20","2021-12-15","1.91"
"DGS20","2021-12-16","1.91"
"DGS20","2021-12-17","1.87"
"DGS20","2021-12-20","1.90"
"DGS20","2021-12-21","1.92"
"DGS20","2021-12-22","1.89"
"DGS20","2021-12-23","1.94"
"DGS20","2021-12-24","."
"DGS20","2021-12-27","1.92"
"DGS20","2021-12-28","1.94"
"DGS20","2021-12-29","2.00"
"DGS20","2021-12-30","1.97"
"DGS20","2021-12-31","1.94"
"DGS20","2022-01-03","2.05"
"DGS20","2022-01-04","2.10"
"DGS20","2022-01-05","2.12"
"DGS20","2022-01-06","2.12"
"DGS20","2022-01-07","2.15"
"DGS20","2022-01-10","2.15"
"DGS20","2022-01-11","2.13"
"DGS20","2022-01-12","2.13"
"DGS20","2022-01-13","2.10"
"DGS20","2022-01-14","2.18"
"DGS20","2022-01-17","."
"DGS20","2022-01-18","2.24"
"DGS20","2022-01-19","2.20"
"DGS20","2022-01-20","2.19"
"DGS20","2022-01-21","2.13"
"DGS20","2022-01-24","2.15"
"DGS20","2022-01-25","2.18"
"DGS20","2022-01-26","2.22"
"DGS20","2022-01-27","2.17"
"DGS20","2022-01-28","2.14"
"DGS20","2022-01-31","2.17"
"DGS20","2022-02-01","2.19"
"DGS20","2022-02-02","2.17"
"DGS20","2022-02-03","2.20"
"DGS20","2022-02-04","2.29"
"DGS20","2022-02-07","2.28"
"DGS20","2022-02-08","2.31"
"DGS20","2022-02-09","2.31"
"DGS20","2022-02-10","2.37"
"DGS20","2022-02-11","2.30"
"DGS20","2022-02-14","2.35"
"DGS20","2022-02-15","2.42"
"DGS20","2022-02-16","2.39"
"DGS20","2022-02-17","2.35"
"DGS20","2022-02-18","2.30"
"DGS20","2022-02-21","."
"DGS20","2022-02-22","2.31"
"DGS20","2022-02-23","2.36"
"DGS20","2022-02-24","2.36"
"DGS20","2022-02-25","2.37"
"DGS20","2022-02-28","2.25"
"DGS20","2022-03-01","2.19"
"DGS20","2022-03-02","2.32"
"DGS20","2022-03-03","2.32"
"DGS20","2022-03-04","2.23"
"DGS20","2022-03-07","2.29"
"DGS20","2022-03-08","2.34"
"DGS20","2022-03-09","2.38"
"DGS20","2022-03-10","2.45"
"DGS20","2022-03-11","2.45"
"DGS20","2022-03-14","2.56"
"DGS20","2022-03-15","2.57"
"DGS20","2022-03-16","2.56"
"DGS20","2022-03-17","2.60"
"DGS20","2022-03-18","2.53"
"DGS20","2022-03-21","2.67"
"DGS20","2022-03-22","2.71"
"DGS20","2022-03-23","2.65"
"DGS20","2022-03-24","2.63"
"DGS20","2022-03-25","2.74"
"DGS20","2022-03-28","2.72"
"DGS20","2022-03-29","2.68"
"DGS20","2022-03-30","2.63"
"DGS20","2022-03-31","2.59"
"DGS20","2022-04-01","2.60"
"DGS20","2022-04-04","2.64"
"DGS20","2022-04-05","2.74"
"DGS20","2022-04-06","2.81"
"DGS20","2022-04-07","2.87"
"DGS20","2022-04-08","2.94"
"DGS20","2022-04-11","3.02"
"DGS20","2022-04-12","2.99"
"DGS20","2022-04-13","2.97"
"DGS20","2022-04-14","3.09"
"DGS20","2022-04-15","."
"DGS20","2022-04-18","3.12"
"DGS20","2022-04-19","3.19"
"DGS20","2022-04-20","3.08"
"DGS20","2022-04-21","3.12"
"DGS20","2022-04-22","3.14"
"DGS20","2022-04-25","3.06"
"DGS20","2022-04-26","3.03"
"DGS20","2022-04-27","3.08"
"DGS20","2022-04-28","3.10"
"DGS20","2022-04-29","3.14"
"DGS20","2022-05-02","3.26"
"DGS20","2022-05-03","3.21"
"DGS20","2022-05-04","3.21"
"DGS20","2022-05-05","3.35"
"DGS20","2022-05-06","3.43"
"DGS20","2022-05-09","3.38"
"DGS20","2022-05-10","3.31"
"DGS20","2022-05-11","3.25"
"DGS20","2022-05-12","3.22"
"DGS20","2022-05-13","3.32"
"DGS20","2022-05-16","3.30"
"DGS20","2022-05-17","3.36"
"DGS20","2022-05-18","3.24"
"DGS20","2022-05-19","3.24"
"DGS20","2022-05-20","3.17"
"DGS20","2022-05-23","3.26"
"DGS20","2022-05-24","3.16"
"DGS20","2022-05-25","3.14"
"DGS20","2022-05-26","3.18"
"DGS20","2022-05-27","3.16"
"DGS20","2022-05-30","."
"DGS20","2022-05-31","3.28"
"DGS20","2022-06-01","3.31"
"DGS20","2022-06-02","3.30"
"DGS20","2022-06-03","3.33"
"DGS20","2022-06-06","3.41"
"DGS20","2022-06-07","3.35"
"DGS20","2022-06-08","3.40"
"DGS20","2022-06-09","3.40"
"DGS20","2022-06-10","3.45"
"DGS20","2022-06-13","3.68"
"DGS20","2022-06-14","3.72"
"DGS20","2022-06-15","3.64"
"DGS20","2022-06-16","3.59"
"DGS20","2022-06-17","3.55"
"DGS20","2022-06-20","."
"DGS20","2022-06-21","3.63"
"DGS20","2022-06-22","3.49"
"DGS20","2022-06-23","3.45"
"DGS20","2022-06-24","3.51"
"DGS20","2022-06-27","3.56"
"DGS20","2022-06-28","3.55"
"DGS20","2022-06-29","3.46"
"DGS20","2022-06-30","3.38"
"DGS20","2022-07-01","3.35"
"DGS20","2022-07-04","."
"DGS20","2022-07-05","3.31"
"DGS20","2022-07-06","3.42"
"DGS20","2022-07-07","3.45"
"DGS20","2022-07-08","3.53"
"DGS20","2022-07-11","3.43"
"DGS20","2022-07-12","3.37"
"DGS20","2022-07-13","3.35"
"DGS20","2022-07-14","3.36"
"DGS20","2022-07-15","3.34"
"DGS20","2022-07-18","3.39"
"DGS20","2022-07-19","3.42"
"DGS20","2022-07-20","3.43"
"DGS20","2022-07-21","3.33"
"DGS20","2022-07-22","3.23"
"DGS20","2022-07-25","3.28"
"DGS20","2022-07-26","3.27"
"DGS20","2022-07-27","3.26"
"DGS20","2022-07-28","3.23"
"DGS20","2022-07-29","3.20"
"DGS20","2022-08-01","3.12"
"DGS20","2022-08-02","3.22"
"DGS20","2022-08-03","3.17"
"DGS20","2022-08-04","3.15"
"DGS20","2022-08-05","3.27"
"DGS20","2022-08-08","3.22"
"DGS20","2022-08-09","3.24"
"DGS20","2022-08-10","3.27"
"DGS20","2022-08-11","3.38"
"DGS20","2022-08-12","3.34"
"DGS20","2022-08-15","3.31"
"DGS20","2022-08-16","3.31"
"DGS20","2022-08-17","3.37"
"DGS20","2022-08-18","3.35"
"DGS20","2022-08-19","3.44"
"DGS20","2022-08-22","3.48"
"DGS20","2022-08-23","3.49"
"DGS20","2022-08-24","3.55"
"DGS20","2022-08-25","3.47"
"DGS20","2022-08-26","3.44"
"DGS20","2022-08-29","3.50"
"DGS20","2022-08-30","3.49"
"DGS20","2022-08-31","3.53"
"DGS20","2022-09-01","3.64"
"DGS20","2022-09-02","3.61"
"DGS20","2022-09-05","."
"DGS20","2022-09-06","3.74"
"DGS20","2022-09-07","3.67"
"DGS20","2022-09-08","3.69"
"DGS20","2022-09-09","3.71"
"DGS20","2022-09-12","3.76"
"DGS20","2022-09-13","3.75"
"DGS20","2022-09-14","3.73"
"DGS20","2022-09-15","3.75"
"DGS20","2022-09-16","3.79"
"DGS20","2022-09-19","3.77"
"DGS20","2022-09-20","3.83"
"DGS20","2022-09-21","3.73"
"DGS20","2022-09-22","3.90"
"DGS20","2022-09-23","3.87"
"DGS20","2022-09-26","4.01"
"DGS20","2022-09-27","4.15"
"DGS20","2022-09-28","3.98"
"DGS20","2022-09-29","4.00"
"DGS20","2022-09-30","4.08"
"DGS20","2022-10-03","4.00"
"DGS20","2022-10-04","3.95"
"DGS20","2022-10-05","4.05"
"DGS20","2022-10-06","4.08"
"DGS20","2022-10-07","4.13"
"DGS20","2022-10-10","."
"DGS20","2022-10-11","4.19"
"DGS20","2022-10-12","4.18"
"DGS20","2022-10-13","4.25"
"DGS20","2022-10-14","4.26"
"DGS20","2022-10-17","4.29"
"DGS20","2022-10-18","4.27"
"DGS20","2022-10-19","4.38"
"DGS20","2022-10-20","4.47"
"DGS20","2022-10-21","4.54"
"DGS20","2022-10-24","4.59"
"DGS20","2022-10-25","4.45"
"DGS20","2022-10-26","4.38"
"DGS20","2022-10-27","4.32"
"DGS20","2022-10-28","4.38"
"DGS20","2022-10-31","4.44"
"DGS20","2022-11-01","4.37"
"DGS20","2022-11-02","4.41"
"DGS20","2022-11-03","4.42"
"DGS20","2022-11-04","4.49"
"DGS20","2022-11-07","4.55"
"DGS20","2022-11-08","4.47"
"DGS20","2022-11-09","4.50"
"DGS20","2022-11-10","4.24"
"DGS20","2022-11-11","."
"DGS20","2022-11-14","4.28"
"DGS20","2022-11-15","4.20"
"DGS20","2022-11-16","4.03"
"DGS20","2022-11-17","4.10"
"DGS20","2022-11-18","4.13"
"DGS20","2022-11-21","4.14"
"DGS20","2022-11-22","4.05"
"DGS20","2022-11-23","3.97"
"DGS20","2022-11-24","."
"DGS20","2022-11-25","3.97"
"DGS20","2022-11-28","3.97"
"DGS20","2022-11-29","4.02"
"DGS20","2022-11-30","4.00"
"DGS20","2022-12-01","3.85"
"DGS20","2022-12-02","3.79"
"DGS20","2022-12-05","3.84"
"DGS20","2022-12-06","3.77"
"DGS20","2022-12-07","3.66"
"DGS20","2022-12-08","3.71"
"DGS20","2022-12-09","3.82"
"DGS20","2022-12-12","3.84"
"DGS20","2022-12-13","3.74"
"DGS20","2022-12-14","3.74"
"DGS20","2022-12-15","3.69"
"DGS20","2022-12-16","3.73"
"DGS20","2022-12-19","3.82"
"DGS20","2022-12-20","3.94"
"DGS20","2022-12-21","3.93"
"DGS20","2022-12-22","3.91"
"DGS20","2022-12-23","3.99"
"DGS20","2022-12-26","."
"DGS20","2022-12-27","4.10"
"DGS20","2022-12-28","4.13"
"DGS20","2022-12-29","4.09"
"DGS20","2022-12-30","4.14"
"DGS20","2023-01-02","."
"DGS20","2023-01-03","4.06"
"DGS20","2023-01-04","3.97"
"DGS20","2023-01-05","3.96"
"DGS20","2023-01-06","3.84"
"DGS20","2023-01-09","3.83"
"DGS20","2023-01-10","3.91"
"DGS20","2023-01-11","3.84"
"DGS20","2023-01-12","3.73"
"DGS20","2023-01-13","3.79"
"DGS20","2023-01-16","."
"DGS20","2023-01-17","3.81"
"DGS20","2023-01-18","3.65"
"DGS20","2023-01-19","3.69"
"DGS20","2023-01-20","3.77"
"DGS20","2023-01-23","3.80"
"DGS20","2023-01-24","3.73"
"DGS20","2023-01-25","3.74"
"DGS20","2023-01-26","3.75"
"DGS20","2023-01-27","3.77"
"DGS20","2023-01-30","3.79"
"DGS20","2023-01-31","3.78"
"DGS20","2023-02-01","3.67"
"DGS20","2023-02-02","3.67"
"DGS20","2023-02-03","3.77"
"DGS20","2023-02-06","3.82"
"DGS20","2023-02-07","3.87"
"DGS20","2023-02-08","3.86"
"DGS20","2023-02-09","3.90"
"DGS20","2023-02-10","3.96"
"DGS20","2023-02-13","3.92"
"DGS20","2023-02-14","3.94"
"DGS20","2023-02-15","3.97"
"DGS20","2023-02-16","4.05"
"DGS20","2023-02-17","4.01"
"DGS20","2023-02-20","."
"DGS20","2023-02-21","4.12"
"DGS20","2023-02-22","4.09"
"DGS20","2023-02-23","4.04"
"DGS20","2023-02-24","4.11"
"DGS20","2023-02-27","4.11"
"DGS20","2023-02-28","4.10"
"DGS20","2023-03-01","4.17"
"DGS20","2023-03-02","4.24"
"DGS20","2023-03-03","4.12"
"DGS20","2023-03-06","4.14"
"DGS20","2023-03-07","4.11"
"DGS20","2023-03-08","4.11"
"DGS20","2023-03-09","4.09"
"DGS20","2023-03-10","3.90"
"DGS20","2023-03-13","3.85"
"DGS20","2023-03-14","3.91"
"DGS20","2023-03-15","3.82"
"DGS20","2023-03-16","3.87"
"DGS20","2023-03-17","3.76"
"DGS20","2023-03-20","3.83"
"DGS20","2023-03-21","3.90"
"DGS20","2023-03-22","3.83"
"DGS20","2023-03-23","3.78"
"DGS20","2023-03-24","3.77"
"DGS20","2023-03-27","3.90"
"DGS20","2023-03-28","3.90"
"DGS20","2023-03-29","3.91"
"DGS20","2023-03-30","3.88"
"DGS20","2023-03-31","3.81"
"DGS20","2023-04-03","3.78"
"DGS20","2023-04-04","3.72"
"DGS20","2023-04-05","3.67"
"DGS20","2023-04-06","3.66"
"DGS20","2023-04-07","3.73"
"DGS20","2023-04-10","3.74"
"DGS20","2023-04-11","3.75"
"DGS20","2023-04-12","3.75"
"DGS20","2023-04-13","3.80"
"DGS20","2023-04-14","3.85"
"DGS20","2023-04-17","3.92"
"DGS20","2023-04-18","3.91"
"DGS20","2023-04-19","3.90"
"DGS20","2023-04-20","3.87"
"DGS20","2023-04-21","3.90"
"DGS20","2023-04-24","3.85"
"DGS20","2023-04-25","3.77"
"DGS20","2023-04-26","3.81"
"DGS20","2023-04-27","3.88"
"DGS20","2023-04-28","3.80"
"DGS20","2023-05-01","3.95"
"DGS20","2023-05-02","3.82"
"DGS20","2023-05-03","3.79"
"DGS20","2023-05-04","3.80"
"DGS20","2023-05-05","3.85"
"DGS20","2023-05-08","3.92"
"DGS20","2023-05-09","3.94"
"DGS20","2023-05-10","3.88"
"DGS20","2023-05-11","3.82"
"DGS20","2023-05-12","3.87"
"DGS20","2023-05-15","3.92"
"DGS20","2023-05-16","3.96"
"DGS20","2023-05-17","3.96"
"DGS20","2023-05-18","4.02"
"DGS20","2023-05-19","4.07"
"DGS20","2023-05-22","4.09"
"DGS20","2023-05-23","4.08"
"DGS20","2023-05-24","4.10"
"DGS20","2023-05-25","4.16"
"DGS20","2023-05-26","4.13"
"DGS20","2023-05-29","."
"DGS20","2023-05-30","4.06"
"DGS20","2023-05-31","4.01"
"DGS20","2023-06-01","3.98"
"DGS20","2023-06-02","4.03"
"DGS20","2023-06-05","4.03"
"DGS20","2023-06-06","4.02"
"DGS20","2023-06-07","4.12"
"DGS20","2023-06-08","4.05"
"DGS20","2023-06-09","4.05"
"DGS20","2023-06-12","4.04"
"DGS20","2023-06-13","4.12"
"DGS20","2023-06-14","4.09"
"DGS20","2023-06-15","4.02"
"DGS20","2023-06-16","4.05"
"DGS20","2023-06-19","."
"DGS20","2023-06-20","4.01"
"DGS20","2023-06-21","3.99"
"DGS20","2023-06-22","4.06"
"DGS20","2023-06-23","4.01"
"DGS20","2023-06-26","4.01"
"DGS20","2023-06-27","4.03"
"DGS20","2023-06-28","4.00"
"DGS20","2023-06-29","4.11"
"DGS20","2023-06-30","4.06"
"DGS20","2023-07-03","4.08"
"DGS20","2023-07-04","."
"DGS20","2023-07-05","4.17"
"DGS20","2023-07-06","4.23"
"DGS20","2023-07-07","4.27"
"DGS20","2023-07-10","4.24"
"DGS20","2023-07-11","4.22"
"DGS20","2023-07-12","4.14"
"DGS20","2023-07-13","4.07"
"DGS20","2023-07-14","4.11"
"DGS20","2023-07-17","4.10"
"DGS20","2023-07-18","4.08"
"DGS20","2023-07-19","4.01"
"DGS20","2023-07-20","4.10"
"DGS20","2023-07-21","4.10"
"DGS20","2023-07-24","4.11"
"DGS20","2023-07-25","4.14"
"DGS20","2023-07-26","4.12"
"DGS20","2023-07-27","4.26"
"DGS20","2023-07-28","4.22"
"DGS20","2023-07-31","4.22"
"DGS20","2023-08-01","4.30"
"DGS20","2023-08-02","4.35"
"DGS20","2023-08-03","4.49"
"DGS20","2023-08-04","4.36"
"DGS20","2023-08-07","4.42"
"DGS20","2023-08-08","4.35"
"DGS20","2023-08-09","4.33"
"DGS20","2023-08-10","4.41"
"DGS20","2023-08-11","4.45"
"DGS20","2023-08-14","4.46"
"DGS20","2023-08-15","4.49"
"DGS20","2023-08-16","4.55"
"DGS20","2023-08-17","4.58"
"DGS20","2023-08-18","4.55"
"DGS20","2023-08-21","4.64"
"DGS20","2023-08-22","4.61"
"DGS20","2023-08-23","4.46"
"DGS20","2023-08-24","4.49"
"DGS20","2023-08-25","4.50"
"DGS20","2023-08-28","4.48"
"DGS20","2023-08-29","4.42"
"DGS20","2023-08-30","4.42"
"DGS20","2023-08-31","4.39"
"DGS20","2023-09-01","4.48"
"DGS20","2023-09-04","."
"DGS20","2023-09-05","4.56"
"DGS20","2023-09-06","4.56"
"DGS20","2023-09-07","4.55"
"DGS20","2023-09-08","4.52"
"DGS20","2023-09-11","4.56"
"DGS20","2023-09-12","4.54"
"DGS20","2023-09-13","4.52"
"DGS20","2023-09-14","4.57"
"DGS20","2023-09-15","4.59"
"DGS20","2023-09-18","4.57"
"DGS20","2023-09-19","4.60"
"DGS20","2023-09-20","4.57"
"DGS20","2023-09-21","4.74"
"DGS20","2023-09-22","4.70"
"DGS20","2023-09-25","4.84"
"DGS20","2023-09-26","4.86"
"DGS20","2023-09-27","4.91"
"DGS20","2023-09-28","4.90"
"DGS20","2023-09-29","4.92"
"DGS20","2023-10-02","5.00"
"DGS20","2023-10-03","5.13"
"DGS20","2023-10-04","5.05"
"DGS20","2023-10-05","5.06"
"DGS20","2023-10-06","5.13"
"DGS20","2023-10-09","."
"DGS20","2023-10-10","5.03"
"DGS20","2023-10-11","4.92"
"DGS20","2023-10-12","5.05"
"DGS20","2023-10-13","4.97"
"DGS20","2023-10-16","5.06"
"DGS20","2023-10-17","5.14"
"DGS20","2023-10-18","5.20"
"DGS20","2023-10-19","5.30"
"DGS20","2023-10-20","5.27"
"DGS20","2023-10-23","5.19"
"DGS20","2023-10-24","5.15"
"DGS20","2023-10-25","5.27"
"DGS20","2023-10-26","5.19"
"DGS20","2023-10-27","5.19"
"DGS20","2023-10-30","5.21"
"DGS20","2023-10-31","5.21"
"DGS20","2023-11-01","5.13"
"DGS20","2023-11-02","4.99"
"DGS20","2023-11-03","4.93"
"DGS20","2023-11-06","5.00"
"DGS20","2023-11-07","4.91"
"DGS20","2023-11-08","4.82"
"DGS20","2023-11-09","4.97"
"DGS20","2023-11-10","4.93"
"DGS20","2023-11-13","4.95"
"DGS20","2023-11-14","4.80"
"DGS20","2023-11-15","4.87"
"DGS20","2023-11-16","4.82"
"DGS20","2023-11-17","4.80"
"DGS20","2023-11-20","4.74"
"DGS20","2023-11-21","4.75"
"DGS20","2023-11-22","4.73"
"DGS20","2023-11-23","."
"DGS20","2023-11-24","4.79"
"DGS20","2023-11-27","4.72"
"DGS20","2023-11-28","4.70"
"DGS20","2023-11-29","4.62"
"DGS20","2023-11-30","4.72"
"DGS20","2023-12-01","4.58"
"DGS20","2023-12-04","4.61"
"DGS20","2023-12-05","4.48"
"DGS20","2023-12-06","4.40"
"DGS20","2023-12-07","4.42"
"DGS20","2023-12-08","4.49"
"DGS20","2023-12-11","4.51"
"DGS20","2023-12-12","4.48"
"DGS20","2023-12-13","4.36"
"DGS20","2023-12-14","4.21"
"DGS20","2023-12-15","4.19"
"DGS20","2023-12-18","4.23"
"DGS20","2023-12-19","4.23"
"DGS20","2023-12-20","4.17"
"DGS20","2023-12-21","4.19"
"DGS20","2023-12-22","4.21"
"DGS20","2023-12-25","."
"DGS20","2023-12-26","4.20"
"DGS20","2023-12-27","4.10"
"DGS20","2023-12-28","4.14"
"DGS20","2023-12-29","4.20"
"DGS20","2024-01-01","."
"DGS20","2024-01-02","4.25"
"DGS20","2024-01-03","4.21"
"DGS20","2024-01-04","4.30"
"DGS20","2024-01-05","4.37"
"DGS20","2024-01-08","4.33"
"DGS20","2024-01-09","4.33"
"DGS20","2024-01-10","4.35"
"DGS20","2024-01-11","4.32"
"DGS20","2024-01-12","4.32"
"DGS20","2024-01-15","."
"DGS20","2024-01-16","4.43"
"DGS20","2024-01-17","4.42"
"DGS20","2024-01-18","4.48"
"DGS20","2024-01-19","4.47"
"DGS20","2024-01-22","4.44"
"DGS20","2024-01-23","4.48"
"DGS20","2024-01-24","4.52"
"DGS20","2024-01-25","4.49"
"DGS20","2024-01-26","4.49"
"DGS20","2024-01-29","4.42"
"DGS20","2024-01-30","4.40"
"DGS20","2024-01-31","4.34"
"DGS20","2024-02-01","4.21"
"DGS20","2024-02-02","4.33"
"DGS20","2024-02-05","4.46"
"DGS20","2024-02-06","4.39"
"DGS20","2024-02-07","4.41"
"DGS20","2024-02-08","4.47"
"DGS20","2024-02-09","4.48"
"DGS20","2024-02-12","4.48"
"DGS20","2024-02-13","4.59"
"DGS20","2024-02-14","4.57"
"DGS20","2024-02-15","4.54"
"DGS20","2024-02-16","4.58"
"DGS20","2024-02-19","."
"DGS20","2024-02-20","4.56"
"DGS20","2024-02-21","4.59"
"DGS20","2024-02-22","4.58"
"DGS20","2024-02-23","4.51"
"DGS20","2024-02-26","4.53"
"DGS20","2024-02-27","4.57"
"DGS20","2024-02-28","4.53"
"DGS20","2024-02-29","4.51"
"DGS20","2024-03-01","4.46"
"DGS20","2024-03-04","4.48"
"DGS20","2024-03-05","4.39"
"DGS20","2024-03-06","4.36"
"DGS20","2024-03-07","4.35"
"DGS20","2024-03-08","4.36"
"DGS20","2024-03-11","4.36"
"DGS20","2024-03-12","4.42"
"DGS20","2024-03-13","4.45"
"DGS20","2024-03-14","4.54"
"DGS20","2024-03-15","4.55"
"DGS20","2024-03-18","4.57"
"DGS20","2024-03-19","4.54"
"DGS20","2024-03-20","4.53"
"DGS20","2024-03-21","4.53"
"DGS20","2024-03-22","4.47"
"DGS20","2024-03-25","4.51"
"DGS20","2024-03-26","4.49"
"DGS20","2024-03-27","4.45"
"DGS20","2024-03-28","4.45"
"DGS20","2024-03-29","."
"DGS20","2024-04-01","4.58"
"DGS20","2024-04-02","4.61"
"DGS20","2024-04-03","4.61"
"DGS20","2024-04-04","4.57"
"DGS20","2024-04-05","4.65"
"DGS20","2024-04-08","4.65"
"DGS20","2024-04-09","4.6"
"DGS20","2024-04-10","4.76"
"DGS20","2024-04-11","4.77"
"DGS20","2024-04-12","4.73"
"DGS20","2024-04-15","4.85"
"DGS20","2024-04-16","4.88"
"DGS20","2024-04-17","4.81"
"DGS20","2024-04-18","4.85"
"DGS20","2024-04-19","4.83"
"DGS20","2024-04-22","4.84"
"DGS20","2024-04-23","4.84"
"DGS20","2024-04-24","4.88"
"DGS20","2024-04-25","4.93"
"DGS20","2024-04-26","4.89"
"DGS20","2024-04-29","4.86"
"DGS20","2024-04-30","4.9"
"DGS20","2024-05-01","4.85"
"DGS20","2024-05-02","4.82"
"DGS20","2024-05-03","4.75"
"DGS20","2024-05-06","4.73"
"DGS20","2024-05-07","4.7"
"DGS20","2024-05-08","4.73"
"DGS20","2024-05-09","4.7"
"DGS20","2024-05-10","4.74"
"DGS20","2024-05-13","4.72"
"DGS20","2024-05-14","4.69"
"DGS20","2024-05-15","4.61"
"DGS20","2024-05-16","4.62"
"DGS20","2024-05-17","4.66"
"DGS20","2024-05-20","4.68"
"DGS20","2024-05-21","4.65"
"DGS20","2024-05-22","4.63"
"DGS20","2024-05-23","4.67"
"DGS20","2024-05-24","4.65"
"DGS20","2024-05-27","."
"DGS20","2024-05-28","4.74"
"DGS20","2024-05-29","4.82"
"DGS20","2024-05-30","4.76"
"DGS20","2024-05-31","4.73"
"DGS20","2024-06-03","4.63"
"DGS20","2024-06-04","4.56"
"DGS20","2024-06-05","4.52"
"DGS20","2024-06-06","4.51"
"DGS20","2024-06-07","4.64"
"DGS20","2024-06-10","4.68"
"DGS20","2024-06-11","4.62"
"DGS20","2024-06-12","4.56"
"DGS20","2024-06-13","4.5"
"DGS20","2024-06-14","4.46"
"DGS20","2024-06-17","4.52"
"DGS20","2024-06-18","4.47"
"DGS20","2024-06-19","."
"DGS20","2024-06-20","4.49"
"DGS20","2024-06-21","4.49"
"DGS20","2024-06-24","4.48"
"DGS20","2024-06-25","4.46"
"DGS20","2024-06-26","4.55"
"DGS20","2024-06-27","4.53"
"DGS20","2024-06-28","4.61"
"DGS20","2024-07-01","4.76"
"DGS20","2024-07-02","4.71"
"DGS20","2024-07-03","4.64"
"DGS20","2024-07-04","."
"DGS20","2024-07-05","4.57"
"DGS20","2024-07-08","4.57"
"DGS20","2024-07-09","4.59"
"DGS20","2024-07-10","4.58"
"DGS20","2024-07-11","4.51"
"DGS20","2024-07-12","4.5"
"DGS20","2024-07-15","4.56"
"DGS20","2024-07-16","4.48"
"DGS20","2024-07-17","4.46"
"DGS20","2024-07-18","4.51"
"DGS20","2024-07-19","4.55"
"DGS20","2024-07-22","4.57"
"DGS20","2024-07-23","4.56"
"DGS20","2024-07-24","4.62"
"DGS20","2024-07-25","4.59"
"DGS20","2024-07-26","4.53"
"DGS20","2024-07-29","4.51"
"DGS20","2024-07-30","4.5"
"DGS20","2024-07-31","4.44"
"DGS20","2024-08-01","4.35"
"DGS20","2024-08-02","4.19"
"DGS20","2024-08-05","4.16"
"DGS20","2024-08-06","4.28"
"DGS20","2024-08-07","4.35"
"DGS20","2024-08-08","4.38"
"DGS20","2024-08-09","4.33"
"DGS20","2024-08-12","4.3"
"DGS20","2024-08-13","4.25"
"DGS20","2024-08-14","4.22"
"DGS20","2024-08-15","4.28"
"DGS20","2024-08-16","4.26"
"DGS20","2024-08-19","4.23"
"DGS20","2024-08-20","4.19"
"DGS20","2024-08-21","4.15"
"DGS20","2024-08-22","4.21"
"DGS20","2024-08-23","4.18"
"DGS20","2024-08-26","4.19"
"DGS20","2024-08-27","4.21"
"DGS20","2024-08-28","4.22"
"DGS20","2024-08-29","4.24"
"DGS20","2024-08-30","4.28"
"DGS20","2024-09-02","."
"DGS20","2024-09-03","4.21"
"DGS20","2024-09-04","4.14"
"DGS20","2024-09-05","4.11"
"DGS20","2024-09-06","4.1"
"DGS20","2024-09-09","4.08"
"DGS20","2024-09-10","4.04"
"DGS20","2024-09-11","4.03"
"DGS20","2024-09-12","4.07"
"DGS20","2024-09-13","4.05"
"DGS20","2024-09-16","4.01"
"DGS20","2024-09-17","4.02"
"DGS20","2024-09-18","4.08"
"DGS20","2024-09-19","4.11"
"DGS20","2024-09-20","4.1"
"DGS20","2024-09-23","4.12"
"DGS20","2024-09-24","4.13"
"DGS20","2024-09-25","4.18"
"DGS20","2024-09-26","4.17"
"DGS20","2024-09-27","4.15"
"DGS20","2024-09-30","4.19"
"DGS20","2024-10-01","4.14"
"DGS20","2024-10-02","4.19"
"DGS20","2024-10-03","4.24"
"DGS20","2024-10-04","4.33"
"DGS20","2024-10-07","4.37"
"DGS20","2024-10-08","4.38"
"DGS20","2024-10-09","4.41"
"DGS20","2024-10-10","4.44"
"DGS20","2024-10-11","4.44"
"DGS20","2024-10-14","."
"DGS20","2024-10-15","4.37"
"DGS20","2024-10-16","4.36"
"DGS20","2024-10-17","4.44"
"DGS20","2024-10-18","4.44"
"DGS20","2024-10-21","4.54"
"DGS20","2024-10-22","4.55"
"DGS20","2024-10-23","4.58"
"DGS20","2024-10-24","4.54"
"DGS20","2024-10-25","4.58"
"DGS20","2024-10-28","4.61"
"DGS20","2024-10-29","4.61"
"DGS20","2024-10-30","4.6"
"DGS20","2024-10-31","4.58"
"DGS20","2024-11-01","4.68"
"DGS20","2024-11-04","4.6"
"DGS20","2024-11-05","4.55"
"DGS20","2024-11-06","4.71"
"DGS20","2024-11-07","4.62"
"DGS20","2024-11-08","4.58"
"DGS20","2024-11-11","."
"DGS20","2024-11-12","4.7"
"DGS20","2024-11-13","4.73"
"DGS20","2024-11-14","4.69"
"DGS20","2024-11-15","4.7"
"DGS20","2024-11-18","4.7"
"DGS20","2024-11-19","4.66"
"DGS20","2024-11-20","4.66"
"DGS20","2024-11-21","4.68"
"DGS20","2024-11-22","4.67"
"DGS20","2024-11-25","4.53"
"DGS20","2024-11-26","4.56"
"DGS20","2024-11-27","4.52"
"DGS20","2024-11-28","."
"DGS20","2024-11-29","4.45"
"DGS20","2024-12-02","4.46"
"DGS20","2024-12-03","4.5"
"DGS20","2024-12-04","4.45"
"DGS20","2024-12-05","4.43"
"DGS20","2024-12-06","4.42"
"DGS20","2024-12-09","4.47"
"DGS20","2024-12-10","4.49"
"DGS20","2024-12-11","4.55"
"DGS20","2024-12-12","4.62"
"DGS20","2024-12-13","4.69"
"DGS20","2024-12-16","4.68"
"DGS20","2024-12-17","4.68"
"DGS20","2024-12-18","4.74"
"DGS20","2024-12-19","4.82"
"DGS20","2024-12-20","4.79"
"DGS20","2024-12-23","4.85"
"DGS20","2024-12-24","4.84"
"DGS20","2024-12-25","."
"DGS20","2024-12-26","4.83"
"DGS20","2024-12-27","4.89"
"DGS20","2024-12-30","4.84"
"DGS20","2024-12-31","4.86"
"DGS20","2025-01-01","."
"DGS20","2025-01-02","4.86"
"DGS20","2025-01-03","4.88"
"DGS20","2025-01-06","4.91"
"DGS20","2025-01-07","4.97"
"DGS20","2025-01-08","4.97"
"DGS20","2025-01-09","4.98"
"DGS20","2025-01-10","5.04"
"DGS20","2025-01-13","5.05"
"DGS20","2025-01-14","5.06"
"DGS20","2025-01-15","4.95"
"DGS20","2025-01-16","4.91"
"DGS20","2025-01-17","4.91"
"DGS20","2025-01-20","."
"DGS20","2025-01-21","4.87"
"DGS20","2025-01-22","4.89"
"DGS20","2025-01-23","4.92"
"DGS20","2025-01-24","4.91"
"DGS20","2025-01-27","4.82"
"DGS20","2025-01-28","4.84"
"DGS20","2025-01-29","4.85"
"DGS20","2025-01-30","4.81"
"DGS20","2025-01-31","4.88"
"DGS20","2025-02-03","4.82"
"DGS20","2025-02-04","4.81"
"DGS20","2025-02-05","4.69"
"DGS20","2025-02-06","4.7"
"DGS20","2025-02-07","4.75"
"DGS20","2025-02-10","4.76"
"DGS20","2025-02-11","4.8"
"DGS20","2025-02-12","4.9"
"DGS20","2025-02-13","4.79"
"DGS20","2025-02-14","4.75"
"DGS20","2025-02-17","."
"DGS20","2025-02-18","4.83"
"DGS20","2025-02-19","4.79"
"DGS20","2025-02-20","4.77"
"DGS20","2025-02-21","4.69"
"DGS20","2025-02-24","4.69"
"DGS20","2025-02-25","4.59"
"DGS20","2025-02-26","4.55"
"DGS20","2025-02-27","4.59"
"DGS20","2025-02-28","4.55"
"DGS20","2025-03-03","4.49"
"DGS20","2025-03-04","4.56"
"DGS20","2025-03-05","4.61"
"DGS20","2025-03-06","4.63"
"DGS20","2025-03-07","4.66"
"DGS20","2025-03-10","4.58"
"DGS20","2025-03-11","4.63"
"DGS20","2025-03-12","4.67"
"DGS20","2025-03-13","4.63"
"DGS20","2025-03-14","4.65"
"DGS20","2025-03-17","4.64"
"DGS20","2025-03-18","4.61"
"DGS20","2025-03-19","4.58"
"DGS20","2025-03-20","4.57"
"DGS20","2025-03-21","4.6"
"DGS20","2025-03-24","4.68"
"DGS20","2025-03-25","4.67"
"DGS20","2025-03-26","4.71"
"DGS20","2025-03-27","4.75"
"DGS20","2025-03-28","4.65"
"DGS20","2025-03-31","4.62"
"DGS20","2025-04-01","4.56"
"DGS20","2025-04-02","4.58"
"DGS20","2025-04-03","4.51"
"DGS20","2025-04-04","4.44"
"DGS20","2025-04-07","4.61"
"DGS20","2025-04-08","4.76"
"DGS20","2025-04-09","4.78"
"DGS20","2025-04-10","4.9"
"DGS20","2025-04-11","4.91"
"DGS20","2025-04-14","4.84"
"DGS20","2025-04-15","4.82"
"DGS20","2025-04-16","4.77"
"DGS20","2025-04-17","4.82"
"DGS20","2025-04-18","."
"DGS20","2025-04-21","4.94"
"DGS20","2025-04-22","4.9"
"DGS20","2025-04-23","4.86"
"DGS20","2025-04-24","4.79"
"DGS20","2025-04-25","4.75"
"DGS20","2025-04-28","4.71"
"DGS20","2025-04-29","4.66"
"DGS20","2025-04-30","4.68"
"DGS20","2025-05-01","4.75"
"DGS20","2025-05-02","4.81"
"DGS20","2025-05-05","4.84"
"DGS20","2025-05-06","4.82"
"DGS20","2025-05-07","4.78"
"DGS20","2025-05-08","4.86"
"DGS20","2025-05-09","4.86"
"DGS20","2025-05-12","4.92"
"DGS20","2025-05-13","4.97"
"DGS20","2025-05-14","5.0"
"DGS20","2025-05-15","4.93"
"DGS20","2025-05-16","4.92"
"DGS20","2025-05-19","4.95"
"DGS20","2025-05-20","4.99"
"DGS20","2025-05-21","5.08"
"DGS20","2025-05-22","5.05"
"DGS20","2025-05-23","5.03"
"DGS20","2025-05-26","."
"DGS20","2025-05-27","4.95"
"DGS20","2025-05-28","4.99"
"DGS20","2025-05-29","4.94"
"DGS20","2025-05-30","4.93"
"DGS20","2025-06-02","5.0"
"DGS20","2025-06-03","5.0"
"DGS20","2025-06-04","4.9"
"DGS20","2025-06-05","4.9"
"DGS20","2025-06-06","4.99"
"DGS20","2025-06-09","4.98"
"DGS20","2025-06-10","4.96"
"DGS20","2025-06-11","4.93"
"DGS20","2025-06-12","4.86"
"DGS20","2025-06-13","4.93"
"DGS20","2025-06-16","4.97"
"DGS20","2025-06-17","4.89"
"DGS20","2025-06-18","4.89"
"DGS20","2025-06-19","."
"DGS20","2025-06-20","4.9"
"DGS20","2025-06-23","4.87"
"DGS20","2025-06-24","4.83"
"DGS20","2025-06-25","4.83"
"DGS20","2025-06-26","4.81"
"DGS20","2025-06-27","4.85"
"DGS20","2025-06-30","4.79"
"DGS20","2025-07-01","4.79"
"DGS20","2025-07-02","4.84"
"DGS20","2025-07-03","4.87"
"DGS20","2025-07-04","."
"DGS20","2025-07-07","4.93"
"DGS20","2025-07-08","4.95"
"DGS20","2025-07-09","4.87"
"DGS20","2025-07-10","4.87"
"DGS20","2025-07-11","4.96"
"DGS20","2025-07-14","4.97"
"DGS20","2025-07-15","5.02"
"DGS20","2025-07-16","5.01"
"DGS20","2025-07-17","5.01"
"DGS20","2025-07-18","4.99"
"DGS20","2025-07-21","4.93"
"DGS20","2025-07-22","4.9"
"DGS20","2025-07-23","4.93"
"DGS20","2025-07-24","4.95"
"DGS20","2025-07-25","4.92"
"DGS20","2025-07-28","4.95"
"DGS20","2025-07-29","4.86"
"DGS20","2025-07-30","4.9"
"DGS20","2025-07-31","4.89"
"DGS20","2025-08-01","4.79"
"DGS20","2025-08-04","4.78"
"DGS20","2025-08-05","4.77"
"DGS20","2025-08-06","4.8"
"DGS20","2025-08-07","4.81"
"DGS20","2025-08-08","4.84"
"DGS20","2025-08-11","4.83"
"DGS20","2025-08-12","4.87"
"DGS20","2025-08-13","4.81"
"DGS20","2025-08-14","4.86"
"DGS20","2025-08-15","4.91"
"DGS20","2025-08-18","4.92"
"DGS20","2025-08-19","4.89"
"DGS20","2025-08-20","4.86"
"DGS20","2025-08-21","4.89"
"DGS20","2025-08-22","4.84"
"DGS20","2025-08-25","4.86"
"DGS20","2025-08-26","4.86"
"DGS20","2025-08-27","4.87"
"DGS20","2025-08-28","4.83"
"DGS20","2025-08-29","4.86"
"DGS20","2025-09-01","."
"DGS20","2025-09-02","4.92"
"DGS20","2025-09-03","4.85"
"DGS20","2025-09-04","4.81"
"DGS20","2025-09-05","4.72"
"DGS20","2025-09-08","4.65"
"DGS20","2025-09-09","4.68"
"DGS20","2025-09-10","4.65"
"DGS20","2025-09-11","4.61"
"DGS20","2025-09-12","4.65"
"DGS20","2025-09-15","4.63"
"DGS20","2025-09-16","4.61"
"DGS20","2025-09-17","4.62"
"DGS20","2025-09-18","4.68"
"DGS20","2025-09-19","4.71"
"DGS20","2025-09-22","4.73"
"DGS20","2025-09-23","4.7"
"DGS20","2025-09-24","4.73"
"DGS20","2025-09-25","4.73"
"DGS20","2025-09-26","4.74"
"DGS20","2025-09-29","4.69"
"DGS20","2025-09-30","4.71"
"DGS20","2025-10-01","4.69"
"DGS20","2025-10-02","4.66"
"DGS20","2025-10-03","4.69"
"DGS20","2025-10-06","4.73"
"DGS20","2025-10-07","4.7"
"DGS20","2025-10-08","4.69"
"DGS20","2025-10-09","4.7"
"DGS20","2025-10-10","4.6"
"DGS20","2025-10-13","."
"DGS20","2025-10-14","4.59"
"DGS20","2025-10-15","4.61"
"DGS20","2025-10-16","4.56"
"DGS20","2025-10-17","4.58"
"DGS20","2025-10-20","4.56"
"DGS20","2025-10-21","4.53"
"DGS20","2025-10-22","4.52"
"DGS20","2025-10-23","4.55"
"DGS20","2025-10-24","4.56"
"DGS20","2025-10-27","4.55"
"DGS20","2025-10-28","4.53"
"DGS20","2025-10-29","4.59"
"DGS20","2025-10-30","4.64"
"DGS20","2025-10-31","4.65"
"DGS20","2025-11-03","4.67"
"DGS20","2025-11-04","4.65"
"DGS20","2025-11-05","4.72"
"DGS20","2025-11-06","4.67"
"DGS20","2025-11-07","4.68"
"DGS20","2025-11-10","4.69"
"DGS20","2025-11-11","."
"DGS20","2025-11-12","4.65"
"DGS20","2025-11-13","4.69"
"DGS20","2025-11-14","4.73"
"DGS20","2025-11-17","4.71"
"DGS20","2025-11-18","4.72"
"DGS20","2025-11-19","4.71"
"DGS20","2025-11-20","4.68"
"DGS20","2025-11-21","4.67"
"DGS20","2025-11-24","4.64"
"DGS20","2025-11-25","4.62"
"DGS20","2025-11-26","4.6"
"DGS20","2025-11-27","."
"DGS20","2025-11-28","4.62"
"DGS20","2025-12-01","4.71"
"DGS20","2025-12-02","4.7"
"DGS20","2025-12-03","4.68"
"DGS20","2025-12-04","4.72"
"DGS20","2025-12-05","4.75"
"DGS20","2025-12-08","4.78"
"DGS20","2025-12-09","4.77"
"DGS20","2025-12-10","4.74"
"DGS20","2025-12-11","4.75"
"DGS20","2025-12-12","4.82"
"DGS20","2025-12-15","4.8"
"DGS20","2025-12-16","4.77"
"DGS20","2025-12-17","4.78"
"DGS20","2025-12-18","4.74"
"DGS20","2025-12-19","4.77"
"DGS20","2025-12-22","4.78"
"DGS20","2025-12-23","4.78"
"DGS20","2025-12-24","4.75"
"DGS20","2025-12-25","."
"DGS20","2025-12-26","4.76"
"DGS20","2025-12-29","4.75"
"DGS20","2025-12-30","4.76"
"DGS20","2025-12-31","4.79"
"DGS30","2018-01-01","."
"DGS30","2018-01-02","2.81"
"DGS30","2018-01-03","2.78"
"DGS30","2018-01-04","2.79"
"DGS30","2018-01-05","2.81"
"DGS30","2018-01-08","2.81"
"DGS30","2018-01-09","2.88"
"DGS30","2018-01-10","2.88"
"DGS30","2018-01-11","2.91"
"DGS30","2018-01-12","2.85"
"DGS30","2018-01-15","."
"DGS30","2018-01-16","2.83"
"DGS30","2018-01-17","2.84"
"DGS30","2018-01-18","2.90"
"DGS30","2018-01-19","2.91"
"DGS30","2018-01-22","2.93"
"DGS30","2018-01-23","2.90"
"DGS30","2018-01-24","2.93"
"DGS30","2018-01-25","2.89"
"DGS30","2018-01-26","2.91"
"DGS30","2018-01-29","2.94"
"DGS30","2018-01-30","2.98"
"DGS30","2018-01-31","2.95"
"DGS30","2018-02-01","3.01"
"DGS30","2018-02-02","3.08"
"DGS30","2018-02-05","3.04"
"DGS30","2018-02-06","3.06"
"DGS30","2018-02-07","3.12"
"DGS30","2018-02-08","3.14"
"DGS30","2018-02-09","3.14"
"DGS30","2018-02-12","3.14"
"DGS30","2018-02-13","3.11"
"DGS30","2018-02-14","3.18"
"DGS30","2018-02-15","3.15"
"DGS30","2018-02-16","3.13"
"DGS30","2018-02-19","."
"DGS30","2018-02-20","3.15"
"DGS30","2018-02-21","3.22"
"DGS30","2018-02-22","3.21"
"DGS30","2018-02-23","3.16"
"DGS30","2018-02-26","3.15"
"DGS30","2018-02-27","3.17"
"DGS30","2018-02-28","3.13"
"DGS30","2018-03-01","3.09"
"DGS30","2018-03-02","3.14"
"DGS30","2018-03-05","3.16"
"DGS30","2018-03-06","3.14"
"DGS30","2018-03-07","3.15"
"DGS30","2018-03-08","3.13"
"DGS30","2018-03-09","3.16"
"DGS30","2018-03-12","3.13"
"DGS30","2018-03-13","3.10"
"DGS30","2018-03-14","3.05"
"DGS30","2018-03-15","3.05"
"DGS30","2018-03-16","3.08"
"DGS30","2018-03-19","3.09"
"DGS30","2018-03-20","3.12"
"DGS30","2018-03-21","3.12"
"DGS30","2018-03-22","3.06"
"DGS30","2018-03-23","3.06"
"DGS30","2018-03-26","3.08"
"DGS30","2018-03-27","3.03"
"DGS30","2018-03-28","3.01"
"DGS30","2018-03-29","2.97"
"DGS30","2018-03-30","."
"DGS30","2018-04-02","2.97"
"DGS30","2018-04-03","3.02"
"DGS30","2018-04-04","3.03"
"DGS30","2018-04-05","3.07"
"DGS30","2018-04-06","3.01"
"DGS30","2018-04-09","3.02"
"DGS30","2018-04-10","3.02"
"DGS30","2018-04-11","2.99"
"DGS30","2018-04-12","3.05"
"DGS30","2018-04-13","3.03"
"DGS30","2018-04-16","3.03"
"DGS30","2018-04-17","3.00"
"DGS30","2018-04-18","3.06"
"DGS30","2018-04-19","3.11"
"DGS30","2018-04-20","3.14"
"DGS30","2018-04-23","3.15"
"DGS30","2018-04-24","3.18"
"DGS30","2018-04-25","3.21"
"DGS30","2018-04-26","3.18"
"DGS30","2018-04-27","3.13"
"DGS30","2018-04-30","3.11"
"DGS30","2018-05-01","3.13"
"DGS30","2018-05-02","3.14"
"DGS30","2018-05-03","3.12"
"DGS30","2018-05-04","3.12"
"DGS30","2018-05-07","3.12"
"DGS30","2018-05-08","3.13"
"DGS30","2018-05-09","3.16"
"DGS30","2018-05-10","3.12"
"DGS30","2018-05-11","3.10"
"DGS30","2018-05-14","3.13"
"DGS30","2018-05-15","3.20"
"DGS30","2018-05-16","3.21"
"DGS30","2018-05-17","3.25"
"DGS30","2018-05-18","3.20"
"DGS30","2018-05-21","3.20"
"DGS30","2018-05-22","3.21"
"DGS30","2018-05-23","3.17"
"DGS30","2018-05-24","3.13"
"DGS30","2018-05-25","3.09"
"DGS30","2018-05-28","."
"DGS30","2018-05-29","2.96"
"DGS30","2018-05-30","3.01"
"DGS30","2018-05-31","3.00"
"DGS30","2018-06-01","3.04"
"DGS30","2018-06-04","3.08"
"DGS30","2018-06-05","3.07"
"DGS30","2018-06-06","3.13"
"DGS30","2018-06-07","3.08"
"DGS30","2018-06-08","3.08"
"DGS30","2018-06-11","3.10"
"DGS30","2018-06-12","3.09"
"DGS30","2018-06-13","3.10"
"DGS30","2018-06-14","3.05"
"DGS30","2018-06-15","3.05"
"DGS30","2018-06-18","3.05"
"DGS30","2018-06-19","3.02"
"DGS30","2018-06-20","3.06"
"DGS30","2018-06-21","3.04"
"DGS30","2018-06-22","3.04"
"DGS30","2018-06-25","3.02"
"DGS30","2018-06-26","3.03"
"DGS30","2018-06-27","2.97"
"DGS30","2018-06-28","2.97"
"DGS30","2018-06-29","2.98"
"DGS30","2018-07-02","2.99"
"DGS30","2018-07-03","2.96"
"DGS30","2018-07-04","."
"DGS30","2018-07-05","2.95"
"DGS30","2018-07-06","2.94"
"DGS30","2018-07-09","2.96"
"DGS30","2018-07-10","2.97"
"DGS30","2018-07-11","2.95"
"DGS30","2018-07-12","2.95"
"DGS30","2018-07-13","2.94"
"DGS30","2018-07-16","2.96"
"DGS30","2018-07-17","2.97"
"DGS30","2018-07-18","2.99"
"DGS30","2018-07-19","2.96"
"DGS30","2018-07-20","3.03"
"DGS30","2018-07-23","3.10"
"DGS30","2018-07-24","3.08"
"DGS30","2018-07-25","3.06"
"DGS30","2018-07-26","3.10"
"DGS30","2018-07-27","3.09"
"DGS30","2018-07-30","3.11"
"DGS30","2018-07-31","3.08"
"DGS30","2018-08-01","3.13"
"DGS30","2018-08-02","3.12"
"DGS30","2018-08-03","3.09"
"DGS30","2018-08-06","3.08"
"DGS30","2018-08-07","3.12"
"DGS30","2018-08-08","3.12"
"DGS30","2018-08-09","3.08"
"DGS30","2018-08-10","3.03"
"DGS30","2018-08-13","3.05"
"DGS30","2018-08-14","3.06"
"DGS30","2018-08-15","3.03"
"DGS30","2018-08-16","3.03"
"DGS30","2018-08-17","3.03"
"DGS30","2018-08-20","2.99"
"DGS30","2018-08-21","3.00"
"DGS30","2018-08-22","2.99"
"DGS30","2018-08-23","2.97"
"DGS30","2018-08-24","2.97"
"DGS30","2018-08-27","3.00"
"DGS30","2018-08-28","3.03"
"DGS30","2018-08-29","3.02"
"DGS30","2018-08-30","3.00"
"DGS30","2018-08-31","3.02"
"DGS30","2018-09-03","."
"DGS30","2018-09-04","3.07"
"DGS30","2018-09-05","3.08"
"DGS30","2018-09-06","3.06"
"DGS30","2018-09-07","3.11"
"DGS30","2018-09-10","3.09"
"DGS30","2018-09-11","3.13"
"DGS30","2018-09-12","3.11"
"DGS30","2018-09-13","3.11"
"DGS30","2018-09-14","3.13"
"DGS30","2018-09-17","3.13"
"DGS30","2018-09-18","3.20"
"DGS30","2018-09-19","3.23"
"DGS30","2018-09-20","3.21"
"DGS30","2018-09-21","3.20"
"DGS30","2018-09-24","3.21"
"DGS30","2018-09-25","3.23"
"DGS30","2018-09-26","3.19"
"DGS30","2018-09-27","3.19"
"DGS30","2018-09-28","3.19"
"DGS30","2018-10-01","3.24"
"DGS30","2018-10-02","3.20"
"DGS30","2018-10-03","3.30"
"DGS30","2018-10-04","3.35"
"DGS30","2018-10-05","3.40"
"DGS30","2018-10-08","."
"DGS30","2018-10-09","3.37"
"DGS30","2018-10-10","3.39"
"DGS30","2018-10-11","3.32"
"DGS30","2018-10-12","3.32"
"DGS30","2018-10-15","3.34"
"DGS30","2018-10-16","3.32"
"DGS30","2018-10-17","3.35"
"DGS30","2018-10-18","3.36"
"DGS30","2018-10-19","3.38"
"DGS30","2018-10-22","3.38"
"DGS30","2018-10-23","3.37"
"DGS30","2018-10-24","3.33"
"DGS30","2018-10-25","3.35"
"DGS30","2018-10-26","3.32"
"DGS30","2018-10-29","3.33"
"DGS30","2018-10-30","3.36"
"DGS30","2018-10-31","3.39"
"DGS30","2018-11-01","3.38"
"DGS30","2018-11-02","3.46"
"DGS30","2018-11-05","3.43"
"DGS30","2018-11-06","3.43"
"DGS30","2018-11-07","3.43"
"DGS30","2018-11-08","3.43"
"DGS30","2018-11-09","3.40"
"DGS30","2018-11-12","."
"DGS30","2018-11-13","3.36"
"DGS30","2018-11-14","3.35"
"DGS30","2018-11-15","3.36"
"DGS30","2018-11-16","3.33"
"DGS30","2018-11-19","3.32"
"DGS30","2018-11-20","3.31"
"DGS30","2018-11-21","3.31"
"DGS30","2018-11-22","."
"DGS30","2018-11-23","3.31"
"DGS30","2018-11-26","3.32"
"DGS30","2018-11-27","3.32"
"DGS30","2018-11-28","3.34"
"DGS30","2018-11-29","3.33"
"DGS30","2018-11-30","3.30"
"DGS30","2018-12-03","3.27"
"DGS30","2018-12-04","3.16"
"DGS30","2018-12-05","."
"DGS30","2018-12-06","3.14"
"DGS30","2018-12-07","3.14"
"DGS30","2018-12-10","3.13"
"DGS30","2018-12-11","3.13"
"DGS30","2018-12-12","3.15"
"DGS30","2018-12-13","3.16"
"DGS30","2018-12-14","3.14"
"DGS30","2018-12-17","3.11"
"DGS30","2018-12-18","3.07"
"DGS30","2018-12-19","3.00"
"DGS30","2018-12-20","3.02"
"DGS30","2018-12-21","3.03"
"DGS30","2018-12-24","3.00"
"DGS30","2018-12-25","."
"DGS30","2018-12-26","3.06"
"DGS30","2018-12-27","3.05"
"DGS30","2018-12-28","3.04"
"DGS30","2018-12-31","3.02"
"DGS30","2019-01-01","."
"DGS30","2019-01-02","2.97"
"DGS30","2019-01-03","2.92"
"DGS30","2019-01-04","2.98"
"DGS30","2019-01-07","2.99"
"DGS30","2019-01-08","3.00"
"DGS30","2019-01-09","3.03"
"DGS30","2019-01-10","3.06"
"DGS30","2019-01-11","3.04"
"DGS30","2019-01-14","3.06"
"DGS30","2019-01-15","3.08"
"DGS30","2019-01-16","3.07"
"DGS30","2019-01-17","3.07"
"DGS30","2019-01-18","3.09"
"DGS30","2019-01-21","."
"DGS30","2019-01-22","3.06"
"DGS30","2019-01-23","3.07"
"DGS30","2019-01-24","3.04"
"DGS30","2019-01-25","3.06"
"DGS30","2019-01-28","3.06"
"DGS30","2019-01-29","3.04"
"DGS30","2019-01-30","3.06"
"DGS30","2019-01-31","2.99"
"DGS30","2019-02-01","3.03"
"DGS30","2019-02-04","3.06"
"DGS30","2019-02-05","3.03"
"DGS30","2019-02-06","3.03"
"DGS30","2019-02-07","3.00"
"DGS30","2019-02-08","2.97"
"DGS30","2019-02-11","3.00"
"DGS30","2019-02-12","3.02"
"DGS30","2019-02-13","3.04"
"DGS30","2019-02-14","3.01"
"DGS30","2019-02-15","3.00"
"DGS30","2019-02-18","."
"DGS30","2019-02-19","2.99"
"DGS30","2019-02-20","3.00"
"DGS30","2019-02-21","3.05"
"DGS30","2019-02-22","3.02"
"DGS30","2019-02-25","3.03"
"DGS30","2019-02-26","3.01"
"DGS30","2019-02-27","3.07"
"DGS30","2019-02-28","3.09"
"DGS30","2019-03-01","3.13"
"DGS30","2019-03-04","3.09"
"DGS30","2019-03-05","3.08"
"DGS30","2019-03-06","3.06"
"DGS30","2019-03-07","3.03"
"DGS30","2019-03-08","3.00"
"DGS30","2019-03-11","3.03"
"DGS30","2019-03-12","3.00"
"DGS30","2019-03-13","3.02"
"DGS30","2019-03-14","3.04"
"DGS30","2019-03-15","3.02"
"DGS30","2019-03-18","3.01"
"DGS30","2019-03-19","3.02"
"DGS30","2019-03-20","2.98"
"DGS30","2019-03-21","2.96"
"DGS30","2019-03-22","2.88"
"DGS30","2019-03-25","2.87"
"DGS30","2019-03-26","2.86"
"DGS30","2019-03-27","2.83"
"DGS30","2019-03-28","2.81"
"DGS30","2019-03-29","2.81"
"DGS30","2019-04-01","2.89"
"DGS30","2019-04-02","2.88"
"DGS30","2019-04-03","2.93"
"DGS30","2019-04-04","2.92"
"DGS30","2019-04-05","2.91"
"DGS30","2019-04-08","2.93"
"DGS30","2019-04-09","2.92"
"DGS30","2019-04-10","2.90"
"DGS30","2019-04-11","2.94"
"DGS30","2019-04-12","2.97"
"DGS30","2019-04-15","2.96"
"DGS30","2019-04-16","2.99"
"DGS30","2019-04-17","2.99"
"DGS30","2019-04-18","2.96"
"DGS30","2019-04-19","."
"DGS30","2019-04-22","2.99"
"DGS30","2019-04-23","2.98"
"DGS30","2019-04-24","2.94"
"DGS30","2019-04-25","2.94"
"DGS30","2019-04-26","2.92"
"DGS30","2019-04-29","2.96"
"DGS30","2019-04-30","2.93"
"DGS30","2019-05-01","2.92"
"DGS30","2019-05-02","2.94"
"DGS30","2019-05-03","2.93"
"DGS30","2019-05-06","2.91"
"DGS30","2019-05-07","2.86"
"DGS30","2019-05-08","2.89"
"DGS30","2019-05-09","2.87"
"DGS30","2019-05-10","2.89"
"DGS30","2019-05-13","2.83"
"DGS30","2019-05-14","2.86"
"DGS30","2019-05-15","2.82"
"DGS30","2019-05-16","2.84"
"DGS30","2019-05-17","2.82"
"DGS30","2019-05-20","2.83"
"DGS30","2019-05-21","2.84"
"DGS30","2019-05-22","2.82"
"DGS30","2019-05-23","2.75"
"DGS30","2019-05-24","2.75"
"DGS30","2019-05-27","."
"DGS30","2019-05-28","2.70"
"DGS30","2019-05-29","2.69"
"DGS30","2019-05-30","2.65"
"DGS30","2019-05-31","2.58"
"DGS30","2019-06-03","2.53"
"DGS30","2019-06-04","2.60"
"DGS30","2019-06-05","2.63"
"DGS30","2019-06-06","2.62"
"DGS30","2019-06-07","2.57"
"DGS30","2019-06-10","2.62"
"DGS30","2019-06-11","2.62"
"DGS30","2019-06-12","2.62"
"DGS30","2019-06-13","2.61"
"DGS30","2019-06-14","2.59"
"DGS30","2019-06-17","2.58"
"DGS30","2019-06-18","2.55"
"DGS30","2019-06-19","2.54"
"DGS30","2019-06-20","2.53"
"DGS30","2019-06-21","2.59"
"DGS30","2019-06-24","2.55"
"DGS30","2019-06-25","2.53"
"DGS30","2019-06-26","2.57"
"DGS30","2019-06-27","2.52"
"DGS30","2019-06-28","2.52"
"DGS30","2019-07-01","2.55"
"DGS30","2019-07-02","2.51"
"DGS30","2019-07-03","2.47"
"DGS30","2019-07-04","."
"DGS30","2019-07-05","2.54"
"DGS30","2019-07-08","2.53"
"DGS30","2019-07-09","2.54"
"DGS30","2019-07-10","2.57"
"DGS30","2019-07-11","2.65"
"DGS30","2019-07-12","2.64"
"DGS30","2019-07-15","2.61"
"DGS30","2019-07-16","2.63"
"DGS30","2019-07-17","2.57"
"DGS30","2019-07-18","2.56"
"DGS30","2019-07-19","2.57"
"DGS30","2019-07-22","2.58"
"DGS30","2019-07-23","2.61"
"DGS30","2019-07-24","2.58"
"DGS30","2019-07-25","2.60"
"DGS30","2019-07-26","2.59"
"DGS30","2019-07-29","2.59"
"DGS30","2019-07-30","2.58"
"DGS30","2019-07-31","2.53"
"DGS30","2019-08-01","2.44"
"DGS30","2019-08-02","2.39"
"DGS30","2019-08-05","2.30"
"DGS30","2019-08-06","2.25"
"DGS30","2019-08-07","2.22"
"DGS30","2019-08-08","2.25"
"DGS30","2019-08-09","2.26"
"DGS30","2019-08-12","2.14"
"DGS30","2019-08-13","2.15"
"DGS30","2019-08-14","2.03"
"DGS30","2019-08-15","1.98"
"DGS30","2019-08-16","2.01"
"DGS30","2019-08-19","2.08"
"DGS30","2019-08-20","2.04"
"DGS30","2019-08-21","2.07"
"DGS30","2019-08-22","2.11"
"DGS30","2019-08-23","2.02"
"DGS30","2019-08-26","2.04"
"DGS30","2019-08-27","1.97"
"DGS30","2019-08-28","1.94"
"DGS30","2019-08-29","1.97"
"DGS30","2019-08-30","1.96"
"DGS30","2019-09-02","."
"DGS30","2019-09-03","1.95"
"DGS30","2019-09-04","1.97"
"DGS30","2019-09-05","2.06"
"DGS30","2019-09-06","2.02"
"DGS30","2019-09-09","2.11"
"DGS30","2019-09-10","2.19"
"DGS30","2019-09-11","2.22"
"DGS30","2019-09-12","2.22"
"DGS30","2019-09-13","2.37"
"DGS30","2019-09-16","2.31"
"DGS30","2019-09-17","2.27"
"DGS30","2019-09-18","2.25"
"DGS30","2019-09-19","2.22"
"DGS30","2019-09-20","2.17"
"DGS30","2019-09-23","2.16"
"DGS30","2019-09-24","2.09"
"DGS30","2019-09-25","2.18"
"DGS30","2019-09-26","2.15"
"DGS30","2019-09-27","2.13"
"DGS30","2019-09-30","2.12"
"DGS30","2019-10-01","2.11"
"DGS30","2019-10-02","2.09"
"DGS30","2019-10-03","2.04"
"DGS30","2019-10-04","2.01"
"DGS30","2019-10-07","2.05"
"DGS30","2019-10-08","2.04"
"DGS30","2019-10-09","2.08"
"DGS30","2019-10-10","2.16"
"DGS30","2019-10-11","2.22"
"DGS30","2019-10-14","."
"DGS30","2019-10-15","2.23"
"DGS30","2019-10-16","2.23"
"DGS30","2019-10-17","2.24"
"DGS30","2019-10-18","2.25"
"DGS30","2019-10-21","2.28"
"DGS30","2019-10-22","2.26"
"DGS30","2019-10-23","2.25"
"DGS30","2019-10-24","2.26"
"DGS30","2019-10-25","2.29"
"DGS30","2019-10-28","2.34"
"DGS30","2019-10-29","2.33"
"DGS30","2019-10-30","2.26"
"DGS30","2019-10-31","2.17"
"DGS30","2019-11-01","2.21"
"DGS30","2019-11-04","2.27"
"DGS30","2019-11-05","2.34"
"DGS30","2019-11-06","2.30"
"DGS30","2019-11-07","2.40"
"DGS30","2019-11-08","2.43"
"DGS30","2019-11-11","."
"DGS30","2019-11-12","2.39"
"DGS30","2019-11-13","2.36"
"DGS30","2019-11-14","2.31"
"DGS30","2019-11-15","2.31"
"DGS30","2019-11-18","2.30"
"DGS30","2019-11-19","2.26"
"DGS30","2019-11-20","2.20"
"DGS30","2019-11-21","2.24"
"DGS30","2019-11-22","2.22"
"DGS30","2019-11-25","2.21"
"DGS30","2019-11-26","2.18"
"DGS30","2019-11-27","2.19"
"DGS30","2019-11-28","."
"DGS30","2019-11-29","2.21"
"DGS30","2019-12-02","2.28"
"DGS30","2019-12-03","2.17"
"DGS30","2019-12-04","2.22"
"DGS30","2019-12-05","2.24"
"DGS30","2019-12-06","2.29"
"DGS30","2019-12-09","2.27"
"DGS30","2019-12-10","2.26"
"DGS30","2019-12-11","2.23"
"DGS30","2019-12-12","2.32"
"DGS30","2019-12-13","2.26"
"DGS30","2019-12-16","2.30"
"DGS30","2019-12-17","2.31"
"DGS30","2019-12-18","2.35"
"DGS30","2019-12-19","2.35"
"DGS30","2019-12-20","2.34"
"DGS30","2019-12-23","2.35"
"DGS30","2019-12-24","2.33"
"DGS30","2019-12-25","."
"DGS30","2019-12-26","2.33"
"DGS30","2019-12-27","2.32"
"DGS30","2019-12-30","2.34"
"DGS30","2019-12-31","2.39"
"DGS30","2020-01-01","."
"DGS30","2020-01-02","2.33"
"DGS30","2020-01-03","2.26"
"DGS30","2020-01-06","2.28"
"DGS30","2020-01-07","2.31"
"DGS30","2020-01-08","2.35"
"DGS30","2020-01-09","2.38"
"DGS30","2020-01-10","2.28"
"DGS30","2020-01-13","2.30"
"DGS30","2020-01-14","2.27"
"DGS30","2020-01-15","2.23"
"DGS30","2020-01-16","2.26"
"DGS30","2020-01-17","2.29"
"DGS30","2020-01-20","."
"DGS30","2020-01-21","2.23"
"DGS30","2020-01-22","2.22"
"DGS30","2020-01-23","2.18"
"DGS30","2020-01-24","2.14"
"DGS30","2020-01-27","2.05"
"DGS30","2020-01-28","2.10"
"DGS30","2020-01-29","2.05"
"DGS30","2020-01-30","2.04"
"DGS30","2020-01-31","1.99"
"DGS30","2020-02-03","2.01"
"DGS30","2020-02-04","2.08"
"DGS30","2020-02-05","2.14"
"DGS30","2020-02-06","2.11"
"DGS30","2020-02-07","2.05"
"DGS30","2020-02-10","2.03"
"DGS30","2020-02-11","2.05"
"DGS30","2020-02-12","2.09"
"DGS30","2020-02-13","2.07"
"DGS30","2020-02-14","2.04"
"DGS30","2020-02-17","."
"DGS30","2020-02-18","2.00"
"DGS30","2020-02-19","2.01"
"DGS30","2020-02-20","1.97"
"DGS30","2020-02-21","1.90"
"DGS30","2020-02-24","1.84"
"DGS30","2020-02-25","1.80"
"DGS30","2020-02-26","1.81"
"DGS30","2020-02-27","1.79"
"DGS30","2020-02-28","1.65"
"DGS30","2020-03-02","1.66"
"DGS30","2020-03-03","1.64"
"DGS30","2020-03-04","1.67"
"DGS30","2020-03-05","1.56"
"DGS30","2020-03-06","1.25"
"DGS30","2020-03-09","0.99"
"DGS30","2020-03-10","1.28"
"DGS30","2020-03-11","1.30"
"DGS30","2020-03-12","1.49"
"DGS30","2020-03-13","1.56"
"DGS30","2020-03-16","1.34"
"DGS30","2020-03-17","1.63"
"DGS30","2020-03-18","1.77"
"DGS30","2020-03-19","1.78"
"DGS30","2020-03-20","1.55"
"DGS30","2020-03-23","1.33"
"DGS30","2020-03-24","1.39"
"DGS30","2020-03-25","1.45"
"DGS30","2020-03-26","1.42"
"DGS30","2020-03-27","1.29"
"DGS30","2020-03-30","1.31"
"DGS30","2020-03-31","1.35"
"DGS30","2020-04-01","1.27"
"DGS30","2020-04-02","1.26"
"DGS30","2020-04-03","1.24"
"DGS30","2020-04-06","1.27"
"DGS30","2020-04-07","1.32"
"DGS30","2020-04-08","1.37"
"DGS30","2020-04-09","1.35"
"DGS30","2020-04-10","."
"DGS30","2020-04-13","1.39"
"DGS30","2020-04-14","1.41"
"DGS30","2020-04-15","1.27"
"DGS30","2020-04-16","1.21"
"DGS30","2020-04-17","1.27"
"DGS30","2020-04-20","1.23"
"DGS30","2020-04-21","1.17"
"DGS30","2020-04-22","1.22"
"DGS30","2020-04-23","1.18"
"DGS30","2020-04-24","1.17"
"DGS30","2020-04-27","1.25"
"DGS30","2020-04-28","1.20"
"DGS30","2020-04-29","1.24"
"DGS30","2020-04-30","1.28"
"DGS30","2020-05-01","1.27"
"DGS30","2020-05-04","1.29"
"DGS30","2020-05-05","1.32"
"DGS30","2020-05-06","1.41"
"DGS30","2020-05-07","1.31"
"DGS30","2020-05-08","1.39"
"DGS30","2020-05-11","1.43"
"DGS30","2020-05-12","1.38"
"DGS30","2020-05-13","1.35"
"DGS30","2020-05-14","1.30"
"DGS30","2020-05-15","1.32"
"DGS30","2020-05-18","1.44"
"DGS30","2020-05-19","1.43"
"DGS30","2020-05-20","1.40"
"DGS30","2020-05-21","1.40"
"DGS30","2020-05-22","1.37"
"DGS30","2020-05-25","."
"DGS30","2020-05-26","1.43"
"DGS30","2020-05-27","1.44"
"DGS30","2020-05-28","1.47"
"DGS30","2020-05-29","1.41"
"DGS30","2020-06-01","1.46"
"DGS30","2020-06-02","1.48"
"DGS30","2020-06-03","1.56"
"DGS30","2020-06-04","1.61"
"DGS30","2020-06-05","1.68"
"DGS30","2020-06-08","1.65"
"DGS30","2020-06-09","1.59"
"DGS30","2020-06-10","1.53"
"DGS30","2020-06-11","1.41"
"DGS30","2020-06-12","1.45"
"DGS30","2020-06-15","1.45"
"DGS30","2020-06-16","1.54"
"DGS30","2020-06-17","1.52"
"DGS30","2020-06-18","1.47"
"DGS30","2020-06-19","1.47"
"DGS30","2020-06-22","1.46"
"DGS30","2020-06-23","1.49"
"DGS30","2020-06-24","1.44"
"DGS30","2020-06-25","1.43"
"DGS30","2020-06-26","1.37"
"DGS30","2020-06-29","1.39"
"DGS30","2020-06-30","1.41"
"DGS30","2020-07-01","1.43"
"DGS30","2020-07-02","1.43"
"DGS30","2020-07-03","."
"DGS30","2020-07-06","1.45"
"DGS30","2020-07-07","1.38"
"DGS30","2020-07-08","1.39"
"DGS30","2020-07-09","1.32"
"DGS30","2020-07-10","1.33"
"DGS30","2020-07-13","1.33"
"DGS30","2020-07-14","1.30"
"DGS30","2020-07-15","1.33"
"DGS30","2020-07-16","1.31"
"DGS30","2020-07-17","1.33"
"DGS30","2020-07-20","1.32"
"DGS30","2020-07-21","1.31"
"DGS30","2020-07-22","1.29"
"DGS30","2020-07-23","1.24"
"DGS30","2020-07-24","1.23"
"DGS30","2020-07-27","1.25"
"DGS30","2020-07-28","1.22"
"DGS30","2020-07-29","1.24"
"DGS30","2020-07-30","1.20"
"DGS30","2020-07-31","1.20"
"DGS30","2020-08-03","1.23"
"DGS30","2020-08-04","1.19"
"DGS30","2020-08-05","1.22"
"DGS30","2020-08-06","1.20"
"DGS30","2020-08-07","1.23"
"DGS30","2020-08-10","1.25"
"DGS30","2020-08-11","1.32"
"DGS30","2020-08-12","1.37"
"DGS30","2020-08-13","1.42"
"DGS30","2020-08-14","1.45"
"DGS30","2020-08-17","1.43"
"DGS30","2020-08-18","1.40"
"DGS30","2020-08-19","1.42"
"DGS30","2020-08-20","1.38"
"DGS30","2020-08-21","1.35"
"DGS30","2020-08-24","1.35"
"DGS30","2020-08-25","1.39"
"DGS30","2020-08-26","1.41"
"DGS30","2020-08-27","1.50"
"DGS30","2020-08-28","1.52"
"DGS30","2020-08-31","1.49"
"DGS30","2020-09-01","1.43"
"DGS30","2020-09-02","1.38"
"DGS30","2020-09-03","1.34"
"DGS30","2020-09-04","1.46"
"DGS30","2020-09-07","."
"DGS30","2020-09-08","1.43"
"DGS30","2020-09-09","1.45"
"DGS30","2020-09-10","1.43"
"DGS30","2020-09-11","1.42"
"DGS30","2020-09-14","1.42"
"DGS30","2020-09-15","1.43"
"DGS30","2020-09-16","1.45"
"DGS30","2020-09-17","1.43"
"DGS30","2020-09-18","1.45"
"DGS30","2020-09-21","1.43"
"DGS30","2020-09-22","1.42"
"DGS30","2020-09-23","1.42"
"DGS30","2020-09-24","1.40"
"DGS30","2020-09-25","1.40"
"DGS30","2020-09-28","1.42"
"DGS30","2020-09-29","1.41"
"DGS30","2020-09-30","1.46"
"DGS30","2020-10-01","1.45"
"DGS30","2020-10-02","1.48"
"DGS30","2020-10-05","1.57"
"DGS30","2020-10-06","1.56"
"DGS30","2020-10-07","1.60"
"DGS30","2020-10-08","1.57"
"DGS30","2020-10-09","1.58"
"DGS30","2020-10-12","."
"DGS30","2020-10-13","1.52"
"DGS30","2020-10-14","1.50"
"DGS30","2020-10-15","1.52"
"DGS30","2020-10-16","1.52"
"DGS30","2020-10-19","1.55"
"DGS30","2020-10-20","1.60"
"DGS30","2020-10-21","1.62"
"DGS30","2020-10-22","1.67"
"DGS30","2020-10-23","1.64"
"DGS30","2020-10-26","1.59"
"DGS30","2020-10-27","1.57"
"DGS30","2020-10-28","1.56"
"DGS30","2020-10-29","1.62"
"DGS30","2020-10-30","1.65"
"DGS30","2020-11-02","1.63"
"DGS30","2020-11-03","1.66"
"DGS30","2020-11-04","1.55"
"DGS30","2020-11-05","1.54"
"DGS30","2020-11-06","1.60"
"DGS30","2020-11-09","1.73"
"DGS30","2020-11-10","1.75"
"DGS30","2020-11-11","."
"DGS30","2020-11-12","1.64"
"DGS30","2020-11-13","1.65"
"DGS30","2020-11-16","1.66"
"DGS30","2020-11-17","1.62"
"DGS30","2020-11-18","1.62"
"DGS30","2020-11-19","1.58"
"DGS30","2020-11-20","1.53"
"DGS30","2020-11-23","1.56"
"DGS30","2020-11-24","1.60"
"DGS30","2020-11-25","1.62"
"DGS30","2020-11-26","."
"DGS30","2020-11-27","1.57"
"DGS30","2020-11-30","1.58"
"DGS30","2020-12-01","1.66"
"DGS30","2020-12-02","1.70"
"DGS30","2020-12-03","1.67"
"DGS30","2020-12-04","1.73"
"DGS30","2020-12-07","1.69"
"DGS30","2020-12-08","1.67"
"DGS30","2020-12-09","1.69"
"DGS30","2020-12-10","1.65"
"DGS30","2020-12-11","1.63"
"DGS30","2020-12-14","1.63"
"DGS30","2020-12-15","1.65"
"DGS30","2020-12-16","1.66"
"DGS30","2020-12-17","1.68"
"DGS30","2020-12-18","1.70"
"DGS30","2020-12-21","1.68"
"DGS30","2020-12-22","1.65"
"DGS30","2020-12-23","1.70"
"DGS30","2020-12-24","1.66"
"DGS30","2020-12-25","."
"DGS30","2020-12-28","1.67"
"DGS30","2020-12-29","1.67"
"DGS30","2020-12-30","1.66"
"DGS30","2020-12-31","1.65"
"DGS30","2021-01-01","."
"DGS30","2021-01-04","1.66"
"DGS30","2021-01-05","1.70"
"DGS30","2021-01-06","1.81"
"DGS30","2021-01-07","1.85"
"DGS30","2021-01-08","1.87"
"DGS30","2021-01-11","1.88"
"DGS30","2021-01-12","1.88"
"DGS30","2021-01-13","1.82"
"DGS30","2021-01-14","1.88"
"DGS30","2021-01-15","1.85"
"DGS30","2021-01-18","."
"DGS30","2021-01-19","1.84"
"DGS30","2021-01-20","1.84"
"DGS30","2021-01-21","1.87"
"DGS30","2021-01-22","1.85"
"DGS30","2021-01-25","1.80"
"DGS30","2021-01-26","1.80"
"DGS30","2021-01-27","1.79"
"DGS30","2021-01-28","1.81"
"DGS30","2021-01-29","1.87"
"DGS30","2021-02-01","1.84"
"DGS30","2021-02-02","1.87"
"DGS30","2021-02-03","1.92"
"DGS30","2021-02-04","1.93"
"DGS30","2021-02-05","1.97"
"DGS30","2021-02-08","1.96"
"DGS30","2021-02-09","1.95"
"DGS30","2021-02-10","1.92"
"DGS30","2021-02-11","1.94"
"DGS30","2021-02-12","2.01"
"DGS30","2021-02-15","."
"DGS30","2021-02-16","2.08"
"DGS30","2021-02-17","2.06"
"DGS30","2021-02-18","2.08"
"DGS30","2021-02-19","2.14"
"DGS30","2021-02-22","2.19"
"DGS30","2021-02-23","2.21"
"DGS30","2021-02-24","2.24"
"DGS30","2021-02-25","2.33"
"DGS30","2021-02-26","2.17"
"DGS30","2021-03-01","2.23"
"DGS30","2021-03-02","2.21"
"DGS30","2021-03-03","2.25"
"DGS30","2021-03-04","2.30"
"DGS30","2021-03-05","2.28"
"DGS30","2021-03-08","2.31"
"DGS30","2021-03-09","2.26"
"DGS30","2021-03-10","2.24"
"DGS30","2021-03-11","2.29"
"DGS30","2021-03-12","2.40"
"DGS30","2021-03-15","2.37"
"DGS30","2021-03-16","2.38"
"DGS30","2021-03-17","2.42"
"DGS30","2021-03-18","2.45"
"DGS30","2021-03-19","2.45"
"DGS30","2021-03-22","2.38"
"DGS30","2021-03-23","2.34"
"DGS30","2021-03-24","2.31"
"DGS30","2021-03-25","2.34"
"DGS30","2021-03-26","2.37"
"DGS30","2021-03-29","2.43"
"DGS30","2021-03-30","2.38"
"DGS30","2021-03-31","2.41"
"DGS30","2021-04-01","2.34"
"DGS30","2021-04-02","2.35"
"DGS30","2021-04-05","2.36"
"DGS30","2021-04-06","2.32"
"DGS30","2021-04-07","2.35"
"DGS30","2021-04-08","2.32"
"DGS30","2021-04-09","2.34"
"DGS30","2021-04-12","2.34"
"DGS30","2021-04-13","2.32"
"DGS30","2021-04-14","2.32"
"DGS30","2021-04-15","2.23"
"DGS30","2021-04-16","2.26"
"DGS30","2021-04-19","2.29"
"DGS30","2021-04-20","2.27"
"DGS30","2021-04-21","2.26"
"DGS30","2021-04-22","2.24"
"DGS30","2021-04-23","2.25"
"DGS30","2021-04-26","2.24"
"DGS30","2021-04-27","2.29"
"DGS30","2021-04-28","2.29"
"DGS30","2021-04-29","2.31"
"DGS30","2021-04-30","2.30"
"DGS30","2021-05-03","2.30"
"DGS30","2021-05-04","2.27"
"DGS30","2021-05-05","2.25"
"DGS30","2021-05-06","2.24"
"DGS30","2021-05-07","2.28"
"DGS30","2021-05-10","2.32"
"DGS30","2021-05-11","2.35"
"DGS30","2021-05-12","2.40"
"DGS30","2021-05-13","2.39"
"DGS30","2021-05-14","2.35"
"DGS30","2021-05-17","2.36"
"DGS30","2021-05-18","2.37"
"DGS30","2021-05-19","2.38"
"DGS30","2021-05-20","2.34"
"DGS30","2021-05-21","2.33"
"DGS30","2021-05-24","2.31"
"DGS30","2021-05-25","2.26"
"DGS30","2021-05-26","2.27"
"DGS30","2021-05-27","2.29"
"DGS30","2021-05-28","2.26"
"DGS30","2021-05-31","."
"DGS30","2021-06-01","2.30"
"DGS30","2021-06-02","2.28"
"DGS30","2021-06-03","2.30"
"DGS30","2021-06-04","2.24"
"DGS30","2021-06-07","2.25"
"DGS30","2021-06-08","2.21"
"DGS30","2021-06-09","2.17"
"DGS30","2021-06-10","2.15"
"DGS30","2021-06-11","2.15"
"DGS30","2021-06-14","2.19"
"DGS30","2021-06-15","2.20"
"DGS30","2021-06-16","2.20"
"DGS30","2021-06-17","2.11"
"DGS30","2021-06-18","2.01"
"DGS30","2021-06-21","2.11"
"DGS30","2021-06-22","2.10"
"DGS30","2021-06-23","2.11"
"DGS30","2021-06-24","2.10"
"DGS30","2021-06-25","2.16"
"DGS30","2021-06-28","2.10"
"DGS30","2021-06-29","2.10"
"DGS30","2021-06-30","2.06"
"DGS30","2021-07-01","2.07"
"DGS30","2021-07-02","2.05"
"DGS30","2021-07-05","."
"DGS30","2021-07-06","2.00"
"DGS30","2021-07-07","1.94"
"DGS30","2021-07-08","1.91"
"DGS30","2021-07-09","1.99"
"DGS30","2021-07-12","2.00"
"DGS30","2021-07-13","2.04"
"DGS30","2021-07-14","1.98"
"DGS30","2021-07-15","1.92"
"DGS30","2021-07-16","1.93"
"DGS30","2021-07-19","1.81"
"DGS30","2021-07-20","1.88"
"DGS30","2021-07-21","1.94"
"DGS30","2021-07-22","1.90"
"DGS30","2021-07-23","1.92"
"DGS30","2021-07-26","1.93"
"DGS30","2021-07-27","1.89"
"DGS30","2021-07-28","1.90"
"DGS30","2021-07-29","1.91"
"DGS30","2021-07-30","1.89"
"DGS30","2021-08-02","1.86"
"DGS30","2021-08-03","1.85"
"DGS30","2021-08-04","1.83"
"DGS30","2021-08-05","1.86"
"DGS30","2021-08-06","1.94"
"DGS30","2021-08-09","1.96"
"DGS30","2021-08-10","1.99"
"DGS30","2021-08-11","1.99"
"DGS30","2021-08-12","2.03"
"DGS30","2021-08-13","1.94"
"DGS30","2021-08-16","1.92"
"DGS30","2021-08-17","1.92"
"DGS30","2021-08-18","1.91"
"DGS30","2021-08-19","1.88"
"DGS30","2021-08-20","1.87"
"DGS30","2021-08-23","1.87"
"DGS30","2021-08-24","1.91"
"DGS30","2021-08-25","1.96"
"DGS30","2021-08-26","1.94"
"DGS30","2021-08-27","1.91"
"DGS30","2021-08-30","1.90"
"DGS30","2021-08-31","1.92"
"DGS30","2021-09-01","1.92"
"DGS30","2021-09-02","1.90"
"DGS30","2021-09-03","1.94"
"DGS30","2021-09-06","."
"DGS30","2021-09-07","1.99"
"DGS30","2021-09-08","1.95"
"DGS30","2021-09-09","1.90"
"DGS30","2021-09-10","1.94"
"DGS30","2021-09-13","1.91"
"DGS30","2021-09-14","1.85"
"DGS30","2021-09-15","1.87"
"DGS30","2021-09-16","1.88"
"DGS30","2021-09-17","1.91"
"DGS30","2021-09-20","1.85"
"DGS30","2021-09-21","1.86"
"DGS30","2021-09-22","1.84"
"DGS30","2021-09-23","1.92"
"DGS30","2021-09-24","1.99"
"DGS30","2021-09-27","1.99"
"DGS30","2021-09-28","2.07"
"DGS30","2021-09-29","2.09"
"DGS30","2021-09-30","2.08"
"DGS30","2021-10-01","2.04"
"DGS30","2021-10-04","2.05"
"DGS30","2021-10-05","2.10"
"DGS30","2021-10-06","2.08"
"DGS30","2021-10-07","2.13"
"DGS30","2021-10-08","2.16"
"DGS30","2021-10-11","."
"DGS30","2021-10-12","2.10"
"DGS30","2021-10-13","2.05"
"DGS30","2021-10-14","2.02"
"DGS30","2021-10-15","2.05"
"DGS30","2021-10-18","2.01"
"DGS30","2021-10-19","2.09"
"DGS30","2021-10-20","2.12"
"DGS30","2021-10-21","2.13"
"DGS30","2021-10-22","2.08"
"DGS30","2021-10-25","2.09"
"DGS30","2021-10-26","2.05"
"DGS30","2021-10-27","1.95"
"DGS30","2021-10-28","1.96"
"DGS30","2021-10-29","1.93"
"DGS30","2021-11-01","1.98"
"DGS30","2021-11-02","1.96"
"DGS30","2021-11-03","2.00"
"DGS30","2021-11-04","1.96"
"DGS30","2021-11-05","1.87"
"DGS30","2021-11-08","1.89"
"DGS30","2021-11-09","1.83"
"DGS30","2021-11-10","1.92"
"DGS30","2021-11-11","."
"DGS30","2021-11-12","1.95"
"DGS30","2021-11-15","2.01"
"DGS30","2021-11-16","2.02"
"DGS30","2021-11-17","2.00"
"DGS30","2021-11-18","1.97"
"DGS30","2021-11-19","1.91"
"DGS30","2021-11-22","1.98"
"DGS30","2021-11-23","2.02"
"DGS30","2021-11-24","1.96"
"DGS30","2021-11-25","."
"DGS30","2021-11-26","1.83"
"DGS30","2021-11-29","1.87"
"DGS30","2021-11-30","1.78"
"DGS30","2021-12-01","1.77"
"DGS30","2021-12-02","1.76"
"DGS30","2021-12-03","1.69"
"DGS30","2021-12-06","1.75"
"DGS30","2021-12-07","1.80"
"DGS30","2021-12-08","1.87"
"DGS30","2021-12-09","1.87"
"DGS30","2021-12-10","1.88"
"DGS30","2021-12-13","1.81"
"DGS30","2021-12-14","1.82"
"DGS30","2021-12-15","1.86"
"DGS30","2021-12-16","1.87"
"DGS30","2021-12-17","1.82"
"DGS30","2021-12-20","1.85"
"DGS30","2021-12-21","1.89"
"DGS30","2021-12-22","1.86"
"DGS30","2021-12-23","1.91"
"DGS30","2021-12-24","."
"DGS30","2021-12-27","1.88"
"DGS30","2021-12-28","1.90"
"DGS30","2021-12-29","1.96"
"DGS30","2021-12-30","1.93"
"DGS30","2021-12-31","1.90"
"DGS30","2022-01-03","2.01"
"DGS30","2022-01-04","2.07"
"DGS30","2022-01-05","2.09"
"DGS30","2022-01-06","2.09"
"DGS30","2022-01-07","2.11"
"DGS30","2022-01-10","2.11"
"DGS30","2022-01-11","2.08"
"DGS30","2022-01-12","2.08"
"DGS30","2022-01-13","2.05"
"DGS30","2022-01-14","2.12"
"DGS30","2022-01-17","."
"DGS30","2022-01-18","2.18"
"DGS30","2022-01-19","2.14"
"DGS30","2022-01-20","2.14"
"DGS30","2022-01-21","2.07"
"DGS30","2022-01-24","2.10"
"DGS30","2022-01-25","2.12"
"DGS30","2022-01-26","2.16"
"DGS30","2022-01-27","2.09"
"DGS30","2022-01-28","2.07"
"DGS30","2022-01-31","2.11"
"DGS30","2022-02-01","2.12"
"DGS30","2022-02-02","2.11"
"DGS30","2022-02-03","2.14"
"DGS30","2022-02-04","2.23"
"DGS30","2022-02-07","2.22"
"DGS30","2022-02-08","2.25"
"DGS30","2022-02-09","2.25"
"DGS30","2022-02-10","2.30"
"DGS30","2022-02-11","2.24"
"DGS30","2022-02-14","2.29"
"DGS30","2022-02-15","2.37"
"DGS30","2022-02-16","2.34"
"DGS30","2022-02-17","2.31"
"DGS30","2022-02-18","2.24"
"DGS30","2022-02-21","."
"DGS30","2022-02-22","2.24"
"DGS30","2022-02-23","2.29"
"DGS30","2022-02-24","2.28"
"DGS30","2022-02-25","2.29"
"DGS30","2022-02-28","2.17"
"DGS30","2022-03-01","2.11"
"DGS30","2022-03-02","2.24"
"DGS30","2022-03-03","2.24"
"DGS30","2022-03-04","2.16"
"DGS30","2022-03-07","2.19"
"DGS30","2022-03-08","2.24"
"DGS30","2022-03-09","2.29"
"DGS30","2022-03-10","2.38"
"DGS30","2022-03-11","2.36"
"DGS30","2022-03-14","2.47"
"DGS30","2022-03-15","2.49"
"DGS30","2022-03-16","2.46"
"DGS30","2022-03-17","2.50"
"DGS30","2022-03-18","2.42"
"DGS30","2022-03-21","2.55"
"DGS30","2022-03-22","2.60"
"DGS30","2022-03-23","2.52"
"DGS30","2022-03-24","2.51"
"DGS30","2022-03-25","2.60"
"DGS30","2022-03-28","2.57"
"DGS30","2022-03-29","2.53"
"DGS30","2022-03-30","2.48"
"DGS30","2022-03-31","2.44"
"DGS30","2022-04-01","2.44"
"DGS30","2022-04-04","2.48"
"DGS30","2022-04-05","2.57"
"DGS30","2022-04-06","2.63"
"DGS30","2022-04-07","2.69"
"DGS30","2022-04-08","2.76"
"DGS30","2022-04-11","2.84"
"DGS30","2022-04-12","2.82"
"DGS30","2022-04-13","2.81"
"DGS30","2022-04-14","2.92"
"DGS30","2022-04-15","."
"DGS30","2022-04-18","2.95"
"DGS30","2022-04-19","3.01"
"DGS30","2022-04-20","2.90"
"DGS30","2022-04-21","2.94"
"DGS30","2022-04-22","2.95"
"DGS30","2022-04-25","2.88"
"DGS30","2022-04-26","2.86"
"DGS30","2022-04-27","2.91"
"DGS30","2022-04-28","2.92"
"DGS30","2022-04-29","2.96"
"DGS30","2022-05-02","3.07"
"DGS30","2022-05-03","3.03"
"DGS30","2022-05-04","3.01"
"DGS30","2022-05-05","3.15"
"DGS30","2022-05-06","3.23"
"DGS30","2022-05-09","3.19"
"DGS30","2022-05-10","3.12"
"DGS30","2022-05-11","3.05"
"DGS30","2022-05-12","3.00"
"DGS30","2022-05-13","3.10"
"DGS30","2022-05-16","3.09"
"DGS30","2022-05-17","3.17"
"DGS30","2022-05-18","3.07"
"DGS30","2022-05-19","3.05"
"DGS30","2022-05-20","2.99"
"DGS30","2022-05-23","3.08"
"DGS30","2022-05-24","2.98"
"DGS30","2022-05-25","2.97"
"DGS30","2022-05-26","2.99"
"DGS30","2022-05-27","2.97"
"DGS30","2022-05-30","."
"DGS30","2022-05-31","3.07"
"DGS30","2022-06-01","3.09"
"DGS30","2022-06-02","3.09"
"DGS30","2022-06-03","3.11"
"DGS30","2022-06-06","3.19"
"DGS30","2022-06-07","3.13"
"DGS30","2022-06-08","3.18"
"DGS30","2022-06-09","3.18"
"DGS30","2022-06-10","3.20"
"DGS30","2022-06-13","3.42"
"DGS30","2022-06-14","3.45"
"DGS30","2022-06-15","3.39"
"DGS30","2022-06-16","3.35"
"DGS30","2022-06-17","3.30"
"DGS30","2022-06-20","."
"DGS30","2022-06-21","3.39"
"DGS30","2022-06-22","3.25"
"DGS30","2022-06-23","3.21"
"DGS30","2022-06-24","3.26"
"DGS30","2022-06-27","3.31"
"DGS30","2022-06-28","3.30"
"DGS30","2022-06-29","3.22"
"DGS30","2022-06-30","3.14"
"DGS30","2022-07-01","3.11"
"DGS30","2022-07-04","."
"DGS30","2022-07-05","3.05"
"DGS30","2022-07-06","3.14"
"DGS30","2022-07-07","3.20"
"DGS30","2022-07-08","3.27"
"DGS30","2022-07-11","3.18"
"DGS30","2022-07-12","3.13"
"DGS30","2022-07-13","3.08"
"DGS30","2022-07-14","3.11"
"DGS30","2022-07-15","3.10"
"DGS30","2022-07-18","3.14"
"DGS30","2022-07-19","3.17"
"DGS30","2022-07-20","3.17"
"DGS30","2022-07-21","3.08"
"DGS30","2022-07-22","3.00"
"DGS30","2022-07-25","3.04"
"DGS30","2022-07-26","3.03"
"DGS30","2022-07-27","3.03"
"DGS30","2022-07-28","3.02"
"DGS30","2022-07-29","3.00"
"DGS30","2022-08-01","2.92"
"DGS30","2022-08-02","3.00"
"DGS30","2022-08-03","2.96"
"DGS30","2022-08-04","2.97"
"DGS30","2022-08-05","3.06"
"DGS30","2022-08-08","3.00"
"DGS30","2022-08-09","3.01"
"DGS30","2022-08-10","3.04"
"DGS30","2022-08-11","3.15"
"DGS30","2022-08-12","3.12"
"DGS30","2022-08-15","3.10"
"DGS30","2022-08-16","3.11"
"DGS30","2022-08-17","3.15"
"DGS30","2022-08-18","3.14"
"DGS30","2022-08-19","3.22"
"DGS30","2022-08-22","3.24"
"DGS30","2022-08-23","3.26"
"DGS30","2022-08-24","3.32"
"DGS30","2022-08-25","3.25"
"DGS30","2022-08-26","3.21"
"DGS30","2022-08-29","3.25"
"DGS30","2022-08-30","3.23"
"DGS30","2022-08-31","3.27"
"DGS30","2022-09-01","3.37"
"DGS30","2022-09-02","3.35"
"DGS30","2022-09-05","."
"DGS30","2022-09-06","3.49"
"DGS30","2022-09-07","3.42"
"DGS30","2022-09-08","3.45"
"DGS30","2022-09-09","3.47"
"DGS30","2022-09-12","3.53"
"DGS30","2022-09-13","3.51"
"DGS30","2022-09-14","3.47"
"DGS30","2022-09-15","3.48"
"DGS30","2022-09-16","3.52"
"DGS30","2022-09-19","3.52"
"DGS30","2022-09-20","3.59"
"DGS30","2022-09-21","3.50"
"DGS30","2022-09-22","3.65"
"DGS30","2022-09-23","3.61"
"DGS30","2022-09-26","3.72"
"DGS30","2022-09-27","3.87"
"DGS30","2022-09-28","3.70"
"DGS30","2022-09-29","3.71"
"DGS30","2022-09-30","3.79"
"DGS30","2022-10-03","3.73"
"DGS30","2022-10-04","3.70"
"DGS30","2022-10-05","3.78"
"DGS30","2022-10-06","3.81"
"DGS30","2022-10-07","3.86"
"DGS30","2022-10-10","."
"DGS30","2022-10-11","3.92"
"DGS30","2022-10-12","3.90"
"DGS30","2022-10-13","3.97"
"DGS30","2022-10-14","3.99"
"DGS30","2022-10-17","4.04"
"DGS30","2022-10-18","4.04"
"DGS30","2022-10-19","4.15"
"DGS30","2022-10-20","4.24"
"DGS30","2022-10-21","4.33"
"DGS30","2022-10-24","4.40"
"DGS30","2022-10-25","4.26"
"DGS30","2022-10-26","4.19"
"DGS30","2022-10-27","4.12"
"DGS30","2022-10-28","4.15"
"DGS30","2022-10-31","4.22"
"DGS30","2022-11-01","4.14"
"DGS30","2022-11-02","4.15"
"DGS30","2022-11-03","4.18"
"DGS30","2022-11-04","4.27"
"DGS30","2022-11-07","4.34"
"DGS30","2022-11-08","4.28"
"DGS30","2022-11-09","4.31"
"DGS30","2022-11-10","4.03"
"DGS30","2022-11-11","."
"DGS30","2022-11-14","4.07"
"DGS30","2022-11-15","3.98"
"DGS30","2022-11-16","3.85"
"DGS30","2022-11-17","3.89"
"DGS30","2022-11-18","3.92"
"DGS30","2022-11-21","3.91"
"DGS30","2022-11-22","3.83"
"DGS30","2022-11-23","3.74"
"DGS30","2022-11-24","."
"DGS30","2022-11-25","3.74"
"DGS30","2022-11-28","3.74"
"DGS30","2022-11-29","3.81"
"DGS30","2022-11-30","3.80"
"DGS30","2022-12-01","3.64"
"DGS30","2022-12-02","3.56"
"DGS30","2022-12-05","3.62"
"DGS30","2022-12-06","3.52"
"DGS30","2022-12-07","3.42"
"DGS30","2022-12-08","3.44"
"DGS30","2022-12-09","3.56"
"DGS30","2022-12-12","3.57"
"DGS30","2022-12-13","3.53"
"DGS30","2022-12-14","3.52"
"DGS30","2022-12-15","3.48"
"DGS30","2022-12-16","3.53"
"DGS30","2022-12-19","3.62"
"DGS30","2022-12-20","3.74"
"DGS30","2022-12-21","3.74"
"DGS30","2022-12-22","3.73"
"DGS30","2022-12-23","3.82"
"DGS30","2022-12-26","."
"DGS30","2022-12-27","3.93"
"DGS30","2022-12-28","3.98"
"DGS30","2022-12-29","3.92"
"DGS30","2022-12-30","3.97"
"DGS30","2023-01-02","."
"DGS30","2023-01-03","3.88"
"DGS30","2023-01-04","3.81"
"DGS30","2023-01-05","3.78"
"DGS30","2023-01-06","3.67"
"DGS30","2023-01-09","3.66"
"DGS30","2023-01-10","3.74"
"DGS30","2023-01-11","3.67"
"DGS30","2023-01-12","3.56"
"DGS30","2023-01-13","3.61"
"DGS30","2023-01-16","."
"DGS30","2023-01-17","3.64"
"DGS30","2023-01-18","3.54"
"DGS30","2023-01-19","3.57"
"DGS30","2023-01-20","3.66"
"DGS30","2023-01-23","3.69"
"DGS30","2023-01-24","3.62"
"DGS30","2023-01-25","3.62"
"DGS30","2023-01-26","3.62"
"DGS30","2023-01-27","3.64"
"DGS30","2023-01-30","3.66"
"DGS30","2023-01-31","3.65"
"DGS30","2023-02-01","3.55"
"DGS30","2023-02-02","3.55"
"DGS30","2023-02-03","3.63"
"DGS30","2023-02-06","3.67"
"DGS30","2023-02-07","3.72"
"DGS30","2023-02-08","3.70"
"DGS30","2023-02-09","3.75"
"DGS30","2023-02-10","3.83"
"DGS30","2023-02-13","3.79"
"DGS30","2023-02-14","3.81"
"DGS30","2023-02-15","3.85"
"DGS30","2023-02-16","3.92"
"DGS30","2023-02-17","3.88"
"DGS30","2023-02-20","."
"DGS30","2023-02-21","3.98"
"DGS30","2023-02-22","3.94"
"DGS30","2023-02-23","3.88"
"DGS30","2023-02-24","3.93"
"DGS30","2023-02-27","3.93"
"DGS30","2023-02-28","3.93"
"DGS30","2023-03-01","3.97"
"DGS30","2023-03-02","4.03"
"DGS30","2023-03-03","3.90"
"DGS30","2023-03-06","3.92"
"DGS30","2023-03-07","3.88"
"DGS30","2023-03-08","3.88"
"DGS30","2023-03-09","3.88"
"DGS30","2023-03-10","3.70"
"DGS30","2023-03-13","3.70"
"DGS30","2023-03-14","3.77"
"DGS30","2023-03-15","3.70"
"DGS30","2023-03-16","3.71"
"DGS30","2023-03-17","3.60"
"DGS30","2023-03-20","3.65"
"DGS30","2023-03-21","3.73"
"DGS30","2023-03-22","3.68"
"DGS30","2023-03-23","3.66"
"DGS30","2023-03-24","3.64"
"DGS30","2023-03-27","3.77"
"DGS30","2023-03-28","3.77"
"DGS30","2023-03-29","3.78"
"DGS30","2023-03-30","3.74"
"DGS30","2023-03-31","3.67"
"DGS30","2023-04-03","3.64"
"DGS30","2023-04-04","3.60"
"DGS30","2023-04-05","3.56"
"DGS30","2023-04-06","3.54"
"DGS30","2023-04-07","3.61"
"DGS30","2023-04-10","3.62"
"DGS30","2023-04-11","3.62"
"DGS30","2023-04-12","3.64"
"DGS30","2023-04-13","3.69"
"DGS30","2023-04-14","3.74"
"DGS30","2023-04-17","3.81"
"DGS30","2023-04-18","3.79"
"DGS30","2023-04-19","3.79"
"DGS30","2023-04-20","3.75"
"DGS30","2023-04-21","3.78"
"DGS30","2023-04-24","3.73"
"DGS30","2023-04-25","3.65"
"DGS30","2023-04-26","3.70"
"DGS30","2023-04-27","3.76"
"DGS30","2023-04-28","3.67"
"DGS30","2023-05-01","3.84"
"DGS30","2023-05-02","3.72"
"DGS30","2023-05-03","3.70"
"DGS30","2023-05-04","3.73"
"DGS30","2023-05-05","3.76"
"DGS30","2023-05-08","3.84"
"DGS30","2023-05-09","3.85"
"DGS30","2023-05-10","3.80"
"DGS30","2023-05-11","3.73"
"DGS30","2023-05-12","3.78"
"DGS30","2023-05-15","3.84"
"DGS30","2023-05-16","3.87"
"DGS30","2023-05-17","3.88"
"DGS30","2023-05-18","3.91"
"DGS30","2023-05-19","3.95"
"DGS30","2023-05-22","3.97"
"DGS30","2023-05-23","3.96"
"DGS30","2023-05-24","3.97"
"DGS30","2023-05-25","4.01"
"DGS30","2023-05-26","3.96"
"DGS30","2023-05-29","."
"DGS30","2023-05-30","3.90"
"DGS30","2023-05-31","3.85"
"DGS30","2023-06-01","3.84"
"DGS30","2023-06-02","3.88"
"DGS30","2023-06-05","3.89"
"DGS30","2023-06-06","3.87"
"DGS30","2023-06-07","3.95"
"DGS30","2023-06-08","3.89"
"DGS30","2023-06-09","3.89"
"DGS30","2023-06-12","3.87"
"DGS30","2023-06-13","3.94"
"DGS30","2023-06-14","3.90"
"DGS30","2023-06-15","3.85"
"DGS30","2023-06-16","3.86"
"DGS30","2023-06-19","."
"DGS30","2023-06-20","3.83"
"DGS30","2023-06-21","3.81"
"DGS30","2023-06-22","3.88"
"DGS30","2023-06-23","3.82"
"DGS30","2023-06-26","3.83"
"DGS30","2023-06-27","3.84"
"DGS30","2023-06-28","3.81"
"DGS30","2023-06-29","3.92"
"DGS30","2023-06-30","3.85"
"DGS30","2023-07-03","3.87"
"DGS30","2023-07-04","."
"DGS30","2023-07-05","3.95"
"DGS30","2023-07-06","4.01"
"DGS30","2023-07-07","4.05"
"DGS30","2023-07-10","4.05"
"DGS30","2023-07-11","4.03"
"DGS30","2023-07-12","3.96"
"DGS30","2023-07-13","3.90"
"DGS30","2023-07-14","3.93"
"DGS30","2023-07-17","3.94"
"DGS30","2023-07-18","3.91"
"DGS30","2023-07-19","3.84"
"DGS30","2023-07-20","3.91"
"DGS30","2023-07-21","3.91"
"DGS30","2023-07-24","3.92"
"DGS30","2023-07-25","3.95"
"DGS30","2023-07-26","3.94"
"DGS30","2023-07-27","4.06"
"DGS30","2023-07-28","4.03"
"DGS30","2023-07-31","4.02"
"DGS30","2023-08-01","4.11"
"DGS30","2023-08-02","4.17"
"DGS30","2023-08-03","4.32"
"DGS30","2023-08-04","4.21"
"DGS30","2023-08-07","4.27"
"DGS30","2023-08-08","4.20"
"DGS30","2023-08-09","4.18"
"DGS30","2023-08-10","4.24"
"DGS30","2023-08-11","4.27"
"DGS30","2023-08-14","4.29"
"DGS30","2023-08-15","4.32"
"DGS30","2023-08-16","4.38"
"DGS30","2023-08-17","4.41"
"DGS30","2023-08-18","4.38"
"DGS30","2023-08-21","4.45"
"DGS30","2023-08-22","4.42"
"DGS30","2023-08-23","4.27"
"DGS30","2023-08-24","4.30"
"DGS30","2023-08-25","4.30"
"DGS30","2023-08-28","4.29"
"DGS30","2023-08-29","4.23"
"DGS30","2023-08-30","4.23"
"DGS30","2023-08-31","4.20"
"DGS30","2023-09-01","4.29"
"DGS30","2023-09-04","."
"DGS30","2023-09-05","4.38"
"DGS30","2023-09-06","4.37"
"DGS30","2023-09-07","4.36"
"DGS30","2023-09-08","4.33"
"DGS30","2023-09-11","4.37"
"DGS30","2023-09-12","4.35"
"DGS30","2023-09-13","4.34"
"DGS30","2023-09-14","4.39"
"DGS30","2023-09-15","4.42"
"DGS30","2023-09-18","4.40"
"DGS30","2023-09-19","4.43"
"DGS30","2023-09-20","4.40"
"DGS30","2023-09-21","4.56"
"DGS30","2023-09-22","4.53"
"DGS30","2023-09-25","4.67"
"DGS30","2023-09-26","4.70"
"DGS30","2023-09-27","4.73"
"DGS30","2023-09-28","4.71"
"DGS30","2023-09-29","4.73"
"DGS30","2023-10-02","4.81"
"DGS30","2023-10-03","4.95"
"DGS30","2023-10-04","4.87"
"DGS30","2023-10-05","4.89"
"DGS30","2023-10-06","4.95"
"DGS30","2023-10-09","."
"DGS30","2023-10-10","4.85"
"DGS30","2023-10-11","4.73"
"DGS30","2023-10-12","4.86"
"DGS30","2023-10-13","4.78"
"DGS30","2023-10-16","4.87"
"DGS30","2023-10-17","4.94"
"DGS30","2023-10-18","5.00"
"DGS30","2023-10-19","5.11"
"DGS30","2023-10-20","5.09"
"DGS30","2023-10-23","5.01"
"DGS30","2023-10-24","4.96"
"DGS30","2023-10-25","5.09"
"DGS30","2023-10-26","5.01"
"DGS30","2023-10-27","5.03"
"DGS30","2023-10-30","5.04"
"DGS30","2023-10-31","5.04"
"DGS30","2023-11-01","4.96"
"DGS30","2023-11-02","4.82"
"DGS30","2023-11-03","4.77"
"DGS30","2023-11-06","4.84"
"DGS30","2023-11-07","4.75"
"DGS30","2023-11-08","4.64"
"DGS30","2023-11-09","4.77"
"DGS30","2023-11-10","4.73"
"DGS30","2023-11-13","4.75"
"DGS30","2023-11-14","4.61"
"DGS30","2023-11-15","4.68"
"DGS30","2023-11-16","4.63"
"DGS30","2023-11-17","4.59"
"DGS30","2023-11-20","4.57"
"DGS30","2023-11-21","4.57"
"DGS30","2023-11-22","4.55"
"DGS30","2023-11-23","."
"DGS30","2023-11-24","4.60"
"DGS30","2023-11-27","4.53"
"DGS30","2023-11-28","4.52"
"DGS30","2023-11-29","4.44"
"DGS30","2023-11-30","4.54"
"DGS30","2023-12-01","4.40"
"DGS30","2023-12-04","4.43"
"DGS30","2023-12-05","4.30"
"DGS30","2023-12-06","4.22"
"DGS30","2023-12-07","4.25"
"DGS30","2023-12-08","4.31"
"DGS30","2023-12-11","4.32"
"DGS30","2023-12-12","4.30"
"DGS30","2023-12-13","4.19"
"DGS30","2023-12-14","4.03"
"DGS30","2023-12-15","4.00"
"DGS30","2023-12-18","4.05"
"DGS30","2023-12-19","4.03"
"DGS30","2023-12-20","3.98"
"DGS30","2023-12-21","4.03"
"DGS30","2023-12-22","4.05"
"DGS30","2023-12-25","."
"DGS30","2023-12-26","4.04"
"DGS30","2023-12-27","3.95"
"DGS30","2023-12-28","3.98"
"DGS30","2023-12-29","4.03"
"DGS30","2024-01-01","."
"DGS30","2024-01-02","4.08"
"DGS30","2024-01-03","4.05"
"DGS30","2024-01-04","4.13"
"DGS30","2024-01-05","4.21"
"DGS30","2024-01-08","4.17"
"DGS30","2024-01-09","4.18"
"DGS30","2024-01-10","4.20"
"DGS30","2024-01-11","4.18"
"DGS30","2024-01-12","4.20"
"DGS30","2024-01-15","."
"DGS30","2024-01-16","4.30"
"DGS30","2024-01-17","4.31"
"DGS30","2024-01-18","4.37"
"DGS30","2024-01-19","4.36"
"DGS30","2024-01-22","4.32"
"DGS30","2024-01-23","4.38"
"DGS30","2024-01-24","4.41"
"DGS30","2024-01-25","4.38"
"DGS30","2024-01-26","4.38"
"DGS30","2024-01-29","4.31"
"DGS30","2024-01-30","4.28"
"DGS30","2024-01-31","4.22"
"DGS30","2024-02-01","4.10"
"DGS30","2024-02-02","4.22"
"DGS30","2024-02-05","4.35"
"DGS30","2024-02-06","4.29"
"DGS30","2024-02-07","4.31"
"DGS30","2024-02-08","4.36"
"DGS30","2024-02-09","4.37"
"DGS30","2024-02-12","4.37"
"DGS30","2024-02-13","4.46"
"DGS30","2024-02-14","4.45"
"DGS30","2024-02-15","4.42"
"DGS30","2024-02-16","4.45"
"DGS30","2024-02-19","."
"DGS30","2024-02-20","4.44"
"DGS30","2024-02-21","4.49"
"DGS30","2024-02-22","4.47"
"DGS30","2024-02-23","4.37"
"DGS30","2024-02-26","4.4"
"DGS30","2024-02-27","4.44"
"DGS30","2024-02-28","4.4"
"DGS30","2024-02-29","4.38"
"DGS30","2024-03-01","4.33"
"DGS30","2024-03-04","4.36"
"DGS30","2024-03-05","4.27"
"DGS30","2024-03-06","4.24"
"DGS30","2024-03-07","4.25"
"DGS30","2024-03-08","4.26"
"DGS30","2024-03-11","4.26"
"DGS30","2024-03-12","4.31"
"DGS30","2024-03-13","4.35"
"DGS30","2024-03-14","4.44"
"DGS30","2024-03-15","4.43"
"DGS30","2024-03-18","4.46"
"DGS30","2024-03-19","4.44"
"DGS30","2024-03-20","4.45"
"DGS30","2024-03-21","4.44"
"DGS30","2024-03-22","4.39"
"DGS30","2024-03-25","4.42"
"DGS30","2024-03-26","4.4"
"DGS30","2024-03-27","4.36"
"DGS30","2024-03-28","4.34"
"DGS30","2024-03-29","."
"DGS30","2024-04-01","4.47"
"DGS30","2024-04-02","4.51"
"DGS30","2024-04-03","4.51"
"DGS30","2024-04-04","4.47"
"DGS30","2024-04-05","4.54"
"DGS30","2024-04-08","4.55"
"DGS30","2024-04-09","4.5"
"DGS30","2024-04-10","4.64"
"DGS30","2024-04-11","4.65"
"DGS30","2024-04-12","4.61"
"DGS30","2024-04-15","4.74"
"DGS30","2024-04-16","4.77"
"DGS30","2024-04-17","4.71"
"DGS30","2024-04-18","4.74"
"DGS30","2024-04-19","4.72"
"DGS30","2024-04-22","4.72"
"DGS30","2024-04-23","4.73"
"DGS30","2024-04-24","4.78"
"DGS30","2024-04-25","4.82"
"DGS30","2024-04-26","4.78"
"DGS30","2024-04-29","4.75"
"DGS30","2024-04-30","4.79"
"DGS30","2024-05-01","4.74"
"DGS30","2024-05-02","4.72"
"DGS30","2024-05-03","4.66"
"DGS30","2024-05-06","4.64"
"DGS30","2024-05-07","4.61"
"DGS30","2024-05-08","4.64"
"DGS30","2024-05-09","4.6"
"DGS30","2024-05-10","4.64"
"DGS30","2024-05-13","4.63"
"DGS30","2024-05-14","4.59"
"DGS30","2024-05-15","4.52"
"DGS30","2024-05-16","4.52"
"DGS30","2024-05-17","4.56"
"DGS30","2024-05-20","4.58"
"DGS30","2024-05-21","4.55"
"DGS30","2024-05-22","4.55"
"DGS30","2024-05-23","4.58"
"DGS30","2024-05-24","4.57"
"DGS30","2024-05-27","."
"DGS30","2024-05-28","4.66"
"DGS30","2024-05-29","4.74"
"DGS30","2024-05-30","4.69"
"DGS30","2024-05-31","4.65"
"DGS30","2024-06-03","4.55"
"DGS30","2024-06-04","4.48"
"DGS30","2024-06-05","4.44"
"DGS30","2024-06-06","4.43"
"DGS30","2024-06-07","4.55"
"DGS30","2024-06-10","4.59"
"DGS30","2024-06-11","4.53"
"DGS30","2024-06-12","4.47"
"DGS30","2024-06-13","4.4"
"DGS30","2024-06-14","4.34"
"DGS30","2024-06-17","4.4"
"DGS30","2024-06-18","4.36"
"DGS30","2024-06-19","."
"DGS30","2024-06-20","4.39"
"DGS30","2024-06-21","4.39"
"DGS30","2024-06-24","4.38"
"DGS30","2024-06-25","4.36"
"DGS30","2024-06-26","4.45"
"DGS30","2024-06-27","4.43"
"DGS30","2024-06-28","4.51"
"DGS30","2024-07-01","4.64"
"DGS30","2024-07-02","4.6"
"DGS30","2024-07-03","4.53"
"DGS30","2024-07-04","."
"DGS30","2024-07-05","4.47"
"DGS30","2024-07-08","4.46"
"DGS30","2024-07-09","4.49"
"DGS30","2024-07-10","4.47"
"DGS30","2024-07-11","4.41"
"DGS30","2024-07-12","4.39"
"DGS30","2024-07-15","4.46"
"DGS30","2024-07-16","4.38"
"DGS30","2024-07-17","4.37"
"DGS30","2024-07-18","4.41"
"DGS30","2024-07-19","4.45"
"DGS30","2024-07-22","4.48"
"DGS30","2024-07-23","4.48"
"DGS30","2024-07-24","4.54"
"DGS30","2024-07-25","4.5"
"DGS30","2024-07-26","4.45"
"DGS30","2024-07-29","4.42"
"DGS30","2024-07-30","4.4"
"DGS30","2024-07-31","4.35"
"DGS30","2024-08-01","4.27"
"DGS30","2024-08-02","4.11"
"DGS30","2024-08-05","4.06"
"DGS30","2024-08-06","4.18"
"DGS30","2024-08-07","4.26"
"DGS30","2024-08-08","4.28"
"DGS30","2024-08-09","4.23"
"DGS30","2024-08-12","4.19"
"DGS30","2024-08-13","4.16"
"DGS30","2024-08-14","4.12"
"DGS30","2024-08-15","4.18"
"DGS30","2024-08-16","4.15"
"DGS30","2024-08-19","4.11"
"DGS30","2024-08-20","4.07"
"DGS30","2024-08-21","4.06"
"DGS30","2024-08-22","4.13"
"DGS30","2024-08-23","4.1"
"DGS30","2024-08-26","4.11"
"DGS30","2024-08-27","4.13"
"DGS30","2024-08-28","4.13"
"DGS30","2024-08-29","4.15"
"DGS30","2024-08-30","4.2"
"DGS30","2024-09-02","."
"DGS30","2024-09-03","4.13"
"DGS30","2024-09-04","4.06"
"DGS30","2024-09-05","4.02"
"DGS30","2024-09-06","4.03"
"DGS30","2024-09-09","4.0"
"DGS30","2024-09-10","3.97"
"DGS30","2024-09-11","3.96"
"DGS30","2024-09-12","4.0"
"DGS30","2024-09-13","3.98"
"DGS30","2024-09-16","3.94"
"DGS30","2024-09-17","3.96"
"DGS30","2024-09-18","4.03"
"DGS30","2024-09-19","4.06"
"DGS30","2024-09-20","4.07"
"DGS30","2024-09-23","4.09"
"DGS30","2024-09-24","4.09"
"DGS30","2024-09-25","4.14"
"DGS30","2024-09-26","4.12"
"DGS30","2024-09-27","4.1"
"DGS30","2024-09-30","4.14"
"DGS30","2024-10-01","4.08"
"DGS30","2024-10-02","4.14"
"DGS30","2024-10-03","4.18"
"DGS30","2024-10-04","4.26"
"DGS30","2024-10-07","4.3"
"DGS30","2024-10-08","4.32"
"DGS30","2024-10-09","4.34"
"DGS30","2024-10-10","4.38"
"DGS30","2024-10-11","4.39"
"DGS30","2024-10-14","."
"DGS30","2024-10-15","4.32"
"DGS30","2024-10-16","4.3"
"DGS30","2024-10-17","4.39"
"DGS30","2024-10-18","4.38"
"DGS30","2024-10-21","4.49"
"DGS30","2024-10-22","4.49"
"DGS30","2024-10-23","4.51"
"DGS30","2024-10-24","4.47"
"DGS30","2024-10-25","4.51"
"DGS30","2024-10-28","4.53"
"DGS30","2024-10-29","4.52"
"DGS30","2024-10-30","4.49"
"DGS30","2024-10-31","4.47"
"DGS30","2024-11-01","4.57"
"DGS30","2024-11-04","4.5"
"DGS30","2024-11-05","4.44"
"DGS30","2024-11-06","4.6"
"DGS30","2024-11-07","4.52"
"DGS30","2024-11-08","4.47"
"DGS30","2024-11-11","."
"DGS30","2024-11-12","4.58"
"DGS30","2024-11-13","4.63"
"DGS30","2024-11-14","4.58"
"DGS30","2024-11-15","4.6"
"DGS30","2024-11-18","4.61"
"DGS30","2024-11-19","4.57"
"DGS30","2024-11-20","4.59"
"DGS30","2024-11-21","4.61"
"DGS30","2024-11-22","4.6"
"DGS30","2024-11-25","4.45"
"DGS30","2024-11-26","4.48"
"DGS30","2024-11-27","4.44"
"DGS30","2024-11-28","."
"DGS30","2024-11-29","4.36"
"DGS30","2024-12-02","4.36"
"DGS30","2024-12-03","4.4"
"DGS30","2024-12-04","4.35"
"DGS30","2024-12-05","4.33"
"DGS30","2024-12-06","4.34"
"DGS30","2024-12-09","4.39"
"DGS30","2024-12-10","4.41"
"DGS30","2024-12-11","4.48"
"DGS30","2024-12-12","4.55"
"DGS30","2024-12-13","4.61"
"DGS30","2024-12-16","4.6"
"DGS30","2024-12-17","4.59"
"DGS30","2024-12-18","4.65"
"DGS30","2024-12-19","4.74"
"DGS30","2024-12-20","4.72"
"DGS30","2024-12-23","4.78"
"DGS30","2024-12-24","4.76"
"DGS30","2024-12-25","."
"DGS30","2024-12-26","4.76"
"DGS30","2024-12-27","4.82"
"DGS30","2024-12-30","4.77"
"DGS30","2024-12-31","4.78"
"DGS30","2025-01-01","."
"DGS30","2025-01-02","4.79"
"DGS30","2025-01-03","4.82"
"DGS30","2025-01-06","4.85"
"DGS30","2025-01-07","4.91"
"DGS30","2025-01-08","4.91"
"DGS30","2025-01-09","4.92"
"DGS30","2025-01-10","4.96"
"DGS30","2025-01-13","4.97"
"DGS30","2025-01-14","4.98"
"DGS30","2025-01-15","4.88"
"DGS30","2025-01-16","4.84"
"DGS30","2025-01-17","4.84"
"DGS30","2025-01-20","."
"DGS30","2025-01-21","4.8"
"DGS30","2025-01-22","4.82"
"DGS30","2025-01-23","4.87"
"DGS30","2025-01-24","4.85"
"DGS30","2025-01-27","4.76"
"DGS30","2025-01-28","4.78"
"DGS30","2025-01-29","4.79"
"DGS30","2025-01-30","4.76"
"DGS30","2025-01-31","4.83"
"DGS30","2025-02-03","4.77"
"DGS30","2025-02-04","4.75"
"DGS30","2025-02-05","4.64"
"DGS30","2025-02-06","4.65"
"DGS30","2025-02-07","4.69"
"DGS30","2025-02-10","4.71"
"DGS30","2025-02-11","4.75"
"DGS30","2025-02-12","4.83"
"DGS30","2025-02-13","4.72"
"DGS30","2025-02-14","4.69"
"DGS30","2025-02-17","."
"DGS30","2025-02-18","4.77"
"DGS30","2025-02-19","4.76"
"DGS30","2025-02-20","4.74"
"DGS30","2025-02-21","4.67"
"DGS30","2025-02-24","4.66"
"DGS30","2025-02-25","4.55"
"DGS30","2025-02-26","4.51"
"DGS30","2025-02-27","4.56"
"DGS30","2025-02-28","4.51"
"DGS30","2025-03-03","4.45"
"DGS30","2025-03-04","4.53"
"DGS30","2025-03-05","4.57"
"DGS30","2025-03-06","4.58"
"DGS30","2025-03-07","4.62"
"DGS30","2025-03-10","4.54"
"DGS30","2025-03-11","4.59"
"DGS30","2025-03-12","4.63"
"DGS30","2025-03-13","4.59"
"DGS30","2025-03-14","4.62"
"DGS30","2025-03-17","4.6"
"DGS30","2025-03-18","4.58"
"DGS30","2025-03-19","4.56"
"DGS30","2025-03-20","4.55"
"DGS30","2025-03-21","4.59"
"DGS30","2025-03-24","4.66"
"DGS30","2025-03-25","4.65"
"DGS30","2025-03-26","4.69"
"DGS30","2025-03-27","4.73"
"DGS30","2025-03-28","4.64"
"DGS30","2025-03-31","4.59"
"DGS30","2025-04-01","4.52"
"DGS30","2025-04-02","4.54"
"DGS30","2025-04-03","4.49"
"DGS30","2025-04-04","4.41"
"DGS30","2025-04-07","4.58"
"DGS30","2025-04-08","4.71"
"DGS30","2025-04-09","4.72"
"DGS30","2025-04-10","4.86"
"DGS30","2025-04-11","4.85"
"DGS30","2025-04-14","4.8"
"DGS30","2025-04-15","4.79"
"DGS30","2025-04-16","4.74"
"DGS30","2025-04-17","4.8"
"DGS30","2025-04-18","."
"DGS30","2025-04-21","4.91"
"DGS30","2025-04-22","4.88"
"DGS30","2025-04-23","4.83"
"DGS30","2025-04-24","4.77"
"DGS30","2025-04-25","4.74"
"DGS30","2025-04-28","4.69"
"DGS30","2025-04-29","4.64"
"DGS30","2025-04-30","4.66"
"DGS30","2025-05-01","4.74"
"DGS30","2025-05-02","4.79"
"DGS30","2025-05-05","4.83"
"DGS30","2025-05-06","4.81"
"DGS30","2025-05-07","4.77"
"DGS30","2025-05-08","4.83"
"DGS30","2025-05-09","4.83"
"DGS30","2025-05-12","4.89"
"DGS30","2025-05-13","4.94"
"DGS30","2025-05-14","4.97"
"DGS30","2025-05-15","4.91"
"DGS30","2025-05-16","4.89"
"DGS30","2025-05-19","4.92"
"DGS30","2025-05-20","4.96"
"DGS30","2025-05-21","5.08"
"DGS30","2025-05-22","5.05"
"DGS30","2025-05-23","5.04"
"DGS30","2025-05-26","."
"DGS30","2025-05-27","4.94"
"DGS30","2025-05-28","4.97"
"DGS30","2025-05-29","4.92"
"DGS30","2025-05-30","4.92"
"DGS30","2025-06-02","4.99"
"DGS30","2025-06-03","4.98"
"DGS30","2025-06-04","4.89"
"DGS30","2025-06-05","4.88"
"DGS30","2025-06-06","4.97"
"DGS30","2025-06-09","4.95"
"DGS30","2025-06-10","4.93"
"DGS30","2025-06-11","4.91"
"DGS30","2025-06-12","4.84"
"DGS30","2025-06-13","4.9"
"DGS30","2025-06-16","4.96"
"DGS30","2025-06-17","4.88"
"DGS30","2025-06-18","4.88"
"DGS30","2025-06-19","."
"DGS30","2025-06-20","4.89"
"DGS30","2025-06-23","4.87"
"DGS30","2025-06-24","4.83"
"DGS30","2025-06-25","4.83"
"DGS30","2025-06-26","4.81"
"DGS30","2025-06-27","4.85"
"DGS30","2025-06-30","4.78"
"DGS30","2025-07-01","4.78"
"DGS30","2025-07-02","4.82"
"DGS30","2025-07-03","4.86"
"DGS30","2025-07-04","."
"DGS30","2025-07-07","4.92"
"DGS30","2025-07-08","4.94"
"DGS30","2025-07-09","4.87"
"DGS30","2025-07-10","4.86"
"DGS30","2025-07-11","4.96"
"DGS30","2025-07-14","4.97"
"DGS30","2025-07-15","5.01"
"DGS30","2025-07-16","5.01"
"DGS30","2025-07-17","5.01"
"DGS30","2025-07-18","5.0"
"DGS30","2025-07-21","4.94"
"DGS30","2025-07-22","4.9"
"DGS30","2025-07-23","4.95"
"DGS30","2025-07-24","4.96"
"DGS30","2025-07-25","4.92"
"DGS30","2025-07-28","4.96"
"DGS30","2025-07-29","4.86"
"DGS30","2025-07-30","4.89"
"DGS30","2025-07-31","4.89"
"DGS30","2025-08-01","4.81"
"DGS30","2025-08-04","4.8"
"DGS30","2025-08-05","4.78"
"DGS30","2025-08-06","4.81"
"DGS30","2025-08-07","4.81"
"DGS30","2025-08-08","4.85"
"DGS30","2025-08-11","4.84"
"DGS30","2025-08-12","4.88"
"DGS30","2025-08-13","4.83"
"DGS30","2025-08-14","4.88"
"DGS30","2025-08-15","4.92"
"DGS30","2025-08-18","4.94"
"DGS30","2025-08-19","4.9"
"DGS30","2025-08-20","4.89"
"DGS30","2025-08-21","4.92"
"DGS30","2025-08-22","4.88"
"DGS30","2025-08-25","4.89"
"DGS30","2025-08-26","4.9"
"DGS30","2025-08-27","4.91"
"DGS30","2025-08-28","4.88"
"DGS30","2025-08-29","4.92"
"DGS30","2025-09-01","."
"DGS30","2025-09-02","4.97"
"DGS30","2025-09-03","4.9"
"DGS30","2025-09-04","4.86"
"DGS30","2025-09-05","4.78"
"DGS30","2025-09-08","4.69"
"DGS30","2025-09-09","4.72"
"DGS30","2025-09-10","4.69"
"DGS30","2025-09-11","4.65"
"DGS30","2025-09-12","4.68"
"DGS30","2025-09-15","4.66"
"DGS30","2025-09-16","4.65"
"DGS30","2025-09-17","4.66"
"DGS30","2025-09-18","4.72"
"DGS30","2025-09-19","4.75"
"DGS30","2025-09-22","4.77"
"DGS30","2025-09-23","4.73"
"DGS30","2025-09-24","4.76"
"DGS30","2025-09-25","4.75"
"DGS30","2025-09-26","4.77"
"DGS30","2025-09-29","4.71"
"DGS30","2025-09-30","4.73"
"DGS30","2025-10-01","4.72"
"DGS30","2025-10-02","4.69"
"DGS30","2025-10-03","4.71"
"DGS30","2025-10-06","4.76"
"DGS30","2025-10-07","4.73"
"DGS30","2025-10-08","4.72"
"DGS30","2025-10-09","4.72"
"DGS30","2025-10-10","4.63"
"DGS30","2025-10-13","."
"DGS30","2025-10-14","4.62"
"DGS30","2025-10-15","4.64"
"DGS30","2025-10-16","4.58"
"DGS30","2025-10-17","4.6"
"DGS30","2025-10-20","4.58"
"DGS30","2025-10-21","4.55"
"DGS30","2025-10-22","4.54"
"DGS30","2025-10-23","4.58"
"DGS30","2025-10-24","4.59"
"DGS30","2025-10-27","4.57"
"DGS30","2025-10-28","4.55"
"DGS30","2025-10-29","4.61"
"DGS30","2025-10-30","4.65"
"DGS30","2025-10-31","4.67"
"DGS30","2025-11-03","4.69"
"DGS30","2025-11-04","4.67"
"DGS30","2025-11-05","4.74"
"DGS30","2025-11-06","4.69"
"DGS30","2025-11-07","4.7"
"DGS30","2025-11-10","4.71"
"DGS30","2025-11-11","."
"DGS30","2025-11-12","4.67"
"DGS30","2025-11-13","4.7"
"DGS30","2025-11-14","4.74"
"DGS30","2025-11-17","4.73"
"DGS30","2025-11-18","4.74"
"DGS30","2025-11-19","4.75"
"DGS30","2025-11-20","4.73"
"DGS30","2025-11-21","4.71"
"DGS30","2025-11-24","4.68"
"DGS30","2025-11-25","4.67"
"DGS30","2025-11-26","4.64"
"DGS30","2025-11-27","."
"DGS30","2025-11-28","4.67"
"DGS30","2025-12-01","4.74"
"DGS30","2025-12-02","4.74"
"DGS30","2025-12-03","4.73"
"DGS30","2025-12-04","4.76"
"DGS30","2025-12-05","4.79"
"DGS30","2025-12-08","4.81"
"DGS30","2025-12-09","4.8"
"DGS30","2025-12-10","4.78"
"DGS30","2025-12-11","4.79"
"DGS30","2025-12-12","4.85"
"DGS30","2025-12-15","4.84"
"DGS30","2025-12-16","4.82"
"DGS30","2025-12-17","4.83"
"DGS30","2025-12-18","4.8"
"DGS30","2025-12-19","4.82"
"DGS30","2025-12-22","4.84"
"DGS30","2025-12-23","4.83"
"DGS30","2025-12-24","4.79"
"DGS30","2025-12-25","."
"DGS30","2025-12-26","4.81"
"DGS30","2025-12-29","4.8"
"DGS30","2025-12-30","4.81"
"DGS30","2025-12-31","4.84"
